identity,question,a ,b,c,d,correct _answer
hsc-advanced_physics-12-1,question,9:04,4:09,25:01:00,1:25,a
hsc-advanced_physics-12-2,མཐུད་སྦྲེལ་འབྱུང་ཁུངས་གཉིས་ཆ་རའི་ཁྱབ་ཚད་དེ་ ༣:༢ ལུ་བརྒལ་མེདཔ་ཨིན། ཌེང་གི་གི་ཤུགས་ཚད་དེ་ག་དེམ་ཅིག་ཡོདཔ་ཨིན་ན?,1.62 \times 10^{10}_{1} Wbm^{-2} འདི་ཡང་ ཌའི་ལོག་ནང་ལུ་,1.8 \times 10^{7} Wbm^{-2} འདི་ཡང་ ཌའི་ལོག་ནང་ལུ་,1.8 \times 10^{-7} Wbm^{-2} འདི་ཡང་ ཌའི་ལོག་ནང་ལུ་,1.62 \times 10^{-10} Wbm^{-2} འདི་ཡང་ ཌའི་ལོག་ནང་ལུ་,c
hsc-advanced_physics-12-3,གློག་མེའི་གློག་ཤུགས་ཀྱི་ཁྱབ་ཚད་དེ་ 54 Vm^{-1} ཨིནམ་ལས་ གློག་མེའི་གློག་ཤུགས་ཀྱི་ཁྱབ་ཚད་འདི་ག་དེམ་ཅིག་འོང་ནི་སྨོ་,༡༣༨ ཀ,ཀི་ལོ་མི་ཊར་༢༠༧,ཀི་ལོ་མི་ཊར་ ༥༧༥,༨༦༣ ཀ,c
hsc-advanced_physics-12-5,,i དང་ ii,i དང་ iii,ii དང་ iii,"i, ii དང་ iii ཚུ་ཨིན།",d
hsc-advanced_physics-12-6,འཕྲུལ་ཆས་འདི་ ནུས་ཤུགས་བརྒྱ་ཆ་༦༠ བཟོ་ཚུགས་པ་ཅིན་ མཁོ་མངགས་འབད་མི་གི་ མེ་རླུང་གི་དྲོད་ཚད་འདི་ བརྟག་ཞིབ་འབད་དགོཔ་ཨིན།,གློག་རིག་གི་རྦ་རླབས་,མེ་རླུང་རྒྱ་རྫི་,མཐོང་མ་བཏུབ་པའི་གློག་ཐག་ར་བ་,ཕྲ་འོད་འདི་ ཕྲ་འོད་ཨིན་ཝཱལ་ཝཱལ་ཨིན་ཝཱལ་ཨིན་མས།,d
hsc-advanced_physics-12-7,i. གློག་ཤུགས་འབྱུང་སའི་གནས་ཚད་འདི་ ཀི་ལོ་མི་ཊར་༨༦༢.༥ ལུ་འགྱུར་འོང་།,5.67,2.17,0.46,0.18,a
hsc-advanced_physics-12-8,༢། གློག་ཐག་ར་བ་འདི་ ༢༨༧.༥ Kལུ་ཡར་འཕར་འགྱོ་འོང་།,མཐུད་སྦྲེལ་འབད་ཚུགསཔ་,སྐྱེལ་འདྲེན་འབད་,སྣུམ་འཁོར་ཕྱེད་གནས་,ནང་ཐིག་,b
hsc-advanced_physics-12-9,གསུམ་པ་ གློག་ཤུགས་ཀྱི་དྲོད་ཚད་འདི་ ཀི་ལོ་ཇི་ ༢༨༧.༥ ལུ་མར་བབས་འགྱོ་འོང་།,"Si, As, C འདི་ཚུ་ཨིན།",གིསི་ ཨེལ་,"Ge, Si, Al འདི་ཚུ་",གི ས ་ སི ་ ཀ ་,d
hsc-advanced_physics-12-10,འོག་ལུ་ཡོད་མི་ལས་ ག་འདི་བདེན་པ་ཨིན་ན་ཟེར་བ་ཅིན་,རིང་ཚད་འདི་ མར་བབས་འགྱོ་དོ་ཡོདཔ་ཨིན།,ལྗིད་ཚད་མར་བབས་འགྱོ་དོ་ཡོདཔ་ཨིན།,རིང་ཚད་ཡར་སེང་འགྱོ་དོ་ཡོདཔ་ཨིན།,དུས་ཚོད་འདི་ མགྱོགས་དྲགས་སྦེ་རང་གངམ་འགྱོ་དོ་ཡོདཔ་ཨིན།,a
hsc-advanced_physics-12-14,ཕྲང་ཕྲང་འདི་ ཕྲང་ཕྲང་སྦེ་མཐུད་པ་ཅིན་ ཕྲང་ཕྲང་གི་འཕར་ཚད་འདི་ I_{p} = ?,\frac{E}{R}ལུ་ བསྒྱུར་བཅོས་འབདཝ་ཨིན།,\frac{nE}{R}ལུ་ བསྒྱུར་བཅོས་འབདཝ་ཨིན།,\frac{E}{nR}ལུ་ བསྒྱུར་བཅོས་འབདཝ་ཨིན།,n \left (\frac{E}{r} \right) འདི་ སྦ་སྒོར་གྱི་མཐའ་མ་ལུ་ཡོདཔ་ཨིན།,a
hsc-advanced_physics-12-15,ཕྲང་སྒྲིག་གི་བེ་ཊར་འདི་ ག་བཟུམ་ཅིག་ཡོདཔ་ཨིན་ན?,Jsm^{-2}ལུ་ བསྒྱུར་བཅོས་འབདཝ་ཨིན།,Js^{2}m^{-2}ལུ་ བསྒྱུར་བཅོས་འབདཝ་ཨིན།,Js^{-1}m^{-2}ལུ་ བསྒྱུར་གཏང་ནུག,Js^{-1}m^{2}ལུ་ བསྒྱུར་བཅོས་འབདཝ་ཨིན།,c
hsc-advanced_physics-12-16,35 \Omega ཚད་འཛིན་འབད་མི་ galvanometer ལུ་ ཚོན་ཚད་ག་དེམ་ཅིག་བསྡོམས་པ་ཅིན་ ཧེ་མ་གི་ཚད་འཛིན་འབད་མི་ལས་ 8 ཚུན་གྱི་གློག་ཤུགས་ཚད་འཇལ་ཚུགས་ག?,0.2 ཨོ་མེ་ག་,0.24 \Omega ཨིན་པུཊི་,༥.༠ ཨོ་མེ་ག་,ཨོ་མེ་ག་ ༢༡༠,c
hsc-advanced_physics-12-17,སྣུམ་འཁོར་དཔག་མེད་ཀྱི་རིང་ཚད་འདི་ 80 m དང་ ཕྲང་ལམ་གྱི་རིང་ཚད་འདི་ 100 m ཨིན་པས། ལྕང་ཟམ་དེ་ ཕྲང་ལམ་དེ་ནང་ལས་ཕར་ མགྱོགས་དྲགས་སྦེ་འགྱོཝ་ད་ ལྕང་ཟམ་དང་ ལྕང་ཟམ་གཉིས་ཆ་ར་ དབྱེ་ཁག་གཅིག་སྦེ་ མཐོང་ཚུགས་ནུག། སྣུམ་འཁོར་འདི་ག་དེམ་ཅིག་མགྱོགས་ཡོདཔ་ཨིན་ན?,\sqrt{5} c འདི་ཡང་,\frac{5}{3}c འདི་ཡང་ སྦྲེལ་རྟགས་ཨིན་,\frac{3}{5}c འདི་ཡང་,\frac{c}{\sqrt{5}} འདི་ཡང་ ཌེཀསི་ཊོཔ་གི་མིང་ཨིན།,c
hsc-advanced_physics-12-18,ཚད་ལྡན་སྣུམ་ཅིག་ལུ་ མཚོན་ཤུགས་དང་དྲོད་ཚད་ཀྱི་བར་ན་ འབྲེལ་ལམ་འདི་ ཚད་ལྡན་སྣུམ་ཅིག་ལུ་ མཚོན་ཤུགས་དང་དྲོད་ཚད་ཀྱི་བར་ན་ འབྲེལ་ལམ་འདི་ཨིན།,TP \frac{1 - \gamma}{\gamma} = འཕྲོ་མཐུད་འབད་,PT \frac{1 - \gamma}{\gamma} = འཕྲོ་མཐུད་འབད་རང་ཡོདཔ་ཨིན།,TP \frac{\gamma}{1 - \gamma} = འཕྲོ་མཐུད་འབད་རང་ཡོདཔ་ཨིན།,PT \frac{\gamma}{1 - \gamma} = འཕྲོ་མཐུད་འབད་རང་ཡོདཔ་ཨིན།,a
hsc-advanced_physics-12-19,མཚམས་འཇོག་འབད་མ་ཚུགས་པའི་ མེ་རླུང་རྒྱ་རྫི་ཚུ་ནང་ མེ་རླུང་རྒྱ་རྫི་ཚུ་བཙུགསཔ་ད་ མེ་རླུང་རྒྱ་རྫི་ཚུ་ནང་ མེ་རླུང་རྒྱ་རྫི་ཚུ་བཙུགསཔ་ཨིན། དེ་སྦེ་འབད་བ་ཅིན་ ག་ཅི་འབྱུང་ནི་ཨིན་ན?,ནང་འཁོད་ལུ་ཡོད་པའི་ཤུགས་འདི་ བསྒྱུར་བཅོས་འགྱོ་མི་ཚུགས།,དྲོད་ཚད་མར་བབས་འགྱོ་འོང་།,ཁྲག་ཤུགས་ལུ་ བསྒྱུར་བཅོས་ག་ནི་ཡང་མི་འོང་།,རྒྱགས་སྐལ་ཚུ་ བསྒྱུར་བཅོས་འགྱོ་ནི་ཨིན་མས།,b
hsc-advanced_physics-12-20,98.6\degree F གི་ཚ་དྲོད་ཤུགས་ལྡན་གྱི་ཚ་དྲོད་འདི་ག་དེམ་ཅིག་ཡོདཔ་ཨིན་ན?,310.16 ཀི་ལོ་མི་ཊར་,ཀི་ལོ་མི་ཊར་༣༤༥.༡༦,ཀི་ལོ་མི་ཊར་༣༩.༡༦,ཀི་ལོ་མི་ཊར་༤༠༨.༡༦,a
hsc-advanced_physics-12-21,འ་ནི་ལས་ཀ་འདི་གིས་ ཌེཀསི་ཊོཔ་ ཨི་རག་ལུ་ ཁ་སླབ་མི་ཚུ་ལུ་ཕན་ཐོགས་འོང་།,i དང་ ii,i དང་ iii,ii དང་ iii,"i, ii དང་ iii ཚུ་ཨིན།",d
hsc-advanced_physics-12-22,i. དངོས་པོ་ཅིག་གིས་ རྡུལ་དང་ཆུ་ དེ་ལས་ མེ་རླུང་གི་དབྱིབས་ཚུ་ གཅིག་ཁར་བསྡོམས་ཏེ་ཡོད་པའི་དྲོད་ཚད་དེ་ དངོས་པོ་གི་བར་མཚམས་ཀྱི་གནས་ཚད་ཨིན་ཟེར་སླབ་ཨིན།,1.4,2.6,5.2,7.8,b
hsc-advanced_physics-12-23,༢། ཚད་འཛིན་གྱི་གནས་ཚད་ལུ་འགྱུར་བའི་འགྱུར་བ་དེ་ ཚ་དྲོད་ཡར་འཕར་གྱི་རིམ་པ་ ཟེར་སླབ་ཨིན།,H = 0.24 V^{2} I t Cal ཨིན་པས།,H = 0.24 \frac{V^{2}}{R} t Cal,H = 0.24 IRt Cal,H = 0.24 P^{2}t Cal,b
hsc-advanced_physics-12-24,གསུམ་པ་ ཐབས་ལམ་ཅིག་ནང་ལུ་ ནུས་ཤུགས་བསྒྱུར་བཅོས་འབད་མ་ཚུགས་པའི་ནུས་ཤུགས་ ཡང་ན་ ནུས་ཤུགས་བསྒྱུར་བཅོས་འབད་ནི་གི་ནུས་ཤུགས་མེད་མི་ལུ་ ཨེན་ཏོརཔི་ཟེར་སླབ་ཨིན།,i དང་ ii,i དང་ iii,ii དང་ iii,"i, ii དང་ iii ཚུ་ཨིན།",a
hsc-advanced_physics-12-25,འོག་ལུ་ཡོད་མི་ལས་ ག་འདི་བདེན་པ་ཨིན་ན་ཟེར་བ་ཅིན་,ལོག་འགྱོ་ནིའི་ལམ་ལུགས་,ནམ་ཡང་ལོག་སྟེ་འོང་ནི་མེད་པའི་ བྱ་རིམ་ཨིན།,རླུང་འཚུབས་ཀྱི་རིམ་པ་,སྦྲེལ་མཐུད་འབད་ཐངས་,b
hsc-advanced_physics-12-26,མཚམས་འཇོག་འབད་ཡོད་པའི་འཕར་ཤུགས་འདི་ 1 atm ལུ་བཞག་ཞིནམ་ལས་ བརྒྱ་ཆ་གཉིས་སྦེ་ཡར་འཕར་གཏང་པ་ཅིན་ མཚམས་འཇོག་འབད་ཡོད་པའི་འཕར་ཤུགས་འདི་རང་ འཐོབ་ཚུགས་པའི་དོན་ལུ་ མཚམས་འཇོག་འབད་ཡོད་པའི་འཕར་ཤུགས་འདི་ ཚར་ག་དེ་ཅིག་ཡར་འཕར་གཏང་ནི་ཨིན་ན?,དང་པ་རང་ གློག་ཤུགས་ཀྱི་ཤུགས་འདི་ ཝཱོལ་ཊི་མི་ཊར་ནང་ལུ་ བལྟ་ཚུགསཔ་ཨིན།,དེ་ལས་གཉིས་པ་གི་ནང་དོན་འདི་ གློག་ཤུགས་ཤུགས་ཅན་འདི་ཨིན།,གནད་དོན་དང་པ་འདི་ལུ་བལྟ་བ་ཅིན་ སློབ་སྦྱོང་འདི་ ཁྱད་པར་ཅན་ཅིག་ཨིན་མས།,སྦྱོང་ཚན་གཉིས་པ་དེ་གིས་ སྦྱོང་ཚན་དང་པ་དེ་ལས་ལྷག་པའི་ སྦྱོང་ཚན་མང་ཤོས་ཅིག་ སྟོན་བྱིན་ནུག,a
hsc-advanced_physics-12-27,གློག་ཤུགས་ཀྱིས་དྲོད་ཚད་ག་དེ་ཅིག་ བཟོ་ཚུགས་ག་ཟེར་བའི་རྩིས་གཞི་འདི་ག་འདི་ཨིནམ།,B = B_{0} sin\frac{2\pi}{\lambda} (ct - x),B = B_{0} sin 2\pi (ct - x) འདི་ཡང་ སྦྲེལ་རྟགས་འདི་ཨིན།,B = B_{0} sin\frac{2\pi}{\lambda} (x - ct) ཨིན་པ་ཅིན་,B = B_{0} sin 2\pi (x - ct) འདི་ཡང་ ཕྲང་ཕྲང་ཨིན་,a
hsc-advanced_physics-12-29,གནམ་གྲུ་ནང་ A གི་ལྗིད་ཚད་ག་དེམ་ཅིག་ཡོདཔ་འོང་ནི་སྨོ་,གློག་ཤུགས་,ནུས་ཤུགས་,ཟུར་གྱི་ཤུགས་,སྦ་གསང་,c
hsc-advanced_physics-12-30,p-n ཟུར་ཐིག་གི་ས་སྒོ་ཚུ་ནང་ དབྱེ་སེལ་གྱི་ཐིག་ཁྲམ་འདི་ འབྱུང་ནི་འདི་གིས་ཨིན།,ཀི་ལོ་གྷ་༩༠,ཀེ་ཇི་ ༡༠༠,kg ༡༡༠,ཀེ་ཇི་༡༢༠,b
hsc-advanced_physics-12-31,གློག་ཐག་གི་རྒྱུད་ལམ་ནང་ལུ་ གློག་མེའི་ཤུགས་ཀྱིས་བྱུང་མི་ཚ་དྲོད་འདི་ H ཨིན།,གནོད་སྐྱོན་རྐྱབ་མི་ ཨའི་ཨོན་,བརྒྱུད་ལམ་གྱི་ཁྱབ་ཚད་,གློག་ཤུགས་འདི་ གློག་རིག་གི་གློག་ཤུགས་ཨིན།,ལྕགས་ཀྱུའི་ཤུགས་ཚད་,b
hsc-advanced_physics-12-32,i. H \propto I^{2} འདི་ཡང་ ཀེར་ཐིག་ ༡ ནང་ལུ་ཨིན་,i དང་ ii,i དང་ iii,ii དང་ iii,"i, ii དང་ iii ཚུ་ཨིན།",d
hsc-advanced_physics-12-33,༢། H \propto t འདི་ཡང་,\frac{\lambda}{2}གི་ མཉམ་པའི་གྱངས་ཁ་ཨིན།,\frac{\lambda}{2}གི་ཆ་བགྲངས་ཚུ་,\lambdaགི་ མཉམ་པའི་གྱངས་ཁ་,\lambdaགི་ཆ་བརྒལ་མེད་པའི་གྱངས་ཁ་,a
hsc-advanced_physics-12-34,གསུམ་པ་ H \propto R འདི་,སྣུམ་ཕྲ་རིང་གི་རྣམ་གཞག་,མདའ་རྦ་རླབས་ཀྱི་རྣམ་གཞག་,ཚད་ལྡན་རྣམ་གཞག་,གློག་ཤུགས་གློག་རྫས་ཀྱི་རྣམ་གཞག་,c
hsc-advanced_physics-12-35,འོག་ལུ་ཡོད་མི་ལས་ ག་འདི་བདེན་པ་ཨིན་ན་ཟེར་བ་ཅིན་,i དང་ ii,i དང་ iii,ii དང་ iii,"i, ii དང་ iii ཚུ་ཨིན།",a
hsc-advanced_physics-12-36,བཟོ་བཀོད་ཅན་གྱི་སྤྱོད་ལམ་གྱི་ཐད་ལུ་ ས་ཁར་ཐིམ་པའི་རྦ་རླབས་ཀྱི་ལམ་དེ་ དབྱེ་བ་ཕྱེ་ནི་ཨིན་མས།,༢༡.༥༩ JK^{-1} འདི་ཨིན།,༢༤.༠༢ JK^{-༡},༤༠.༢༠ JK^{-1},46-20 JK^{-1} འདི་ཡང་,a
hsc-advanced_physics-12-37,ཀམ་པཱཊོན་གི་ལཱ་འདི་ གྲུབ་མཐའ་ག་ཏེ་ལུ་ གཞི་བཙུགས་འབད་ནི་ཨིན་ན?,NK^{-1} འདི་ཡང་,JK^{-1} འདི་ཡང་,JK^{-1} mol^{-1} འདི་ ཀྲོང་གསར་ལུ་ཡོད་པའི་,སྐརམ་གཅིག་ལས་བརྒལ་མེདཔ་,b
hsc-advanced_physics-12-39,i. འབྲི་ཤོག་གི་སྒྲོམ་,༡༠༠༠ J,༡༥༠༠ J,༢༠༠༠ ལུ་,༦༠༠༠ J,d
hsc-advanced_physics-12-40,༢། ཁྲག་ཤུགས་ཚད་འཇལ་མི་,སྦ་སྒོར་ནང་ལུ་ ཚད་འཛིན་སྦོམ་སྦེ་རང་ཡོདཔ་ཨིན།,འདྲ་མཉམ་ནང་ལུ་ མཉམ་སྦྲེལ་འབད་ཡོད་པའི་གནས་ཚད་དམའ་བའི་བཀག་ཐབས་,དབྱེ་ཁག་ནང་ ཚུལ་མིན་གྱི་བཀག་ཐབས་,ཚད་འཛིན་འབད་ཡོད་པའི་ ཚད་འཛིན་སྦོམ་ཡོདཔ་ཨིན།,b
hsc-advanced_physics-12-41,གསུམ་པ་ མི་ཊར་བིརི་ཇི་,ག་ལེ་བ་ནོ་མི་ཊར་,ཁྲག་ཤུགས་ཚད་འཇལ་མི་,མཚམས་འཇོག་འབད་ཡོད་པའི་ས་སྒོ་ཚུ་,ཝཱོལ་ཊི་མི་ཊར་,b
hsc-advanced_physics-12-42,འོག་ལུ་ཡོད་མི་ལས་ ག་འདི་བདེན་པ་ཨིན་ན་ཟེར་བ་ཅིན་,1.67,1.41,1.33,༠ ཨིན་པས།,a
hsc-advanced_physics-12-44,i. I_{C} = I_{E} - I_{B} ཚུ་དང་འདྲཝ་ཨིན།,\frac{\pi}{2} འདི་ཡང་ ཌའི་ལོག་གི་ཨང་གྲངས་ཨིན།,\frac{\pi}{4}ལུ་ བསྒྱུར་བཅོས་འབདཝ་ཨིན།,\frac{\pi}{6}ལུ་ བསྒྱུར་བཅོས་འབདཝ་ཨིན།,\frac{\pi}{8}ལུ་ བསྒྱུར་བཅོས་འབདཝ་ཨིན།,b
hsc-advanced_physics-12-45,ii. \beta = \frac{\alpha}{1 - \alpha} དེ་ ཨེགསི་གི་ཨང་དང་པེ་ཊ་དང་ ཨེགསི་གི་ཨང་གཉིས་པ་ཨིནམ་དང་ འདི་ཡང་ ཨེགསི་གི་ཨང་དང་པེ་ཊ་དང་ ཨེགསི་གི་ཨང་གཉིས་པ་ཨིནམ་ཨིན།,8.85 \times 10^{-12} C^{2} N^{-1} m^{-2} འདི་ཡང་ ཀྲོང་གསར་ལུ་ཡོད་པའི་ ཀྲོང་གསར་ལུ་ཡོད་པའི་ ཀྲོང་གསར་ལུ་ཡོདཔ་ཨིན།,9 \times 10^{9} Nm^{2} C^{-2} འདི་ཡང་ ནུས་ཤུགས་ཀྱི་རིམ་པ་ཨིན།,4\pi \times 10^{-7} TmA^{-1} འདི་ཡང་ སྦྲེལ་རྟགས་ཨིན་,3 \times 10^{8} ms^{-1} འདི་ཡང་ སྦྲེལ་མཐུད་འབད་བཏུབ་ཨིན།,d
hsc-advanced_physics-12-46,iii. \alpha = \frac{\beta}{1 + \beta} འདི་ཡང་ ཌའི་ལོག་ནང་ལུ་ཨིན་,i དང་ ii,ii དང་ iii,i དང་ iii,"i, ii དང་ iii ཚུ་ཨིན།",c
hsc-advanced_physics-12-47,འོག་ལུ་ཡོད་མི་ལས་ ག་འདི་བདེན་པ་ཨིན་ན་ཟེར་བ་ཅིན་,ཕྲ་འོད་འདི་ UV rays ནང་ལུ་མཐོང་ཚུགསཔ་ཨིན།,མཐོང་མ་བཏུབ་པའི་གློག་ཐག་ར་བ་,X-rays,ག་མ་གློག་ཤུགས་,b
hsc-advanced_physics-12-48,ཝང་གི་དབར་གྱི་ས་སྒོ་འདི་ \frac{\lambda}{8}ཨིན་པ་ཅིན་ དབྱེ་འདི་ག་དེམ་ཅིག་འོང་ནི་སྨོ་,ལྕགས་ཤོག་,ཀེལ་ཝིན་,ཀལསི་ཨུས་,ཀཱར་ནོ་,d
hsc-advanced_physics-12-49,\epsilon_{0} \mu_{0}^{-\frac{1}{2}} གི་གནས་གོང་དེ་ག་དེམ་ཅིག་ཡོདཔ་ཨིན་ན?,i དང་ ii,ii དང་ iii,i དང་ iii,"i, ii དང་ iii ཚུ་ཨིན།",a
hsc-advanced_physics-12-51,P-N སྦྲེལ་མཐུད་ཀྱི་ གྱང་རྩིག་འདི་ ཕྱོགས་གཞན་ཁ་ཐུག་ལུ་འགྱོ་དོ་ཡོདཔ་ཨིན།,མར་བབས་འགྱོ་དོ་ཡོདཔ་ཨིན།,ཡར་འཕར་འགྱོཝ་ཨིན།,དེ་ཚུ་འགྱུར་བ་མེད་པར་རང་སྡོད་འོང་།,མེདཔ་ཐལ་ནུག,b
hsc-advanced_physics-12-52,OR-gate འདི་ Boolean algebra གི་ལས་འགན་ག་བཟུམ་ཅིག་ཨིན་ན།,ལྡོག་ཕྱོགས་,སྤུས་ཚད་,ཡོ་ག,མར་ཕབ་འབད།,c
hsc-advanced_physics-12-53,འོག་གི་བཀོད་རྒྱ་ཚུ་གི་གྲས་ལས་ ག་འདི་ ཧའི་གེན་སི་གི་རྦ་རླབས་ཀྱི་རྣམ་གཞག་གིས་ འགྲེལ་བཤད་རྐྱབ་མི་ཚུགས་?,དྲན་སྣང་།,བཏོན་གཏང་,བསྒྱུར་བཅོས་འབདཝ་ཨིན།,སྦྲེལ་མཐུད་འབད་,d
hsc-advanced_physics-12-54,འོད་དངས་ཀྱི་ས་སྒོ་གཉིས་ཀྱི་བར་ནའི་ ཁྱད་པར་འདི་ \frac{lambda}{4}ཨིན་པ་ཅིན་ དབྱེ་འདི་ག་དེམ་ཅིག་ལུ་ཁྱད་པར་འོང་ནི་ཨིན་ན?,\pi,\frac{\pi}{2} འདི་ཡང་ ཌའི་ལོག་གི་ཨང་གྲངས་ཨིན།,\frac{\pi}{4}ལུ་ བསྒྱུར་བཅོས་འབདཝ་ཨིན།,\frac{\pi}{8}ལུ་ བསྒྱུར་བཅོས་འབདཝ་ཨིན།,b
hsc-advanced_physics-12-55,entropy ཆུང་ཤོས་འདི་གནས་སྟངས་ག་ལུ་ཡོདཔ་ཨིན་ན?,ལཱ་ཁག་ཨིན་,སྣུམ་འཁོར་,གནམ་གཤིས་,པེརཱསི་མ་,a
hsc-advanced_physics-12-56,ཚ་དྲོད་ཤུགས་ལྡན་གྱི་ཐབས་ལམ་འདི་ ག་ལུ་ལག་ལེན་འཐབ་ནི་ཨིན་ན?,དྭངས་གསལ་བཟོ་ནི་,ཚད་མཉམ་,འདྲ་མཉམ་གྱི་,རླུང་མ་དྲོད་ཅན་,b
hsc-advanced_physics-12-57,སྐུད་པ་གཅིག་འདི་ དབྱེ་བ་གཉིས་སྦེ་ཕྱེ་བ་ཅིན་,ཚད་འཛིན་འབད་མ་ཚུགས་པའི་ ཤུགས་འདི་ མར་བབས་སོང་ནུག,འབྲེལ་བ་འཐབ་ནི་ལུ་ དོགས་པ་ཅན་ཚུ་ཡར་སེང་འགྱོ་དོ་ཡོདཔ་ཨིན།,གློག་ཤུགས་ཀྱི་དེད་གཡོགཔ་གི་ནུས་པ་ མར་བབས་སོང་ཡོདཔ་ཨིན།,དབྱེ་སེལ་གྱི་དབང་ཤུགས་འདི་ འདྲ་མཉམ་སྦེ་རང་སྡོད་འོང་།,d
hsc-advanced_physics-12-58,ཀི་ལོ་ཝཱཊ་ཆུ་ཚོད་གཅིག་ལུ་ ཇུལ་ག་དེ་ཅིག་ཡོདཔ་ཨིན་ན?,36 \times 10^{5} འདི་ལུ་ ཨང་གྲངས་ ༡༠ ལུ་ཡར་འཕར་འབདཝ་ཨིན།,36 \times 10^{6} འདི་ ༡༠ ལུ་ཡར་འཕར་འབདཝ་ཨིན།,36 \times 10^{3} འདི་ ༡ གི་གནས་གོང་ཨིན།,3600,a
hsc-advanced_physics-12-59,galvanometer གི་ཤུགས་ཚད་དེ་ ༡༠༠ \Omega ཨིནམ་དང་ འདི་དང་གཅིག་ཁར་ ཇི་ཨེན་ཊི་གི་ཤུགས་ཚད་འདི་ ༡༠༠ \Omega ཨིནམ་དང་ ཇི་ཨེན་ཊི་གི་ཤུགས་ཚད་འདི་ ༩༩% ཨིནམ་དང་ འདི་ཡང་ ཇི་ཨེན་ཊི་གི་ཤུགས་ཚད་འདི་ ༡༠༠ \Omega ཨིནམ་དང་ འདི་ཡང་ ཇི་ཨེན་ཊི་གི་ཤུགས་ཚད་འདི་ ༡༠༠ \Omega ཨིནམ་དང་ འདི་ཡང་ ཇི་ཨེན་ཊི་གི་ཤུགས་ཚད་འདི་ ༡༠༠ \Omega ཨིནམ་དང་ འདི་ཡང་ ཇི་ཨེན་ཊི་གི་ཤུགས་ཚད་འདི་ ༡༠༠ \Omega ཨིནམ་དང་ འདི་ཡང་ ཇི་ཨེན་ཊི་གི་ཤུགས་ཚད་འདི་ ༡༠༠ \Omega ཨིནམ་དང་ འདི་ཡང་ ཇི་ཨེན་ཊི་གི་ཤུགས་ཚད་འདི་ ༡༠༠ \Omega ཨིནམ་ཨིན།,ཨོ་མེ་ག་ ༢.༠༡,1.01 ཨོ་མེ་ག་,1.10 ཨོ་མེ་ག་,1.06 \Omega,b
hsc-advanced_physics-12-61,ཀཱར་ནོ་འཕྲུལ་ཆས་ཅིག་གིས་ 327°Cལུ་ གློག་ཤུགས་ཀྱིས་གང་མི་ལས་ 800 Jགི་དྲོད་ཤུགས་ལེན་ཏེ་ གློག་ཤུགས་ཀྱིས་གང་མི་ལས་ 127°Cལུ་ གློག་ཤུགས་ཀྱིས་གང་མི་ལུ་ གློག་ཤུགས་བྱིན་དོ་ཡོདཔ་ཨིན། དེ་ལས་ འཕྲུལ་ཆས་ཀྱི་དྲོད་ཚད་དེ་ ༢༢༧°C ལུ་ཡར་སེང་འབད་ཡོདཔ་ཨིན།,མཐོང་ཚུགས་པའི་གློག་ཤུགས་,གློག་རིག་གི་རྦ་རླབས་,མཐོང་མ་བཏུབ་པའི་གློག་ཐག་ར་བ་,ཕྲ་འོད་འདི་ ཕྲ་འོད་ཨིན་ཝཱལ་ཝཱལ་ཨིན་ཝཱལ་ཨིན་མས།,b
hsc-advanced_physics-12-62,,0,m_{0} འདི་ཚུ་,༢m_{0} འདི་ཚུ་,\infty,d
hsc-advanced_physics-12-63,"ཤུལ་ལས་ཀྱི་གནས་སྟངས་ནང་ རིག་རྩལ་འདི་ ཧེ་མ་གི་གནས་སྟངས་ནང་ཨིན།""",༢༥.༩༨ m,༢༦.༨༣ m,33.54 m,༤༤.༦༠ m,a
hsc-advanced_physics-12-64,ས་སྒོ་གཉིས་ཆ་རའི་བར་ནའི་ ཌེ་སི་གི་ཁྱད་པར་འདི་ ཝེ་ལནཊི་གཅིག་དང་ཅིག་ཁར་ཡོདཔ་ཨིན།,2,8,10,16,c
hsc-advanced_physics-12-65,ཁྱིམ་ཅིག་གི་ གློག་ཤུགས་མེ་ཊིག་ཊཱོན་ནང་ 15A-220V སྦེ་ཐོ་བཀོད་འབད་ཡོདཔ་ཨིན། འདི་ནང་ ཝཱཊ་༦༠གི་ གློག་ཤུགས་ག་དེམ་ཅིག་ ཉེན་སྲུང་ཅན་སྦེ་ ལག་ལེན་འཐབ་ཚུགས་ནི་ཨིན་ན?,10011,11001,10101,10001,b
hsc-advanced_physics-12-66,ས་གནས་ཀྱི་གནམ་གཤིས་གནས་སྟངས་འདི་ ག་བཟུམ་ཅིག་ལུ་འགྱུར་ཡོདཔ་ཨིན་ན?,ཨ་ལུམ་ནི་ཡཱན་,ག་ལི་ཡམ་,ཨར་སི་ནིག་,ཨིན་ཌིཡཱམ,c
hsc-advanced_physics-12-67,ལམ་ལུགས་ཁ་ཕྱེཝ་ཚུ་ནང་ ལམ་ལུགས་དང་ གནས་སྟངས་ཀྱི་བར་ན་ མཐུན་ལམ་ག་ཅི་ཡོདཔ་ཨིན་ན?,༢༥༠ J,༢༦༧ J,༥༠༠ J,༨༠༠ J,b
hsc-advanced_physics-12-69,i. ཟུར་གྱི་ལྗིད་ཚད་ ༠ ཨིན་པས།,༣་\frac{\pi}{2} འདི་ཡང་ ཌའི་ལོག་གི་ས་སྒོ་འདི་ཨིན།,\pi,\frac{\pi}{2} འདི་ཡང་ ཌའི་ལོག་གི་ཨང་གྲངས་ཨིན།,0,d
hsc-advanced_physics-12-70,༢། ནུས་ཤུགས་ h\upsilon,22,33,44,55,d
hsc-advanced_physics-12-71,གསུམ་པ་ མགྱོགས་ཚད་འདི་ ༣ \times ༡༠^{8} ms^{-1},རྒྱུན་འགྲུལ་ལེགས་ཤོམ་འབད་ཚུགསཔ་,ཟླཝ་ཕྱེད་བཟོ་མི་,མཐུད་སྦྲེལ་འབད་ཚུགསཔ་,དགོས་མཁོ་མེདཔ་,d
hsc-advanced_physics-12-72,འོག་ལུ་ཡོད་མི་ལས་ ག་འདི་བདེན་པ་ཨིན་ན་ཟེར་བ་ཅིན་,ལྗིད་ཚད་དང་ཤུགས་,གློག་ཤུགས་དང་ཤུགས་,ཤུགས་དང་རྡུལ་,ལྗིད་ཚད་དང་འཕར་ཤུགས་,c
hsc-advanced_physics-12-73,ཌི་བི་ཇིཊི་གི་ བརྟག་དཔྱད་ནང་ ཌི་བི་ཇིཊི་གི་རྦ་རླབས་གཉིས་ཐོནམ་ད་ ཌི་བི་ཇིཊི་གི་ས་སྒོ་ཚུ་ནང་ལུ་ སྐུད་པ་གནགཔོ་ཅིག་ཐོན་ནུག འ་ནི་ས་སྒོ་ནང་ལུ་ སྐུགས་ཚད་ཀྱི་ཁྱད་པར་ (n གི་ཨང་གྲངས་རྩིས་ཏེ་) འདི་ཚུ་ག་བཟུམ་ཅིག་ཨིན་ན?,i དང་ ii,i དང་ iii,ii དང་ iii,"i, ii དང་ iii ཚུ་ཨིན།",d
hsc-advanced_physics-12-74,བརྟག་དཔྱད་འབད་ཐངས་འདི་ ཝིན་ཌོ་གི་བེ་ལིགསི་གི་ནང་ལུ་ བེ་ལིགསི་དང་བེ་ལིགསི་གི་བར་ནའི་ས་སྒོ་འདི་ཕྱེད་སྦེ་དང་ བེ་ལིགསི་དང་བེ་ལིགསི་གི་བར་ནའི་ས་སྒོ་འདི་ ༣་སྦེ་ཡར་སེང་འབད་བ་ཅིན་ སྐུད་པ་གི་རྒྱ་ཚད་འདི་ ག་དེ་སྦེ་འགྱུར་ནི་ཨིན་ན?,C^{2}N^{-2}m^{-1} འདི་ཡང་ ཌའི་ལོག་གི་ཨང་གྲངས་ཨིན།,C^{2}N^{-1}m^{-1}ལུ་ བསྒྱུར་བཅོས་འབདཝ་ཨིན།,C^{2}N^{-1}m^{-2} འདི་ཡང་ ཀྲོང་གསར་ལུ་ཡོད་པའི་,གཅིག་སྒྲིལ་མེདཔ་,d
hsc-advanced_physics-12-76,i. ནུས་ཤུགས་ཀྱི་བྱུང་རྐྱེན་ཅིག་ཨིན་མས།,ms (ln T_{2} - ln T_{1}),ms (ln T_{1} - ln T_{2}),ms ln(T_{2} - T_{1}),ms ln(T_{1} - T_{2}),a
hsc-advanced_physics-12-77,༢། རང་གིས་རང་ལུ་བྱུང་ནུག,བསྒྱུར་བཅོས་འབད་མ་ཚུགས།,3,9,27,c
hsc-advanced_physics-12-78,གསུམ་པ་ རང་བཞིན་གྱི་རྡུལ་ཕྲན་གི་གྱངས་ཁ་ལུ་བརྟེན་ཨིན།,ཚད་ལྡན་བཀག་འཛིན་འདི་ འདྲ་མཉམ་ནང་ལུ་བཙུགས་དགོ།,ཚད་འཛིན་འབད་ནིའི་དབྱེ་ཁག་ནང་ལུ་ ཁ་སྐོང་རྐྱབས་དགོ།,ཚད་ལྡན་མེད་པའི་བཀག་ཐབས་ཚུ་ འདྲ་མཉམ་ནང་ལུ་བཙུགས་དགོ།,ཚད་འཛིན་འབད་མ་ཚུགས་པའི་ ཚད་འཛིན་འབད་ནིའི་དབྱེ་ཁག་ནང་ བཙུགས་དགོ།,c
hsc-advanced_physics-12-79,འོག་ལུ་ཡོད་མི་ལས་ ག་འདི་བདེན་པ་ཨིན་ན་ཟེར་བ་ཅིན་,༦༠༠ ཨོ་མེ་ག་,ཨོ་མེ་ག་ ༨,༠.༡༢༥ ཨོ་མེ་ག་,༦.༢༥ \times ༡༠^{-༤} \Omega,a
hsc-advanced_physics-12-80,སི་ལི་ཀཱོན་ལུ་ གློག་ཤུགས་ཀྱི་ཁྱད་པར་དེ་ གློག་ཤུགས་ཚད་དང་ གློག་ཤུགས་ཚད་ཀྱི་བར་ན་ ག་དེ་སྦེ་ཡོདཔ་ཨིན་ན?,0.11,0.47,2.11,9,d
hsc-advanced_physics-12-81,ཟུར་ཐག་གཉིས་ཆ་ར་ དངོས་པོ་གཅིག་ལས་བཟོ་སྟེ་ཡོདཔ་ད་ ཟུར་ཐག་གི་རིང་ཚད་དེ་ ༣ དང་ ༦ དང་ དབྱེ་མཚམས་དེ་ ༡ དང་ ༠.༥ སེན་མི་ཊར་ ཡོདཔ་ད་ ཟུར་ཐག་གཉིས་ཆ་ར་གི་བར་ནའི་ དུམ་གྲ་ཅིག་བཀག་སྡོམ་འབད་ཚུགས་པའི་ བརྒྱ་ཆ་ག་དེ་ཡོདཔ་ཨིན་ན?,ནིའུ་ཊཱོན་གཉིས་,ནིའུ་ཊཱོན་གསུམ་,Proton གཉིས་ཨིན།,Proton གསུམ་ཨིན།,b
hsc-advanced_physics-12-82,Si གི་དོན་ལས་ ཚད་འཛིན་འབད་ཡོད་པའི་གློག་མེའི་ཤུགས་འདི་,༡.༠༩༧ \times ༡༠^{7} m^{-1} འདི་ ༡.༠༩༧ \times ༡༠^{7} འདི་ ༡.༠༩༧ \times ༡༠^{-1},༡.༠༩༧m^{-1} འདི་ཡང་,༠.༠༩༧m^{-1} ཨིན།,༡.༠༩༧ \times ༡༠^{-7}m^{-1} འདི་ ༡.༠༩༧ ཨིནམ་དང་ འདི་ཡང་ ༡.༠༩༧ ཨིནམ་དང་ འདི་ཡང་ ༡.༠༩༧ ཨིནམ་དང་ འདི་ཡང་ ༡.༠༩༧ ཨིནམ་དང་ འདི་ཡང་ ༡.༠༩༧ ཨིནམ་དང་ འདི་ཡང་ ༡.༠༩༧ ཨིནམ་དང་ འདི་ཡང་ ༡.༠༩༧ ཨིནམ་དང་ འདི་ཡང་ ༡.༠༩༧,a
hsc-advanced_physics-12-83,གློག་ཤུགས་ཀྱི་སྡེ་ཕྲན་ ཨེན་ཨེན་ཨེན་ཨང་ E ཚུ་སྡེ་ཚན་ནང་བཙུགས་པ་ཅིན་ འོང་འབབ་དང་ i སྦེ་འཐོན་འོང་། (སྡེ་ཕྲན་ནང་འཁོད་བཀག་ཐབས་ r དང་ ཕྱི་སེལ་བཀག་ཐབས་ R),3.127 \times 10^{-2} འདི་ ༡ གི་གནས་གོང་ཨིན།,3.198 \times 10^{-1} འདི་ཡང་ སྦྲེལ་རྟགས་ཨིན་,6.802 \times \10^{-1} འདི་ཡང་ སྦྲེལ་རྟགས་ ༡ གི་ནང་།,༩.༦༨༧ \times ༡༠^{-1} འདི་ ༡ གི་གནས་གོང་ཨིན།,d
hsc-advanced_physics-12-84,སྤྱིར་བཏང་གི་སྒོ་ར་སྒོ་འདི་,9.1 \times 10^{-31} འདི་ཡང་ སྦྲེལ་མཐུད་འབད་བཏུབ་ཨིན།,༡༤.༢༢ \times ༡༠^{-༣༡} འདི་ ༡༠^{-༣༡} གི་གནས་གོང་ཨིན།,༡༥.༡༧ \times ༡༠^{-༣༡} འདི་ ༡༥.༡༧ \times ༡༠^{-༣༡} ཨིན།,32.76 \times 10^{-31} འདི་ཡང་ སྦྲེལ་རྟགས་ཨིན་,c
hsc-advanced_physics-12-85,འོད་ཤུགས་ཀྱི་མགྱོགས་ཚད་ནང་འགྱོ་མི་ རག་སི་ཊི་གི་རིང་ཚད་དེ་ ...,i དང་ ii,i དང་ iii,ii དང་ iii,"i, ii དང་ iii ཚུ་ཨིན།",d
hsc-advanced_physics-12-86,ཟད་འགྲོ་བཏང་ཡོད་པའི་དྲོད་ཤུགས་འདི་ Q_{2} ཨིནམ་དང་ Q_{1} ཨིནམ་དང་ འདི་ནང་ལུ་ ལས་འགན་ K ཡོད་པའི་གནས་གོང་འདི་,2\pi n དེ་ ༢\pi n ཨིན་པས།,2\pi n + \frac{\pi}{4} ཚུ་དང་བསྡོམ་པ་ཅིན་,2\pi n + \frac{\pi}{2} འདི་ཡང་ མཚོན་ཆ་གཉིས་སྦེ་ བསྡུ་ལེན་འབདཝ་ཨིན།,2n\pi + \pi དེ་ ཨེ་རེ་ལུ་ཨེབ་གཏང་འབད།,d
hsc-advanced_physics-12-87,མཚམས་འཇོག་འབད་མ་ཚུགས་པའི་ ནད་འབུབ་ཐོབ་མི་ཚུ་གི་དོན་ལུ་ སྨན་བཅོས་འབད་ནི་གི་ འཕྲུལ་ཆས་ཚུ་ ལག་ལེན་འཐབ་དོ་ཡོདཔ་ཨིན་པས།,བསྒྱུར་བཅོས་འབད་མ་ཚུགས།,ཟུར་ཐིག་འདི་ ༦ ལུ་ཡར་འཕར་འགྱོ་འོང་།,གསུམ་སྦེ་ཡར་འཕར་འགྱོ་འོང་།,༢ ལུ་འབད།,b
hsc-advanced_physics-12-89,གློག་ཤུགས་ཀྱི་ཤུགས་ཚད་འདི་ གློག་ཤུགས་ཀྱི་དབྱུག་པ་གཉིས་ལུ་ དོ་འགྲན་ག་དེ་སྦེ་ཡོདཔ་ཨིན་ན?,E \propto \frac{1}{r} འདི་ ཀེར་ཐིག་གི་རྩ་བ་ལས་ཨིན།,E \propto \frac{1}{r^{2}} འདི་ ཀྲོང་གསར་ལུ་ཡོད་པའི་,E \propto \frac{1}{r^{3}} འདི་ ཀྲོང་གསར་ལུ་ཡོད་པའི་,E \propto \frac{1}{r^{4}} འདི་ ཀྲོང་གསར་ལུ་ཡོད་པའི་,c
hsc-advanced_physics-12-90,Frenel གི་འགྱུར་རིམ་ནང་ འོད་འབུབ་དང་ ཝེཝེཕ་ཚུ་ ག་དེ་སྦེ་ཡོདཔ་ཨིན་ན?,ཌོག་ཊར་དང་ ཌོག་ཊར་ཚུ་གིས་,ཨ་པ་ས་རི་དང་ གཱོལ་ཡེལ་,དབྱིབས་འདི་ ཕྱོགས་གཅིག་ལས་གཞན་ཁ་ཐུག་དང་ ཕྱོགས་གཅིག་ལས་གཞན་ཁ་ཐུག་ཨིན།,དབྱེ་བ་འདི་ ཕྲང་ཐིག་དང་ ཕྲང་ཐིག་གི་དཀྱིལ་ལུ་ཡོདཔ་ཨིན།,b
hsc-advanced_physics-12-91,1 amu (1.66 \times 10^{-27} kg) གི་ལྗིད་ཚད་ལུ་ ཤུགས་ག་དེ་ཅིག་ཡོད་ག་?,༩.༣༣༨ \times ༡༠^{8} འདི་ ༡༠^{8} ལུ་ཡར་འཕར་འབདཝ་ཨིན།,༩.༣༣༨ \times ༡༠^{6} འདི་ ༡༠^{6} གི་གནས་གོང་ཨིན།,3.113,༡.༤༩༤ \times ༡༠^{-༡༠} འདི་ ༡.༤༩༤ \times ༡༠^{-༡༠} ཨིན།,a
hsc-advanced_physics-12-93,སི་ལི་ཀཱོན་ལུ་ གློག་ཤུགས་ཀྱི་ཁྱད་པར་དེ་ གློག་ཤུགས་ཚད་དང་ གློག་ཤུགས་ཚད་ཀྱི་བར་ན་ ག་དེ་སྦེ་ཡོདཔ་ཨིན་ན?,0.3 eV ཨིན་པས།,0.7 eV ཨིན་པས།,༡.༡ eV,6 eV ཨིན་པས།,c
hsc-advanced_physics-12-94,ཟུར་ཐག་གཉིས་ཆ་ར་ དངོས་པོ་གཅིག་ལས་བཟོ་སྟེ་ཡོདཔ་ད་ ཟུར་ཐག་གི་རིང་ཚད་དེ་ ༣ དང་ ༦ དང་ དབྱེ་མཚམས་དེ་ ༡ དང་ ༠.༥ སེན་མི་ཊར་ ཡོདཔ་ད་ ཟུར་ཐག་གཉིས་ཆ་ར་གི་བར་ནའི་ དུམ་གྲ་ཅིག་བཀག་སྡོམ་འབད་ཚུགས་པའི་ བརྒྱ་ཆ་ག་དེ་ཡོདཔ་ཨིན་ན?,1:08,1:04,1:01,4:01,c
hsc-advanced_physics-12-95,Si གི་དོན་ལས་ ཚད་འཛིན་འབད་ཡོད་པའི་གློག་མེའི་ཤུགས་འདི་,0.1V ཨིན་པས།,0.3V ཨིན་པས།,ཝཱཊི་ ༠.༤,0.7V ཨིན་པས།,d
hsc-advanced_physics-12-96,གློག་ཤུགས་ཀྱི་སྡེ་ཕྲན་ ཨེན་ཨེན་ཨེན་ཨང་ E ཚུ་སྡེ་ཚན་ནང་བཙུགས་པ་ཅིན་ འོང་འབབ་དང་ i སྦེ་འཐོན་འོང་། (སྡེ་ཕྲན་ནང་འཁོད་བཀག་ཐབས་ r དང་ ཕྱི་སེལ་བཀག་ཐབས་ R),i = \frac{nE}{R + nr} ཟེར་མི་འདི་ཨིན།,i = \frac{nE}{nR + r} འདི་ཡང་ སྦྲེལ་རྟགས་ཨིན་,i = \frac{nE}{nR + nr} ཟེར་ཨིན་,i = \frac{nE}{R + \frac{r}{n}} འདི་ཨིན་པ་ཅིན་,a
hsc-advanced_physics-12-97,སྤྱིར་བཏང་གི་སྒོ་ར་སྒོ་འདི་,དང་,ནཱན་ཌི་,ཡང་ན་,མེན་ཟེར་,b
hsc-advanced_physics-12-98,འོད་ཤུགས་ཀྱི་མགྱོགས་ཚད་ནང་འགྱོ་མི་ རག་སི་ཊི་གི་རིང་ཚད་དེ་ ...,ཕྱེད་ཀ་,༠ ཨིན་པས།,ཐེངས་གཉིས་,མཐའ་མེད་པའི་,b
hsc-advanced_physics-12-99,ཟད་འགྲོ་བཏང་ཡོད་པའི་དྲོད་ཤུགས་འདི་ Q_{2} ཨིནམ་དང་ Q_{1} ཨིནམ་དང་ འདི་ནང་ལུ་ ལས་འགན་ K ཡོད་པའི་གནས་གོང་འདི་,K = \frac{Q_{1}}{Q_{2} - Q_{1}},K = \frac{Q_{1}}{Q_{1} - Q_{2}},K = \frac{Q_{2}}{Q_{1} - Q_{2}},K = \frac{Q_{2}}{Q_{2} - Q_{1}},c
hsc-advanced_physics-12-100,མཚམས་འཇོག་འབད་མ་ཚུགས་པའི་ ནད་འབུབ་ཐོབ་མི་ཚུ་གི་དོན་ལུ་ སྨན་བཅོས་འབད་ནི་གི་ འཕྲུལ་ཆས་ཚུ་ ལག་ལེན་འཐབ་དོ་ཡོདཔ་ཨིན་པས།,X-rays,ཕྲ་འོད་འདི་ ཕྲ་འོད་ཨིན་ཝཱལ་ཝཱལ་ཨིན་ཝཱལ་ཨིན་མས།,ག་མ་རེ,མཐོང་མ་བཏུབ་པའི་གློག་ཐག་ར་བ་,b
hsc-advanced_physics-12-102,ཕྲང་སྒྲིག་གི་བེ་ཊར་འདི་ ག་བཟུམ་ཅིག་ཡོདཔ་ཨིན་ན?,Wm^{-1}ལུ་ བལྟ་བ་ཅིན་,Wm^{-2}ལུ་ བསྒྱུར་བཅོས་འབདཝ་ཨིན།,Wm^{-1}s^{-1}ལུ་ བསྒྱུར་བཅོས་འབདཝ་ཨིན།,Wm^{-2}s^{-1}ལུ་ བསྒྱུར་བཅོས་འབདཝ་ཨིན།,b
hsc-advanced_physics-12-103,མདའ་མེའི་རིང་ཚད་དང་ མདའ་མེའི་རིང་ཚད་གི་བར་ན་ དབྱེ་གཞི་འདི་ ༡:༣ ཨིན། རོ་ཀེཊ་གི་མགྱོགས་ཚད་འདི་ -,0.94 \times 10^{8} ms^{-1} འདི་ནང་ལུ་,༡.༧༣ \times ༡༠^{8} ms^{-1} འདི་ཡང་ ༡.༧༣ \times ༡༠^{8},༢.༦༥ \times ༡༠^{8} ms^{-1} འདི་ ༡ ལས་བརྒལ་མེདཔ་ཨིན།,2.83 \times 10^{8} ms^{-1} འདི་ནང་ལུ་,d
hsc-advanced_physics-12-104,ཇི་ཨེན་ཊི་ཨེམ་སི་དེ་ ཇི་ཨེན་ཊི་ཨེམ་སི་གི་ སྦྱོར་བ་ག་ཅི་བཟུམ་ཅིག་སྦེ་ བཟོ་ནི་ཨིན་ན?,As,གཱ་,བི་,ཨཱལ་,a
hsc-advanced_physics-12-105,T_{1} དང་ T_{2} འདི་ དངོས་པོ་གཉིས་ཆ་རའི་ནང་འཁོད་ཤུགས་འདི་ དབྱེ་ཁག་སོ་སོར་སྦེ་ U_{1} དང་ U_{2} ཨིན། འདི་ནང་ལུ་ T_{1} > T_{2} ཨིན། དངོས་པོ་གཉིས་ཆ་ར་ལུ་ ཚ་དྲོད་མཉམ་པ་སྦེ་བཞག་པ་ཅིན་ རང་རྐྱང་གི་ལམ་ལུགས་ནང་ ག་ཅི་འབྱུང་ནི་ཨིན་ན?,U_{1} ཡར་སེང་ U_{2} མར་ཕབ་,U_{1} མར་ཕབ་ U_{2} ཡར་སེང་,U_{1} ཡར་སེང་ U_{2} ཡར་སེང་,U_{1} མར་ཕབ་ U_{2} མར་ཕབ་,b
hsc-advanced_physics-12-106,མགྱོགས་དྲགས་སྦེ་རང་ འགྱུར་བ་འགྱོ་མི་ འབྲེལ་ཡོད་རིམ་ལུགས་འདི་,ག་ལི་ལི་གི་ཐད་ལུ་ བཟོ་བཀོད་,གནད་དོན་ངོ་མ་ནང་ བཟོ་བཀོད་,གནད་དོན་གྱི་བཟོ་བཀོད་རྩ་ཅན་,ནིའུ་ཊཱན་གི་གནད་དོན་བཟོ་རྣམ་,c
hsc-advanced_physics-12-107,ཚད་འཇལ་མི་ R གི་ཐད་ཁར་ ཚད་འཇལ་མི་ S གི་ཐད་ཁར་ ཚད་འཇལ་མི་གི་ཐད་ཁར་ ཚད་འཇལ་མི་གི་ཐད་ཁར་ ཚད་འཇལ་མི་གི་ཐད་ཁར་ ཚད་འཇལ་མི་གི་ཐད་ཁར་ ཚད་འཇལ་མི་གི་ཐད་ཁར་ ཚད་འཇལ་མི་གི་ཐད་ཁར་ ཚད་འཇལ་མི་གི་ཐད་ཁར་ ཚད་འཇལ་མི་གི་ཐད་ཁར་ ཚད་འཇལ་མི་གི་ཐད་ཁར་ ཚད་འཇལ་མི་གི་ཐད་ཁར་ ཚད་འཇལ་མི་གི་ཐད་ཁར་ ཚད་འཇལ་མི་གི་ཐད་ཁར་ ཚད་འཇལ་མི་གི་ཐད་ཁར་ ཚད་འཇལ་མི་གི་ཐད་ཁར་ ཚད་འཇལ་མི་གི་ཐད་ཁར་ ཚད་འཇལ་མི་གི་ཐད་ཁར་ ཚད་འཇལ་མི་གི་ཐད་ཁར་ ཚད་འཇལ་མི་གི་ཐད་ཁར་ ཚད་འཇལ་མི་གི་ཐད་ཁར་ ཚད་འཇལ་མི་གི་ཐད་ཁར་ ཚད་འཇལ་མི་གི་ཐད་ཁར་ ཚད་འཇལ་མི་གི་ཐད་ཁར་ ཚད་འཇལ་མི་གི་ཐད་ཁར་ R དང་ S གི་འབྲེལ་བ་འདི་,S = 4R ཨིན་ན།,S = ༢R ཨིན་པས།,S = R ཨིན་ན།,S = \frac{R}{2} ཚུ་ཨིན།,d
hsc-advanced_physics-12-108,གློག་ཤུགས་ཀྱིས་ འོང་འབབ་དང་བསྟུན་པའི་ས་སྒོ་འདི་,0\degree ཟེར་མི་འདི་,༤༥་\degrees,༩༠་\degree,༡༨༠་\degrees,c
hsc-advanced_physics-12-109,I_{b} = 6 \times 10^{-5} A དང་ I_{E} = 4.38 \times 10^{-3} A འདི་ སྤྱིར་བཏང་ཕྱིར་བཏོན་འབད་མི་ NPN ཊཱན་སིཊི་སི་ཊར་གི་འཁོར་ལོའི་ནང་ཡོདཔ་ཨིན། ཕྲང་ཕྲང་གི་འཕར་ཚད་ Beta འདི་,71,72,73,74,b
hsc-advanced_physics-12-111,i. དུས་ཡུན་བརྟག་དཔྱད་འབད་ནི་ལུ་ ཐེ་ཚོམ་ག་ནི་ཡང་མེད།,1.03,1.33,1.4,1.67,b
hsc-advanced_physics-12-112,༢། ནིའུ་ཊཱན་གི་ཤུགས་ཀྱི་ འདྲ་མཉམ་འདི་ འགྱུར་བ་མེད་པར་རང་བཞགཔ་ཨིན།,མགྱོགས་དྲགས་འབད་དགོ,གློག་ཐག་གི་དེད་གཡོགཔ་ལུ་སླབ་,བཀག་ཆ་འབད་,ཐོ་བཀོད་ཚུ་ སྦ་བཞག་ནི་,c
hsc-advanced_physics-12-113,གསུམ་པ་ གློག་ཤུགས་གློག་རྫས་ཀྱི་ འདྲ་མཉམ་དེ་ བསྒྱུར་བཅོས་འབད་མ་ཚུགས།,དྲན་སྣང་།,བཏོན་གཏང་,དབྱིབས་ཅན་,འདོད་སྤྱོད་,d
hsc-advanced_physics-12-114,འོག་ལུ་ཡོད་མི་ལས་ ག་འདི་བདེན་པ་ཨིན་ན་ཟེར་བ་ཅིན་,སི་ལི་ཀཱོན་,ཇར་མ་ནི་ཨུམ་,སའི་རེམ་,ལི་གི་,d
hsc-advanced_physics-12-115,m_{0} འདི་ ཀླད་ཀོའི་གནས་ཚད་ \frac{c}{\sqrt{2}} ཨིནམ་དང་ དེའི་ཤུགས་འདི་,ནེ་གེཊི་ཝཱལ་གློག་ཤུགས་ཐོབ་ནུག,འདི་ནང་ལུ་ པི་རོ་ཊཱོན་མང་དྲགས་ཡོདཔ་ཨིན།,ལྡེ་མིག་སྦོམ་སྦེ་ཡོདཔ་ཨིན།,འདི་ནང་རླུང་མ་བླུགས་མི་བཏུབ་ཨིན།,d
hsc-advanced_physics-12-117,"[འ་ནཱ་ལུ་ ཨཱལ་ཕ་དང་ བེ་ཐ་ དེ་ལས་ གམ་མ་ཟེར་མི་འདི་ X, Y དང་ Z གི་རིམ་པ་བཞིན་དུ་ འོད་འབུབ་ཀྱི་ཁྱབ་ཚད་ཨིན། M འདི་ རྡུལ་ཕྲན་ཨང་ 82 དང་ རྡུལ་ཕྲན་ཨང་ 210 འབད་མི་ཅིག་ཨིན་མས།",i དང་ ii,i དང་ iii,ii དང་ iii,"i, ii དང་ iii ཚུ་ཨིན།",c
hsc-advanced_physics-12-118,,སེན་ཊི་མི་ཊར་ ༣༠,cm༤༠,ལྡེ་མིག་ ༥༠ cm,60 cm,b
hsc-advanced_physics-12-119,Yགི་ ཨེ་རོམ་གྱངས་ཁ་འདི་ག་དེམ་ཅིག་ཡོདཔ་ཨིན་ན?,༦.༥ \times ༡༠^{14} Hz འདི་,7.57 \times 10^{15} Hz ཨིན་,8.57 \times 10^{14} Hz འདི་ ཀླད་ཀོར་གྱི་གནས་གོང་ཨིན།,9.67 \times 10^{14} Hz ཨིན་,c
hsc-advanced_physics-12-120,X \xarrowright{\beta} Y \xarrowright{\alpha} Z \xrightarrow{\gamma} M འདི་ ཀེར་ཐིག་གི་མཐའ་མ་ལུ་ཡོད་པའི་ ཀེར་ཐིག་གི་མཐའ་མ་ལུ་ཡོད་པའི་ ཀེར་ཐིག་གི་མཐའ་མ་ལུ་ཡོད་པའི་ ཀེར་ཐིག་གི་མཐའ་མ་དེ་ཨིན།,cm༢༠༠,115.47 cm ཨིན་པུཊི་,cm ༡༠༠,86.6 cm ཨིན་པུཊི་,d
hsc-advanced_physics-12-121,"[འ་ནཱ་ལུ་ ཨཱལ་ཕ་དང་ བེ་ཐ་ དེ་ལས་ གམ་མ་ཟེར་མི་འདི་ X, Y དང་ Z གི་རིམ་པ་བཞིན་དུ་ འོད་འབུབ་ཀྱི་ཁྱབ་ཚད་ཨིན། M འདི་ རྡུལ་ཕྲན་ཨང་ 82 དང་ རྡུལ་ཕྲན་ཨང་ 210 འབད་མི་ཅིག་ཨིན་མས།",32 mA,༡༨ mA,༢.༢ mA,3 mA,b
hsc-advanced_physics-12-122,,i དང་ ii,i དང་ iii,ii དང་ iii,"i, ii དང་ iii ཚུ་ཨིན།",a
hsc-advanced_physics-12-123,"X དང་ Y གི་རྩ་བ་འདི་ """,\frac{1}{\sqrt{2}} m_{0}c འདི་ཡང་ སྦ་སྒོར་འདི་ནང་ལུ་ཨིན་,\frac{1}{2} m_{0}c འདི་ཡང་ སྦ་སྒོར་ནང་ཨིན་,m_{0}c འདི་ཡང་,2 m_{0}c གི་ནང་,c
hsc-advanced_physics-12-124,entropy གི་ཚད་གཞི་འདི་ག་ཅི་ཨིན་ན?,i དང་ ii,i དང་ iii,ii དང་ iii,"i, ii དང་ iii ཚུ་ཨིན།",c
hsc-advanced_physics-12-126,i. འ་ནི་གློག་ཤུགས་མེད་པའི་ ཀླུ་རྡུལ་འདི་ཨིན།,ཧའི་གཱེན་གྱི་རྩ་ཚིག་གི་ཐོག་ལས་,ཚ་གྱང་ལང་མི་གི་ བརྟག་དཔྱད་ཀྱི་ཐོག་ལས་,ལྕགས་ཤོག་གི་ཐོག་ལས་,འདི་ཡང་ པི་རིསི་མཱོན་ཟེར་མི་གིས་ཨིན་མས།,a
hsc-advanced_physics-12-127,༢། འདི་རང་མར་བབས་འགྱོ་ཞིནམ་ལས་ proton དང་ electron དང་ anti-neutron བཟོ་འོང་།,སྦ་གསང་གི་འགྱུར་བ་འདི་བྱུང་ནུག,རླུང་འཚུབས་ཀྱི་འགྱུར་བ་འདི་བྱུང་ནུག,ཚ་དྲོད་འབྱུང་ཁུངས་ཀྱི་ མེ་རླུང་གནས་འགྱུར་ལྡོག་,མཚོན་ཤུགས་འདི་ ཉོ་མི་གི་དྲོད་ཚད་ལུ་ བསྒྱུར་བཅོས་མི་འབད་,c
hsc-advanced_physics-12-128,གསུམ་པ་ འདི་ནང་ལུ་ མགྱོགས་དྲགས་སྦེ་ དབྱེ་ཞིབ་འབད་ཚུགས་པའི་ནུས་པ་ཡོདཔ་ཨིན།,dQ = TdS,dQ = \frac{dS}{T} ཟེར་མི་འདི་ཨིན།,W འདི་ JH ཨིན།,dQ = dU + dW,a
hsc-advanced_physics-12-129,འོག་ལུ་ཡོད་མི་ལས་ ག་འདི་བདེན་པ་ཨིན་ན་ཟེར་བ་ཅིན་,༠ ལས་བརྒལ་མེད།,དང་པ་,གཉིས་པ་,གསུམ་པ་,a
hsc-advanced_physics-12-130,འོག་གི་ལས་སྣ་ག་འདི་ གློག་ཤུགས་མེད་མི་ དཀར་ཆག་ཅིག་མེན།,བཀག་འཛིན་འབད་,ནང་འདྲེན་འབད་,ཌི་ཨོ་ཌི་,གློག་ཐག་,d
hsc-advanced_physics-12-132,X \xarrowright{\beta} Y \xarrowright{\alpha} Z \xrightarrow{\gamma} M འདི་ ཀེར་ཐིག་གི་མཐའ་མ་ལུ་ཡོད་མི་འདི་ཨིན།,84,82,80,78,a
hsc-advanced_physics-12-133,"[འ་ནཱ་ལུ་ ཨཱལ་ཕ་དང་ བེ་ཐ་ དེ་ལས་ གམ་མ་ཟེར་མི་འདི་ X, Y དང་ Z གི་རིམ་པ་བཞིན་དུ་ འོད་འབུབ་ཀྱི་ཁྱབ་ཚད་ཨིན། M འདི་ རྡུལ་ཕྲན་ཨང་ 82 དང་ རྡུལ་ཕྲན་ཨང་ 210 འབད་མི་ཅིག་ཨིན་མས།",ཨི་སོ་བཱ་ར་,ཨི་ཟོཊོན,ཨི་ཟོཊོ་པི་,ཨི་ཟོ་མཱར་,a
hsc-advanced_physics-12-134,,NK^{-1} འདི་ཡང་,JK^{-1} འདི་ཡང་,JK^{-1} mol^{-1} འདི་ནང་ལུ་,N^{-1} m^{-2} C^{2} འདི་ཡང་ ཀྲོང་གསར་ལུ་ཡོད་པའི་,b
hsc-advanced_physics-12-135,Yགི་ ཨེ་རོམ་གྱངས་ཁ་འདི་ག་དེམ་ཅིག་ཡོདཔ་ཨིན་ན?,i དང་ ii,ii དང་ iii,i དང་ iii,"i, ii དང་ iii ཚུ་ཨིན།",c
hsc-advanced_physics-12-136,X \xarrowright{\beta} Y \xarrowright{\alpha} Z \xrightarrow{\gamma} M འདི་ ཀེར་ཐིག་གི་མཐའ་མ་ལུ་ཡོད་མི་འདི་ཨིན།,སྦྲེལ་མཐུད་འབད་,དྲན་སྣང་།,ནད་གཞི་,བཏོན་གཏང་,c
hsc-advanced_physics-12-137,"[འ་ནཱ་ལུ་ ཨཱལ་ཕ་དང་ བེ་ཐ་ དེ་ལས་ གམ་མ་ཟེར་མི་འདི་ X, Y དང་ Z གི་རིམ་པ་བཞིན་དུ་ འོད་འབུབ་ཀྱི་ཁྱབ་ཚད་ཨིན། M འདི་ རྡུལ་ཕྲན་ཨང་ 82 དང་ རྡུལ་ཕྲན་ཨང་ 210 འབད་མི་ཅིག་ཨིན་མས།",NC^{-1}m^{2} འདི་ཡང་ ཀེར་ཐིག་ཚུའི་མཐའ་འཁོར་ལུ་ཡོད་པའི་ ཀེར་ཐིག་ཨིན།,JC^{-1} འདི་ཡང་,V,Vm^{-1} འདི་ཡང་,a
hsc-advanced_physics-12-138,,ནུས་ཤུགས་ཅན་གྱི་ ནུས་ཤུགས་ལྡན་གློག་མེ་,ནུས་ཤུགས་མེད་མི་ ནུས་ཤུགས་ཀྱི་གློག་ཤུགས་,དུང་གི་དབང་ཤུགས་ལུ་བལྟ་བ་ཅིན་,གློག་ཤུགས་ཀྱི་གློག་ཤུགས་,b
hsc-advanced_physics-12-139,"X དང་ Y གི་རྩ་བ་འདི་ """,i དང་ ii,ii དང་ iii,i དང་ iii,"i, ii དང་ iii ཚུ་ཨིན།",d
hsc-advanced_physics-12-140,entropy གི་ཚད་གཞི་འདི་ག་ཅི་ཨིན་ན?,HN_{3} འདི་ལུ་,HCl,H_{2}O དེ་ནང་ལུ་,CH_{4} དེ་ནང་ལུ་,d
hsc-advanced_physics-12-142,i. འ་ནི་གློག་ཤུགས་མེད་པའི་ ཀླུ་རྡུལ་འདི་ཨིན།,1,2,3,4,d
hsc-advanced_physics-12-143,༢། འདི་རང་མར་བབས་འགྱོ་ཞིནམ་ལས་ proton དང་ electron དེ་ལས་ anti-neutron བཟོ་འོང་།,i དང་ ii,i དང་ iii,ii དང་ iii,"i, ii དང་ iii ཚུ་ཨིན།",a
hsc-advanced_physics-12-144,གསུམ་པ་ འདི་ནང་ལུ་ མགྱོགས་དྲགས་སྦེ་ དབྱེ་ཞིབ་འབད་ཚུགས་པའི་ནུས་པ་ཡོདཔ་ཨིན།,ཝཱལཊ་ཇི་འདི་ཨིན།,ཝཱལཊ་ཟེརཝ་ད་,ཇི་ཇི་ནར་གྱི་གློག་ཤུགས་,ག་ནི་ཡང་མེན།,c
hsc-advanced_physics-12-145,འོག་ལུ་ཡོད་མི་ལས་ ག་འདི་བདེན་པ་ཨིན་ན་ཟེར་བ་ཅིན་,214,214,414,514,c
hsc-advanced_physics-12-146,འོག་གི་ལས་སྣ་ག་འདི་ གློག་ཤུགས་མེད་པའི་རྒྱུ་རྫས་ཅིག་མེན་ན?,i དང་ ii,i དང་ iii,ii དང་ iii,"i, ii དང་ iii ཚུ་ཨིན།",b
hsc-advanced_physics-12-148,i. འདི་ནང་ལུ་ མེ་རླུང་གནས་ཚད་འདི་ མཚམས་འཇོག་འབད་ཡོདཔ་ཨིན།,ཤུགས་ཀྱི་ཁྱད་པར་འདི་ རྒྱུན་ལམ་གྱི་སྒོ་གཉིས་བར་ནའི་བར་ནའི་གློག་ཤུགས་ཨིན།,ཁྱད་པར་དེ་ ཆུ་སྣུམ་འཁོར་ཚུ་བཀག་ནི་ལུ་བརྟེན་ཏེ་ཨིན།,ཕྲང་ལམ་གྱི་ས་སྒོ་གཉིས་ཆ་ར་གི་བར་ནའི་ ཁྱད་པར་འདི་ གློག་ཤུགས་ཤུགས་ཀྱི་གྲུབ་འབྲས་ཨིན།,གློག་རྒྱུན་གྱི་ཆ་ཤས་ཚུ་སོ་སོ་སྦེ་ཡོདཔ་ལས་ གློག་རྒྱུན་གྱི་ཤུགས་འདི་ ཕྲ་རྡོག་གཅིག་ལས་བརྒལ་མི་འོང་།,d
hsc-advanced_physics-12-149,༢། dQ = - dW འདི་ནང་ལུ་,རྒྱ་བསྐྱེད་འབདཝ་ཨིན།,མར་བབས་འགྱོཝ་ཨིན།,དེ་ཚུ་འགྱུར་བ་མེད་པར་རང་སྡོད་འོང་།,ལྕོགས་ཅན་བཟོཝ་ཨིན།,b
hsc-advanced_physics-12-150,གསུམ་པ་ ཚ་དྲོད་འདི་ རིམ་ལུགས་དང་ མཐའ་འཁོར་གྱི་བར་ན་ བརྗེ་སོར་འབད་དོ་ཡོདཔ་ཨིན།,Proton གི་གྱངས་ཁ་ཡར་འཕར་འགྱོ་ནུག,ནིའུ་ཊཱོན་གི་གྱངས་ཁ་ཡར་འཕར་འགྱོ་དོ་ཡོདཔ་ཨིན།,Proton གི་གྱངས་ཁ་མར་བབས་འགྱོ་དོ་ཡོདཔ་ཨིན།,མི་རློབས་མར་བབས་འགྱོ་དོ་ཡོདཔ་ཨིན།,a
hsc-advanced_physics-12-151,འོག་ལུ་ཡོད་མི་ལས་ ག་འདི་བདེན་པ་ཨིན་ན་ཟེར་བ་ཅིན་,ཁྱབ་སྤེལ་འགྱོ་ནི་,འདོད་སྤྱོད་,བསྒྱུར་བཅོས་འབདཝ་ཨིན།,སྦྲེལ་མཐུད་འབད་,c
hsc-advanced_physics-12-152,Youngགི་དབྱེ་ཞིབ་འདི་ནང་ལུ་ འོད་ལྡན་གྱི་སྒོ་ར་གཉིས་ཀྱི་བར་མཚམས་ (\delta x) དང་ འོད་ལྡན་གྱི་སྒོ་ར་གཅིག་གི་རྒྱ་ཚད་ (\delta x) གི་བར་ན་ འབྲེལ་བ་ག་དེ་ཅིག་ཡོདཔ་ཨིན་ན?,ཨཱལ་མིནི་ཡཱན་,ནད་གཞི་བཀག་ཐབས་,བོ་རོན་,ཨིན་ཌིཡཱམ,b
hsc-advanced_physics-12-153,འོས་འབབ་ཀྱི་ཁྱད་པར་གྱི་དོན་ལུ་ འོག་གི་ལས་འགན་འདི་ག་དེ་ཅིག་མི་བདེཝ་ཨིན་ན?,དམར་པོ་,དཀར་ཆག་,དཀར་མདོག་དམརཔོ་,དམར་ཁུ་,c
hsc-advanced_physics-12-154,PN མཐུད་སྦྲེལ་གྱི་ཧྲིལ་བུམ་ལུ་ ཕྱོགས་ལྷོ་ཕྱོགས་ཁ་ཐུག་གི་རང་ལྡང་གི་གནས་ཚད་ -,སྤྱི་ཟླ་༧ པའི་ཚེས་༢༠,སྤྱི་ཟླ་༧ པའི་ཚེས་༣༠,༥༠ ལུ་ཡུལ།,༧༠ འི་ ཟླཝ་ཚུ།,b
hsc-advanced_physics-12-155,དེ་ལས་ བེ་ཊ་ཆ་ཕྲན་ཅིག་ཐོན་པ་ཅིན་,3.6 V,1.8V,ཝཱཊ་༠.༩,ཝཱལཊི་ ༠.༤༥,d
hsc-advanced_physics-12-156,ཟུར་ལམ་ཕྲ་རིང་འདི་བརྒྱུད་དེ་འགྱོ་ཚརཝ་ད་ འོད་འབུཔ་འདི་གིས་ གྱིབ་མ་གི་ས་སྒོ་འདི་ནང་ འཛུལ་ཞུགས་འབད་བཅུགཔ་ཨིན།,i དང་ ii,i དང་ iii,ii དང་ iii,"i, ii དང་ iii ཚུ་ཨིན།",c
hsc-advanced_physics-12-157,N-type semiconductor གློག་ཤུགས་ཐོན་སྐྱེད་འབད་ནི་ལུ་ ལག་ལེན་འཐབ་མི་རྫས་འདི་ག་འདི་ཨིན་ན?,༢༦.༥༢ \times ༡༠^{-34} ལུ་ཟཱོལ་,༢༦.༥༢ \times ༡༠^{-༡༩} ལུ་ཇཱུལ་,༢༦.༥༢ \times ༡༠^{-༡༩} ལུ་ཇཱུལ་,༢༦.༥༢ \times ༡༠^{-༤༠} ལུ་ཟཱོལ་,b
hsc-advanced_physics-12-158,Young གི་དབྱེ་བ་དཔྱད་ཞིབ་ནང་ དཀར་ཆག་འདི་ དཀར་ཆག་ག་སྦེ་ཁྱབ་ཚད་ཉུང་སུ་ཅིག་སྦེ་ འབྱུང་ཚུགས་པའི་དོན་ལུ་ འོད་མདངས་ག་འདི་ལག་ལེན་འཐབ་ནི་ཨིན་ན?,i དང་ ii,i དང་ iii,ii དང་ iii,"i, ii དང་ iii ཚུ་ཨིན།",d
hsc-advanced_physics-12-159,ལམ་ལུགས་ཅིག་གིས་ རང་བཞིན་གནས་སྟངས་ནང་ལས་ དྲོད་ཤུགས་ཡུ་ལར་ ༥༠ དང་ གནས་སྟངས་ནང་ལཱ་ཡུ་ལར་ ༢༠ འབག་ཚུགས། དེ་སྦེ་ཨིན་པ་ཅིན་ ལམ་ལུགས་ནང་ ནུས་ཤུགས་ག་དེམ་ཅིག་ཡོདཔ་ཨིན་ན?,གློག་ཤུགས་འཕར་གཏང་ནི་,ཡིག་དཔར་རྐྱབས།,ཇི་ནར་གྱི་ལཱ་,ལེགས་བཅོས་འབད་ཐངས་,c
hsc-advanced_physics-12-160,ཀོ་ལོམ་བཱོན་གློག་ཤུགས་ ༥ \times 10^{-11} འདི་དཀྱིལ་འཁོར་གྱི་དཀྱིལ་འཁོར་ལུ་ བཀྲམ་སྤེལ་འབདཝ་ཨིན། གློག་ཤུགས་འདི་ ས་གཞི་ལྟེ་བ་ལས་ སེན་ཊི་མི་ཊར་ ༢༥་གི་ས་ཁར་འགྱོ་སྟེ་ འབྱུང་འོང་།,ཧའི་གཱེན་གྱི་རྩ་བ་,ཤོག་ཁྲམ་གི་རྩ་ཚིག་,ནིའུ་ཊཱན་གི་རྡུལ་ཕྲན་གི་རྣམ་གཞག་,Bohr གི་འདྲ་མཉམ་གྱི་རྩ་ཚིག་,d
hsc-advanced_physics-12-162,i. བེག་རེ་ལཱལ་,i དང་ ii,i དང་ iii,ii དང་ iii,"i, ii དང་ iii ཚུ་ཨིན།",a
hsc-advanced_physics-12-163,༢། ཀུ་རི་,1.33,1.41,1.66,3,a
hsc-advanced_physics-12-164,གསུམ་པ་ རཱད་རར་ཕོརཌ་,ཚད་ལྡན་ཨིན།,སྐུགས་ཚད་ཀྱི་ཐད་ལུ་,རྩ་རིམ་གཉིས་དང་ཕྱདཔ་ད་,ལཱ་གཡོག་གི་ཐད་ཁར་,a
hsc-advanced_physics-12-165,འོག་ལུ་ཡོད་མི་ལས་ ག་འདི་བདེན་པ་ཨིན་ན་ཟེར་བ་ཅིན་,\frac{1}{5}ལུ་ བསྒྱུར་བཅོས་འབདཝ་ཨིན།,5,25,50,c
hsc-advanced_physics-12-166,མདོར་བསྡུས་འདི་ PN མཐུད་སྦྲེལ་ནང་ལུ་ གློག་ཤུགས་རྒྱུན་ལྡན་གྱི་ཚད་གཞི་ལུ་ གློ་བུར་དུ་ཡར་འཕར་འགྱོཝ་ཨིན།,ཨཱལ་ཕ་གློག་ཤུགས་,བི་ཊ་གློག་ཤུགས་,ག་མ་གློག་ཤུགས་,གློག་ཤུགས་གློག་ཐག་,c
hsc-advanced_physics-12-167,འོད་ལུ་དར་ཁྱབ་དང་ འགྱུར་བ་རྐྱབ་ནི་གི་གཞི་རྩ་འདི་ འོག་གི་རྒྱུ་རྐྱེན་ག་འདི་ལས་མེན།,༠ ཨིན་པས།,མཐའ་མེད་པའི་,གློག་ཤུགས་ཕོཊོན (photon) གི་ཤུགས་དང་འདྲན་འདྲ་ཨིན།,ལས་འགན་འདི་བསྒུག་སྡོད་མི་དང་འདྲཝ་ཨིན།,a
hsc-advanced_physics-12-168,ཨོ་མེ་གཱལ་བཀག་འཛིན་ནང་ལས་ དུས་ཡུན་སྐར་མ་རེ་ནང་ གློག་ཤུགས་ཨེན་ཊི་ ༡ བཏོན་པ་ཅིན་ གློག་ཤུགས་ཨེན་ཊི་ ༡ བཏོན་པ་ཅིན་ གློག་ཤུགས་ཨེན་ཊི་ ༡ བཏོན་པ་ཅིན་ གློག་ཤུགས་ཨེན་ཊི་ ༡ བཏོན་པ་ཅིན་ གློག་ཤུགས་ཨེན་ཊི་ ༡ བཏོན་པ་ཅིན་ གློག་ཤུགས་ཨེན་ཊི་ ༡ བཏོན་པ་ཅིན་ གློག་ཤུགས་ཨེན་ཊི་ ༡ བཏོན་པ་ཅིན་ གློག་ཤུགས་ཨེན་ཊི་ ༡ བཏོན་པ་ཅིན་ གློག་ཤུགས་ཨེན་ཊི་ ༡ བཏོན་པ་ཅིན་ གློག་ཤུགས་ཨེན་ཊི་ ༡ བཏོན་པ་ཅིན་ གློག་ཤུགས་ཨེན་ཊི་ ༡ བཏོན་པ་ཅིན་ གློག་ཤུགས་ཨེན་ཊི་ ༡ བཏོན་པ་ཅིན་ གློག་ཤུགས་ཨེན་ཊི་ ༡ བཏོན་འོང་།,i དང་ ii,i དང་ iii,ii དང་ iii,"i, ii དང་ iii ཚུ་ཨིན།",b
hsc-advanced_physics-12-169,ཚ་དྲོད་མར་བབས་འགྱོ་ནི་གི་དོན་ལས་,i དང་ ii,ii དང་ iii,i དང་ iii,"i, ii དང་ iii ཚུ་ཨིན།",d
hsc-advanced_physics-12-170,i. entropy འདི་འགྱུར་བ་མེད་པར་རང་སྡོད་འོང་།,ཚད་ལྡན་ཨིན།,སྐུགས་ཚད་ཀྱི་ཐད་ལུ་,ལཱ་གཡོག་གི་ཐད་ཁར་,ཕྲང་དཀྱིལ་གྱི་ཐད་ཁར་,a
hsc-advanced_physics-12-171,༢། ཚ་དྲོད་བརྗེ་སོར་འབད་མ་ཚུགས།,i དང་ ii,i དང་ iii,ii དང་ iii,"i, ii དང་ iii ཚུ་ཨིན།",b
hsc-advanced_physics-12-172,གསུམ་པ་ ཚ་དྲོད་ལུ་འགྱུར་བ་མེདཔ་ཨིན།,3.75 \times 10^{-31} kg འདི་ ཀི་ལོ་གྷར་ ༡༠^{-3} ཨིན།,9.1 \times 10^{-31} kg འདི་ ཀི་ལོ་གྷར་ ༡༠^{-3} གི་གནས་གོང་ཨིན།,9.75 \times 10^{-31} kg འདི་ ཀི་ལོ་གྷར་ ༡༠^{-3} ཨིན།,37.54 \times 10^{-31} kg འདི་ ཀི་ལོ་གྷ་རམ་ ༡༠^{-3} འབད་མི་རྩིས་སྟོནམ་ཨིན།,d
hsc-advanced_physics-12-173,འོག་ལུ་ཡོད་མི་ལས་ ག་འདི་བདེན་པ་ཨིན་ན་ཟེར་བ་ཅིན་,འབུབ་འབུབ་,དུས་ཚོད་,འོད་གི་མགྱོགས་ཚད་,རིང་ཚད་,c
hsc-advanced_physics-12-174,མེ་རླུང་རྒྱ་རྫི་གི་དོན་ལུ་ gamma གི་གནས་གོང་འདི་ -,0.7 eV ཨིན་པས།,༡.༡ eV,6 eV ཨིན་པས།,7 eV,a
hsc-advanced_physics-12-175,ས་གཞི་འདི་ནང་གི་གློག་ཐག་གི་ནུས་པ་འདི་ ཕྲང་ལམ་གྱི་མཐའ་འཁོར་གྱི་ཁྱབ་ཚད་ཨིན།,i དང་ ii,i དང་ iii,ii དང་ iii,"i, ii དང་ iii ཚུ་ཨིན།",d
hsc-advanced_physics-12-176,གློག་ཐག་གི་ཤུགས་འདི་ འཕྲལ་འཕྲལ་རང་ ལྔ་ལྡབ་སྦེ་ཡར་སེང་འབད་བ་ཅིན་ གློག་ཐག་གི་ཤུགས་འདི་ འཕྲལ་འཕྲལ་རང་ ལྔ་ལྡབ་སྦེ་ཡར་སེང་འབད་བ་ཅིན་ གློག་ཐག་གི་ཤུགས་འདི་ ཚར་ག་དེ་ཅིག་ལུ་ ཡར་སེང་འགྱོ་ནི་ཨིན་ན?,\frac{\lambda}{ln2}ལུ་ བཀྲམ་སྟོན་འབདཝ་ཨིན།,\frac{1}{\lambda}ལུ་ བསྒྱུར་བཅོས་འབདཝ་ཨིན།,\frac{0.693}{T_{\frac{1}{2}}} འདི་ཡང་ ཌའི་ལོག་གི་ས་སྒོ་འདི་ནང་ལུ་ཨིན།,\frac{0.693}{\lambda}ལུ་ བསྒྱུར་བཅོས་འབདཝ་ཨིན།,b
hsc-advanced_physics-12-177,འ་ནི་ནང་ལས་ ག་འདི་གློག་མེའི་གློག་ཤུགས་གི་རྦ་རླབས་ཨིན་ན?,\frac{h}{\pi}ལུ་ བསྒྱུར་བཅོས་འབདཝ་ཨིན།,\frac{2h}{\pi}ལུ་ བསྒྱུར་བཅོས་འབདཝ་ཨིན།,\frac{h}{\lambda}ལུ་ བསྒྱུར་བཅོས་འབདཝ་ཨིན།,\frac{2h}{\lambda}ལུ་ བསྒྱུར་བཅོས་འབདཝ་ཨིན།,b
hsc-advanced_physics-12-178,ལྕགས་ཀྱི་ཤུགས་ཚད་དང་འདྲན་འདྲ་ཤུགས་ཡོད་པའི་གློག་རྡུལ་ཅིག་ལུ་ཕོག་པ་ཅིན་ གློག་རྡུལ་ཐོན་པའི་ཤུགས་འདི་ -,A m^{-2} གི་གནས་གོང་ཨིན།,A m,m A^{-1} གི་གནས་གོང་ཨིན།,A^{-1} m^{2} འདི་ཡང་,a
hsc-advanced_physics-12-180,i. དབྱིབས་,200 \Omega,ཨོ་མེ་ག་ ༡༠༠,ཨོ་མེ་ག་ ༢,0.5 ཨོ་མེ་ག་,b
hsc-advanced_physics-12-181,༢། ས་སྟོང་,དེ་ཚུ་གནས་སོར་འགྱོ་མི་ཚུགས།,ཡར་འཕར་འགྱོཝ་ཨིན།,མར་བབས་འགྱོ་དོ་ཡོདཔ་ཨིན།,དེ་ ༠ ཨིན་པས།,a
hsc-advanced_physics-12-182,གསུམ་པ་ སཱིལ་ནིཌར་,50 Vm^{-1}ལུ་ བསྒྱུར་འབདཝ་ཨིན།,100 Vm^{-1}ལུ་ བསྒྱུར་འབདཝ་ཨིན།,400 Vm^{-1}ལུ་ བསྒྱུར་འབདཝ་ཨིན།,1600 Vm^{-1} འདི་ཡང་,c
hsc-advanced_physics-12-183,འོག་ལུ་ཡོད་མི་ལས་ ག་འདི་བདེན་པ་ཨིན་ན་ཟེར་བ་ཅིན་,གློག་ཤུགས་ཀྱི་ནུས་པ་,ནང་འཁོད་ནུས་ཤུགས་,འབུབ་འབུབ་,དྲོད་ཚད་,d
hsc-advanced_physics-12-184,1.6 \times 10^{6} eV གི་ཤུགས་ཡོད་པའི་གློག་རྡུལ་ཅིག་གི་ལྗིད་ཚད་འདི་ག་དེམ་ཅིག་ཡོདཔ་ཨིན་ན?,འ་ནི་གློག་ཤུགས་འདི་ ཚད་མེད་པའི་ས་སྒོ་ནང་ལས་ ནེ་གཱཊི་གི་གློག་ཤུགས་ཐོབ་ཚུགསཔ་ཨིན།,འ་ནི་ས་སྒོ་ནང་ལུ་ ནུས་ཤུགས་ཀྱིས་ཤུགས་རྐྱང་གི་རྩིས་ཁྲ་འདི་ནང་ལུ་ ལཱ་འབདཝ་ཨིན།,ཚད་མེད་པའི་ས་ཐག་རིང་ས་ལས་ ནུས་ལྡན་གློག་ཤུགས་རྐྱང་པ་ཅིག་འབག་འོང་ནིའི་ཐབས་ལམ།,འ་ནི་ས་སྒོ་འདི་ནང་ལུ་ ནུས་མེད་གློག་ཤུགས་རྐྱང་པ་ཅིག་ལུ་ཤུགས་རྐྱང་གི་ཐོག་ལས་ བཏུབ་ཨིན།,c
hsc-advanced_physics-12-185,དབྱེ་ཞིབ་ཀྱི་རྣམ་གཞག་ལུ་ གཞི་བཞག་པ་ཅིན་ འོག་གི་འགྱུར་ཅན་ཚུ་ལས་ ག་དེ་ཅིག་ འགྱུར་བ་མེདཔ་ཨིན་ན?,JC^{-1} འདི་ཡང་,ཇེསི་སི་,N.C^{-1}ལུ་ བསྒྱུར་འབདཝ་ཨིན།,N.m^{-1} འདི་ལུ་བལྟ་བ་ཅིན་,a
hsc-advanced_physics-12-186,ཇི་ཨེ་གི་ཐད་ལུ་ བཀྲམ་སྤེལ་གྱི་སྡེ་ཚན་དང་ བཀྲམ་སྤེལ་གྱི་སྡེ་ཚན་གྱི་བར་ན་ ནུས་ཤུགས་ཀྱི་ཁྱད་པར་ག་དེམ་ཅིག་ཡོདཔ་ཨིན་ན?,ཀི་ལོ་མི་ཊར་༥༠༠,ཀི་ལོ་མི་ཊར་༥༥༠,ཀི་ལོ་ཇི་༦༠༠,ཀི་ལོ་ཇི་༦༥༠,c
hsc-advanced_physics-12-187,ཚ་དྲོད་གནས་སྟངས་ཀྱི་ཐད་ལུ་ ལག་ལེན་འཐབ་ནི།,i དང་ ii,i དང་ iii,ii དང་ iii,"i, ii དང་ iii ཚུ་ཨིན།",b
hsc-advanced_physics-12-188,i. བཏོན་པའི་སྐབས་ dU = ༠,ཨི་སོ་བཱ་ར་,ཨི་ཟོཊོ་པི་,ཨི་ཟོ་མཱར་,ཨི་ཟོཊོན,d
hsc-advanced_physics-12-189,༢། ཚད་འཛིན་འབད་ནིའི་ཐབས་ལམ་ནང་ལུ་ dW = -dU,100%,26.80%,20.60%,0%,b
hsc-advanced_physics-12-190,གསུམ་པ་ ཚད་མཉམ་འབད་ཐངས་ནང་ dQ = dU,i དང་ ii,i དང་ iii,ii དང་ iii,"i, ii དང་ iii ཚུ་ཨིན།",a
hsc-advanced_physics-12-191,འོག་ལུ་ཡོད་མི་ལས་ ག་འདི་བདེན་པ་ཨིན་ན་ཟེར་བ་ཅིན་,ཀ་ཏོ་ཌི་གློག་ཤུགས་,ཨཱལ་ཕ་གློག་ཤུགས་,ག་མ་གློག་ཤུགས་,བི་ཊ་གློག་ཤུགས་,c
hsc-advanced_physics-12-192,ཚད་ལྡན་འཚོར་བ་ཡོད་པའི་རྒྱུ་རྫས་ཚུ་གི་ ཚེ་ཚད་དེ་:,\overline{A}. \overline{B} ཕྲ་རིང་གི་ཕྲ་རིང་གི་ཕྲ་རིང་གི་ཕྲ་རིང་,\overline{A} + \overline{B} འདི་ཡང་ ཌའི་ལོག་གི་ ཌའི་ལོག་གི་ ཌའི་ལོག་ནང་ཨིན།,A+B,A.B.,a
hsc-advanced_physics-12-193,ཧའི་ཌོ་ཇེན་གྱི་ ཨེཆ་བཱོལ་བཞི་པའི་ནང་ལུ་ ཨེཆ་བཱོལ་ཨེན་ཇི་གི་ཤུགས་འདི་ ...,༣.༥༡ MeV,༣༥.༢ མེ་ཝཱཊི་,༣༧.༧ MeV,མེ་ཝཱཊི་༩༣༡,b
hsc-advanced_physics-12-194,ཆུ་གི་དུག་ཚད་འདི་ག་དེམ་ཅིག་ཡོདཔ་ཨིན་ན?,༢.༢༥ \times ༡༠^{2} འདི་ ༡༠^{2} ཨིན།,2.29 \times 10^{7} འདི་ཡང་ བརྒྱ་ཆ་ ༡༠^{7} ཨིན།,3.92 \times 10^{7} འདི་ཡང་ བརྒྱ་ཆ་ ༡༠^{7} ཨིན།,9.32 \times 10^{7} འདི་ཡང་ སྦྲེལ་མཐུད་འབད་བཏུབ་ཨིན།,b
hsc-advanced_physics-12-195,ཀཱར་ནོ་ཨེན་ཊི་འདི་ ཧི་མཱན་ཀཱདང་ སི་བུཊ་ནཱན་ཀཱགི་བར་ནའི་ ས་ཁོངས་ནང་ལུ་ ལག་ལེན་འཐབ་སྟེ་འདུག འདི་ཚུ་ ག་དེ་སྦེ་ལཱ་འབདཝ་ཨིན་ན?,༧༡༡ ཨེཕ་,༢༧༢ \mu F,༦༤༠ \mu F,༦༡༤ \mu F,b
hsc-advanced_physics-12-196,གློག་ཤུགས་ཝཱཊ་༤༠༠ དང་ ཝཱཊ་༢༠༠ གི་བར་ནའི་ ཚད་གཞི་འདི་ག་དེམ་ཅིག་ཡོདཔ་ཨིན་ན?,ཡར་སེང་འགྱོ་འོང་།,༠ ལུ་འབད།,མར་ཕབ་འབད་འོང་།,འདི་ཚུ་ བསྒྱུར་བཅོས་འབད་མ་ཚུགས།,b
hsc-advanced_physics-12-197,ཕྱིར་འཐོན་འབད་ཐངས་ནང་ ཨེན་ཏོརཔི་,\frac{S + G}{S}ལུ་ བསྒྱུར་བཅོས་འབདཝ་ཨིན།,\frac{S}{S+G}ལུ་ བསྒྱུར་བཅོས་འབདཝ་ཨིན།,\frac{S+G}{G}ལུ་ བསྒྱུར་བཅོས་འབདཝ་ཨིན།,\frac{G}{S+G}ལུ་ བསྒྱུར་བཅོས་འབདཝ་ཨིན།,a
hsc-advanced_physics-12-198,ཚད་ལྡན་གློག་ཤུགས་ཀྱི་ས་སྒོ་ནང་ 50 cm གི་བར་ན་ཡོད་པའི་ས་སྒོ་གཉིས་ཀྱི་བར་ནའི་གློག་ཤུགས་ཀྱི་ཁྱད་པར་འདི་ 200 V ཨིན། ནུས་ཤུགས་འདི་ག་དེམ་ཅིག་ཡོདཔ་ཨིན་ན?,1.989 \times 10^{-16} J འདི་ ཀེར་ཐིག་གི་མཐའ་མ་ལུ་ཡོདཔ་ཨིན།,2.89 \times 10^{-16} J འདི་ ཀེར་ཐིག་ ༡༠་གི་གྱངས་ཁ་ཨིན།,19.89 \times 10^{-16} J འདི་ ཀེར་ཐིག་གི་མཐའ་མ་ལུ་ཡོདཔ་ཨིན།,91.98 \times 10^{-16} འདི་ J ཨིན་པས།,a
hsc-advanced_physics-12-199,སྐར་མ་གསུམ་ཆ་མཉམ་འདི་ ཚ་དྲོད་གནས་སྟངས་འདི་ནང་ཡོད་པ་ཅིན་ ཁོང་གསུམ་ཆ་མཉམ་འདི་ ག་བཟུམ་ཅིག་སྦེ་འོང་ནི་ཨིན་ན?,i དང་ ii,i དང་ iii,ii དང་ iii,"i, ii དང་ iii ཚུ་ཨིན།",d
hsc-advanced_physics-12-200,གློག་ཤུགས་ཀྱི་ས་སྒོ་འདི་ ས་གནས་གཅིག་ལས་གཞན་ཁ་ལུ་ འགྱོ་དོ་ཡོདཔ་ཨིན།,0.2 ཨོ་མེ་ག་,1.2 ཨོ་མེ་ག་,༢.༢ ཨོ་མེ་ག་,4.2 \Omega,a
hsc-advanced_physics-12-201,ཝཱལཊི་ ཨེ་,1.3 \times 10^{-5}F འདི་ F གི་གནས་གོང་ཨིན།,6.5 \times 10^{-9}F འདི་ཡང་ F གི་གནས་གོང་ལུ་གཞི་བསྟུན་འབདཝ་ཨིན།,1.3 \times 10^{-10}F འདི་ F གི་གནས་གོང་ཨིན།,6.5 \times 10^{-10}F འདི་ཡང་,c
hsc-advanced_physics-12-202,"_{0}^{1}\textrm{n} + _{92}^{235}\textrm{U} + _{56}^{141}\textrm{Ba} + _{36}^{92}\textrm{Kr} + 3 _{0}^{1}\textrm{n} + ནུས་ཤུགས་ལུ་བརྟེན་ སྦྲགས་སྦྲགས་འབད་བཏུབ་ཨིན།

འདི་ག་དེ་སྦེ་འགྱོ་འགྱོཝ་ཨིན་ན་ཟེར་བ་ཅིན་
_{0}^{1}\textrm{n} + _{92}^{235}\textrm{U} + _{56}^{141}\textrm{Ba} + _{36}^{92}\textrm{Kr} + 3 _{0}^{1}\textrm{n} + ནུས་ཤུགས་ལུ་བརྟེན་ ཕྲང་ལམ་འདི་ ཕྲང་ལམ་འདི་ ཕྲང་ལམ་འདི་ ཕྲང་ལམ་འདི་ ཕྲང་ལམ་འདི་""",མཐུད་སྦྲེལ་,བཟའ་ཆས་ཚུ་,ནིའུ་ཀིའུ་ལི་ཡཱན་ མེ་རླུང་འགྱུར་འགྲོས་,མཐུད་སྦྲེལ་འབད་ཐངས་,b
hsc-advanced_physics-12-203,,༡༣༢ མེ་ཝཱཊི་,༡༨༢ མེ་ཝཱཊི་,༡༩༢ MeV,༢༠༠ MeV,d
hsc-advanced_physics-12-204,ཤུགས་འདི་ག་དེ་ཅིག་ཐོན་ཡོདཔ་ཨིན་ན?,i དང་ ii,i དང་ iii,ii དང་ iii,"i, ii དང་ iii ཚུ་ཨིན།",d
hsc-advanced_physics-12-205,"1 a.m.u = ""འ་ནི་ལས་ཀ་འདི་གིས་ ཐད་ཀར་དུ་ """,ཇུལ་ཀཱལ་ལོ་རི་,ཇུལ་/ཀ་ལོ་རི་,ཀ་ལོ་རི་/གག་རམ་,ཀ་ལོ་རི་/ཇུ་ལི,b
hsc-advanced_physics-12-206,i. མེ་ཝཱཊི་༩༣༡,སྦྲེལ་མཐུད་འབད་,དྲན་སྣང་།,འདོད་སྤྱོད་,བཏོན་གཏང་,c
hsc-advanced_physics-12-207,༢. ༩༣༡ \times ༡༠^{6} eV,62,67,90,99,d
hsc-advanced_physics-12-208,གསུམ་པ་ 1.66057 \times 10^{-27} kg འདི་ ཀི་ལོ་གྷར་ ༡.༦༠.༥༧ ཨིན་པས།,1:01,9:01,4:01,2:01,b
hsc-advanced_physics-12-209,འོག་ལུ་ཡོད་མི་ལས་ ག་འདི་བདེན་པ་ཨིན་ན་ཟེར་བ་ཅིན་,༣༠་\degrees,༤༥་\degrees,༦༠་\degree,༩༠་\degree,a
hsc-advanced_physics-12-210,ཚ་དྲོད་གི་འཕྲུལ་རིག་གི་ འདྲ་མཉམ་གྱི་ཚད་གཞི་འདི་ག་ཅི་ཨིན་ན།,i དང་ ii,i དང་ iii,ii དང་ iii,"i, ii དང་ iii ཚུ་ཨིན།",a
hsc-advanced_physics-12-211,འགྱུར་བ་འདི་ དམིགས་བསལ་གྱི་དབྱེ་བ་ཅིག་ཨིན།,NK^{-1} འདི་ཡང་,JK^{-1} འདི་ཡང་,Jmole^{-1} K^{-1} འདི་ ཀེར་ཐིག་གི་མཐའ་མ་ལུ་ཡོད་པའི་ ཀེར་ཐིག་ཨིན།,N^{-1} m^{-2} C^{2} འདི་ཡང་ ཀྲོང་གསར་ལུ་ཡོད་པའི་,b
hsc-advanced_physics-12-212,བརྟག་དཔྱད་འདི་ སེམས་ཅན་༢ ལུ་འབད་ཡོདཔ་ད་ ཌོག་ཊར་ཡོ་གེནཌི་གིས་ ཌོག་ཊར་ཡོ་གེནཌི་ལུ་ ཌོག་ཊར་ཡོ་གེནཌི་གིས་ ཌོག་ཊར་ཡོ་གེནཌི་ལུ་ ཌོག་ཊར་ཡོ་གེནཌི་ལུ་ ཌོག་ཊར་ཡོ་གེནཌི་གིས་ ཌོག་ཊར་ཡོ་གེནཌི་ལུ་ ཌོག་ཊར་ཡོ་གེནཌི་ལུ་ ཌོག་ཊར་ཡོ་གེནཌི་ལུ་ ཌོག་ཊར་ཡོ་གེནཌི་ལུ་ ཌོག་ཊར་ཡོ་གེནཌི་ལུ་ ཌོག་ཊར་ཡོ་གེནཌི་ལུ་ ཌོག་ཊར་ཡོ་གེནཌི་ལུ་ ཌོག་ཊར་ཡོ་གེནཌི་ལུ་ ཌོག་ཊར་ཡོ་གེནཌི་ལུ་ ཌོག་ཊར་ཡོ་གེནཌི་ལུ་ ཌོག་ཊར་ཡོ་གེནཌི་ལུ་ ཌོག་ཊར་ཡོ་གེནཌི་ལུ་ ཌོག་ཊར་ཡོ་གེནཌི་ལུ་ ཌོག་ཊར་ཡོ་གེནཌི་ལུ་ ཌི་ལུ་ ག་མ་མཱལ་ (\gamma = 5461\AA) འདི་ལག་ལེན་འཐབ་པ་ཅིན་ གྲལ་ཐིག་ག་དེ་ཅིག་འཐོན་འོང་ནི་ཨིན་ན?,ཤུགས་འདི་གནས་སོར་འགྱོ་རུང་ དུམ་ཚད་འདི་ཡར་འཕར་འགྱོ་དོ་ཡོདཔ་ཨིན།,ཁྲག་ཤུགས་འདི་གནས་སོར་འགྱོ་རུང་ དུམ་ཚད་འདི་ མར་བབས་འགྱོ་དོ་ཡོདཔ་ཨིན།,ས་སྒོ་ཚུ་གནས་ཚད་དང་བསྟུན་ཏེ་ཡོད་རུང་ ཁྲག་ཤུགས་འདི་ཡར་འཕར་འགྱོ་དོ་ཡོདཔ་ཨིན།,ཤུགས་ཚད་དང་ དཀྱིལ་འཁོར་ དེ་ལས་དྲོད་ཚད་ཚུ་ཡར་འཕར་འགྱོ་དོ་ཡོདཔ་ཨིན།,c
hsc-advanced_physics-12-213,སྐལཔ་གཉིས་ཆ་རའི་ནང་ སྐལཔ་གཉིས་ཆ་རའི་ནང་ སྐལཔ་གཉིས་ཆ་རའི་ནང་ སྐལཔ་གཉིས་ཆ་རའི་ནང་ སྐལཔ་གཉིས་ཆ་རའི་ནང་ སྐལཔ་གཉིས་ཆ་རའི་ནང་ སྐལཔ་གཉིས་ཆ་རའི་ནང་,p^{\gamma - 1} = འཕྲོ་མཐུད་འབད་རང་ཡོདཔ་ཨིན།,P^{\gamma} T^{\gama + 1} = འཕྲལ་འཕྲལ་རང་ཡོདཔ་ཨིན།,P^{\gamma} T^{\gamma - 1} = འཕྲོ་མཐུད་འབད་རང་ཡོདཔ་ཨིན།,P^{1 - \gamma} T^{\gamma} = འཕྲོ་མཐུད་འབད་རང་ཡོདཔ་ཨིན།,d
hsc-advanced_physics-12-215,i. F_{c} = \frac{Mv^{2}}{r} འདི་ ཀེར་ཐིག་གི་མཐའ་མ་ལུ་ཡོད་མི་འདི་ཨིན།,i དང་ ii,ii དང་ iii,i དང་ iii,"i, ii དང་ iii ཚུ་ཨིན།",a
hsc-advanced_physics-12-216,༢། F_{c} = m\omega^{2}r ཨིན་པ་ཅིན་,ཁྱིམ་གཅིག་,ཁང་ཚན་གཉིས་,ཁང་ཚན་གསུམ་ཡོདཔ་ཨིན།,ཁང་ཚན་བཞི་ཡོདཔ་ཨིན།,b
hsc-advanced_physics-12-217,གསུམ་པ་ F_{c} = mr^{2} འདི་ ཀླད་ཀོར་གྱི་ཕྲ་རིང་ཨིན།,ཆུ་ཚོད་ ༡༢,ཆུ་ཚོད་༦,དུས་ཡུན་ཆུ་ཚོད་༣,ཆུ་ཚོད་༢,b
hsc-advanced_physics-12-218,འོག་ལུ་ཡོད་མི་ལས་ ག་འདི་བདེན་པ་ཨིན་ན་ཟེར་བ་ཅིན་,\beta = \frac{\alpha}{1 + \alpha} འདི་ཡང་ སྦྲེལ་རྟགས་ཨིན་,\beta = \frac{1 + \alpha}{1 - \alpha} འདི་ཡང་ སྦྲེལ་རྟགས་ཨིན་,\alpha = \frac{\beta}{1 + \beta} འདི་ཨིན་པ་ཅིན་,\alpha = \frac{1 + \beta}{\beta} འདི་ཡང་ ཌའི་ལོག་ནང་ལུ་ཨིན་,c
hsc-advanced_physics-12-219,ནུས་ཤུགས་ཀྱི་འཛོལ་བ་འདི་ 0.0377 amuཨིན་པ་ཅིན་ བསྡུ་ལེན་གྱི་ཤུགས་འདི་ག་དེམ་ཅིག་འོང་ནི་སྨོ་,1,2,3,4,d
hsc-advanced_physics-12-220,"མི་ཊར་རེ་ལུ་ ཟུར་ཐིག་གི་གཡོན་ཁ་ཐུག་ལུ་ 8.5 \Omega དང་གཡས་ཁ་ཐུག་ལུ་ 3.5 \Omega གི་བཀག་ཐབས་འབད་ཡོདཔ་ཨིན།
ཟུར་ཐིག་གི་གཡོན་ཁ་ཐུག་ལས་ ཟུར་ཐིག་གི་མཐའ་མ་དེ་ག་དེ་ཅིག་ཐག་རིང་ཡོདཔ་ཨིན་ན?",གློག་ཤུགས་ཉུང་སུ་གཏང་ནི་,གྱངས་ཁ་འདི་ མར་ཕབ་འབདཝ་ཨིན།,ཉེན་ཁ་ཚུ་ མར་ཕབ་འབད།,གོང་འཕེལ་གཏང་ནི་,a
hsc-advanced_physics-12-221,"མི་ཊར་༡ གི་ ཟུར་ཐིག་གི་གཡོན་ཁ་ཐུག་ལུ་ 8.5 \Omega དང་གཡས་ཁ་ཐུག་ལུ་ 3.5 \Omega གི་བཀག་སྡོམ་འབད་ཡོདཔ་ཨིན།
ཟུར་ཐིག་གཉིས་ ས་གནས་སོ་སོ་ནང་སོར་བ་ཅིན་ ཟུར་ཐིག་འདི་གཡོན་ཁ་ཐུག་ལུ་ ག་དེ་ཅིག་འགྱོ་བར་འོང་ག?
ཚད་ལྡན་གེསི་གི་ཁྱབ་ཚད་དེ་ 0.04 m^3ལས་ 0.05 m^3ལུ་ཡར་འཕར་འགྱོཝ་ཨིན། ཕྱི་ཁ་ལུ་ལཱ་ག་དེ་ཅིག་ འབད་ཡོདཔ་ཨིན་ན?
བསྐྱར་གསོའི་ལཱ་གི་རིམ་པ་ -",NC^{-1} m^{2} འདི་ཡང་ ནུས་ཤུགས་ཀྱི་རིམ་པ་ཨིན།,JC^{-1} འདི་ཡང་,V,V/m,a
hsc-advanced_physics-12-222,i. བྱ་རིམ་ངན་པ་ཅིག་ཨིན་མས།,320 \mu F ཨིན་པུཊི་,༤༢༠ \mu F,༥༡༡ \mu F,༧༡༡ \mu F,d
hsc-advanced_physics-12-223,༢། འདི་ རང་བཞིན་གྱི་ལཱ་ཨིན།,བེག་རེ་ལཱལ་,ནིའུ་ཊཱན་,རོ་ཊ་ཇེན་,ཝོལཊི་,c
hsc-advanced_physics-12-224,གསུམ་པ་ རིམ་ལུགས་འདི་ ཚ་དྲོད་གནས་སྟངས་འདི་ ཚད་འཛིན་འབད་མི་ཚུགས།,མེ་ཝཱཊི་༩༣༢,༩༣.༢ མེ་ཝཱཊི་,༩.༣༢ མེ་ཝཱཊི་,0.932 མེ་ཝཱཊི་,a
hsc-advanced_physics-12-225,འོག་ལུ་ཡོད་མི་ལས་ ག་འདི་བདེན་པ་ཨིན་ན་ཟེར་བ་ཅིན་,གློག་ཤུགས་འཕར་འགྱོ།,ཚིག་ཡིག་,རླུང་སྒང་ཚད་,ག་ནི་ཡང་མེན།,c
hsc-advanced_physics-12-226,"གློག་ཤུགས་ཀྱི་དུག་གཉིས་བཟོ་ནིའི་དོན་ལུ་ 5\mu C གློག་ཤུགས་ཀྱི་གློག་ཤུགས་གཉིས་ལུ་ 4mm གི་བར་ན་བཞག་ཡོདཔ་ཨིན། ཌི་པོ་ལར་འདི་ 2 \times 10^4 NC^{-1} ཚུ་ ཀ་རལ་གྱི་གློག་ཤུགས་ཀྱི་ས་སྒོ་ལུ་ ཕྲ་རིང་སྦེ་བཙུགས་ཡོདཔ་ཨིན།
ཌི་བི་ཨོརཊི་བཱལ་ཝར་ག་དེ་ཅིག་ཡོདཔ་ཨིན་ན་?",ཨི་ཟོ་མཱར་,ཨི་ཟོཊོ་པི་,ཨི་སོ་བཱ་ར་,ཨི་ཟོཊོན,c
hsc-advanced_physics-12-227,5\mu Cགློག་ཤུགས་ཀྱི་གློག་ཐག་ར་བ་ཅིག་བཟོ་ནིའི་དོན་ལུ་ གློག་ཤུགས་ཀྱི་གློག་ཐག་ར་བ་གཉིས་ཆ་ར་ 4mm གི་བར་ན་བཞག་ཡོདཔ་ཨིན། ཌི་པོ་ལར་འདི་ 2 \times 10^4 NC^{-1} ཚུ་ ཀ་རལ་གྱི་གློག་ཤུགས་ཀྱི་ས་སྒོ་ལུ་ ཕྲ་རིང་སྦེ་བཙུགས་ཡོདཔ་ཨིན།,i དང་ ii,i དང་ iii,ii དང་ iii,"i, ii དང་ iii ཚུ་ཨིན།",a
hsc-advanced_physics-12-228,གློག་ཤུགས་ཀྱི་ས་སྒོ་ནང་ དབྱིབས་གཉིས་ཆ་ར་ དབྱེ་བ་ཕྱེ་ནི་གི་དོན་ལས་ མཚོན་ཤུགས་ག་དེམ་ཅིག་ དགོཔ་ཨིན་ན?,༣༡.༢ མེ་ཝཱཊི་,༣༢.༥ MeV,༣༣.༡ MeV,༣༥.༡ MeV,d
hsc-advanced_physics-12-229,དབྱེ་ཞིབ་ཀྱི་ཚད་གཞི་འདི་ག་ཅི་སྨོ་,༨༧.༧༠ སེན་ཊི་མི་ཊར་,83.70 cm ཨིན་པུཊི་,70.83 cm ཨིན་པུཊི་,63.73 cm ཨིན་པུཊི་,c
hsc-advanced_physics-12-230,ག་འདི་གློག་མེའི་གློག་ཤུགས་ཀྱི་རྦ་རླབས་མེན་པ་ཨིན་ན?,༦༦.༤༡ སེན་ཊི་མི་ཊར་,༤༡.༦༦ སེན་ཊི་མི་ཊར་,16.41 cm,16.16 cm,b
hsc-advanced_physics-12-231,"འོད་ཟེར་གྱི་འབྱུང་ཁུངས་འདི་ འདྲ་མཉམ་ཨིན་ན།
i. འབྱུང་ཁུངས་འདི་ ཆུང་བ་གཉིས་ཨིན།
༢། འབྱུང་ཁུངས་ནང་ལས་ ཝེཌ་རིང་ཚད་གཅིག་མཚུངས་ཐོན་འོང་།
གསུམ་པ་ འབྱུང་ཁུངས་གཉིས་ གཅིག་ལས་ཐག་རིང་ས་ཅིག་ལུ་སྡོད་དགོཔ་ཨིན།
འོག་ལུ་ཡོད་མི་ལས་ ག་འདི་བདེན་པ་ཨིན་ན་ཟེར་བ་ཅིན་
isotope གི་ top"" ཟེར་མི་འདི་ ག་ཅི་ཨིན་ན་?",1 J,༡༠ J,༡༠༠ J,༡༠༠༠ J,d
hsc-advanced_physics-12-232,\frac{c}{\sqrt{3}} འདི་ མགྱོགས་དྲགས་སྦེ་འགྱོ་མི་རྡུལ་ཕྲན་ཅིག་གི་ཤུགས་འདི་ཨིན།,i དང་ ii,i དང་ iii,ii དང་ iii,"i, ii དང་ iii ཚུ་ཨིན།",d
hsc-advanced_physics-12-233,བཟོ་བཀོད་ཅན་གྱི་སྤྱོད་ལམ་གྱི་ཐད་ལུ་ ས་ཁར་ཐིམ་པའི་རྦ་རླབས་ཀྱི་ལམ་དེ་ དབྱེ་བ་ཕྱེ་ནི་ཨིན་མས།,2 \times 10^{-8} Cm འདི་ལུ་བལྟ་བ་ཅིན་,1.6 \times 10^{-8} Cm འདི་ཡང་ སྦྲེལ་རྟགས་འདི་ཨིན།,1.4 \times 10^{-8} Cm འདི་ཡང་ ཀི་ལོ་མི་ཊར་ ༡.༤ ཨིནམ་སྦེ་མཐོང་འོང་།,1.2 \times 10^{-8} Cm འདི་ཡང་ སྦྲེལ་རྟགས་ཨིན་,a
hsc-advanced_physics-12-234,Young's double-blind experiment ནང་ལུ་ སྐར་མ་གཉིས་ཀྱི་བར་ན་ ས་ཐག་རིང་ས་ 0.4 mm ཡོད་པའི་སྐར་མ་འདི་ སྐར་མ་གི་འོད་ཚད་ 6000 \AA ཡོད་མི་ལུ་བལྟ་བ་ཅིན་ སྐར་མ་གི་མཐའ་མཇུག་གི་འོད་མདངས་འདི་ སྐར་མ་གི་ལྟེ་བ་ལས་ 18 mm གི་ས་ཐག་རིང་སར་སྦེ་མཐོང་ནུག རྒྱང་ཚད་དེ་ 1mཨིན།,6 \times 10^{-4} Nm འདི་ལུ་བལྟ་བ་ཅིན་,4 \times 10^{-4} འདི་ Nm ཨིན།,2 \times 10^{-4} Nm འདི་ལུ་བལྟ་བ་ཅིན་,1.2 \times 10^{-4} Nm འདི་ཡང་,b
hsc-advanced_physics-12-235,,\Omega - m^{-1} དེ་ ཨོ་མེ་ག་ལུ་ཨེབ་གཏང་འབད།,ཨོ་མེ་ག་,ཨོ་མེ་ག་ - m,\Omega - m^{-2} དེ་ ཨོ་མེ་ག་ཨིན་ཌི་ཨེམ་ཨིན་ཌི་ཨེམ་ཨིན།,c
hsc-advanced_physics-12-236,གྱལ་རིམ་གཉིས་པ་ལས་ གྱལ་རིམ་བཞི་པ་གི་བར་ནའི་ས་སྒོ་འདི་ག་དེམ་ཅིག་ཡོདཔ་ཨིན་ན?,མཐོང་ཚུགས་པའི་འོད་ཟེར་,X-rays,ག་མ་གློག་ཤུགས་,ཨཱལ་ཕ་གློག་ཤུགས་,d
hsc-advanced_physics-12-237,Young's double-blind experiment ནང་ལུ་ སྐར་མ་གཉིས་བར་ནའི་བར་མཚམས་འདི་ སྐར་མ་ 0.4 mm ཨིནམ་ལས་ སྐར་མ་འདི་ སྐར་མ་ 6000 \AA གི་འོད་ཀྱི་རིང་ཚད་ལུ་གསལ་སྟོན་འབད་བ་ཅིན་ སྐར་མ་འདི་ སྐར་མ་ 18 mm གི་ས་ཁར་ཡོད་པའི་ སྐར་མ་འདི་ སྐར་མ་གི་བར་མཚམས་ལུ་གསལ་སྟོན་འབདཝ་ཨིན། རྒྱང་ཚད་དེ་ 1mཨིན།,i དང་ ii,i དང་ iii,ii དང་ iii,"i, ii དང་ iii ཚུ་ཨིན།",d
hsc-advanced_physics-12-238,,ས་སྒོ་ཚུ་,འཕྲུལ་ཆས་ཚུ་,ལཱ་འབད་ཐངས་,ནད་འབུབ་ཀྱི་ཁྱབ་ཚད་,a
hsc-advanced_physics-12-239,གྱལ་རིམ་གཉིས་པ་ལས་ གྱལ་རིམ་བཞི་པ་གི་བར་ནའི་ས་སྒོ་འདི་ག་དེམ་ཅིག་ཡོདཔ་ཨིན་ན?,0.173 m_{0}c^{2} འདི་ཡང་ ཀེར་ཐིག་ ༢ ནང་ལུ་ཨིན་,\sqrt{\frac{3}{2}}m_{0}c^{2}ལུ་ བསྒྱུར་གཏང་པ་ཅིན་,\frac{\sqrt{2}}{4}m_{0}c^{2}ལུ་ བསྒྱུར་གཏང་པ་ཅིན་,༡.༧༣༢ m_{0}c,b
hsc-advanced_physics-12-240,ཀམ་པཱཊོན་གི་ལཱ་འདི་ གྲུབ་མཐའ་ག་ཏེ་ལུ་ གཞི་བཙུགས་འབད་ནི་ཨིན་ན?,\frac{\lambda}{2}གི་ མཉམ་པའི་གྱངས་ཁ་ཨིན།,\frac{\lambda}{2}གི་ཆ་བགྲངས་ཚུ་,\lambdaགི་ མཉམ་པའི་གྱངས་ཁ་,\lambdaགི་ཆ་བརྒལ་མི་གྱངས་ཁ་,a
hsc-advanced_physics-12-241,ག་དེ་ཅིག་ལུ་ བསྒྱུར་བཅོས་སྦོམ་སྦེ་རང་ འབྱུང་དོ་ཡོདཔ་ཨིན་ན?,1.25 mm,༢.༢༥ མིམིཊི་,༤.༥ mm,༥.༥ mm,b
hsc-advanced_physics-12-242,ཚད་ལྡན་སྣུམ་ཅིག་ལུ་ མཚོན་ཤུགས་དང་དྲོད་ཚད་ཀྱི་བར་ན་ འབྲེལ་ལམ་འདི་ ཚད་ལྡན་སྣུམ་ཅིག་ལུ་ མཚོན་ཤུགས་དང་དྲོད་ཚད་ཀྱི་བར་ན་ འབྲེལ་ལམ་འདི་ཨིན།,1.25 mm,༢.༢༥ མིམིཊི་,༤.༥ mm,༥.༥ mm,b
hsc-advanced_physics-12-243,འ་ནི་ལས་ཀ་འདི་གིས་ ཌེཀསི་ཊོཔ་ ཨི་རག་ལུ་ ཁ་སླབ་མི་ཚུ་ལུ་ཕན་ཐོགས་འོང་།,སྣུམ་ཕྲ་རིང་གི་རྣམ་གཞག་,མདའ་རྦ་རླབས་ཀྱི་རྣམ་གཞག་,ཚད་ལྡན་རྣམ་གཞག་,གློག་ཤུགས་ཀྱི་གློག་རྫས་ཀྱི་རྣམ་གཞག་,c
hsc-advanced_physics-12-244,i. དངོས་པོ་ཅིག་གིས་ རྡུལ་དང་ཆུ་ དེ་ལས་ མེ་རླུང་གི་དབྱིབས་ཚུ་ གཅིག་ཁར་བསྡོམས་ཏེ་ཡོད་པའི་དྲོད་ཚད་དེ་ དངོས་པོ་གི་བར་མཚམས་ཀྱི་གནས་ཚད་ཨིན་ཟེར་སླབ་ཨིན།,ག་མ་གློག་ཤུགས་,X rays ཟེར་མི་འདི་ཨིན།,མཐོང་མ་བཏུབ་པའི་གློག་ཐག་ར་བ་,གློག་ཐག་མེད་པའི་གློག་ཐག་ར་བ་,d
hsc-advanced_physics-12-245,༢། ཚད་འཛིན་གྱི་གནས་ཚད་ལུ་འགྱུར་བའི་འགྱུར་བ་དེ་ ཚ་དྲོད་ཡར་འཕར་གྱི་རིམ་པ་ ཟེར་སླབ་ཨིན།,TP \frac{1 - \gamma}{\gamma} = འཕྲོ་མཐུད་ཨིན་,PT \frac{1 - \gamma}{\gamma} = འཕྲོ་མཐུད་འབད་རང་ཡོདཔ་ཨིན།,TP \frac{\gamma}{1 - \gamma} = འཕྲོ་མཐུད་འབད་རང་ཡོདཔ་ཨིན།,PT \frac{\gamma}{1 - \gamma} = འཕྲོ་མཐུད་འབད་རང་ཡོདཔ་ཨིན།,a
hsc-advanced_physics-12-246,གསུམ་པ་ ལམ་ལུགས་ཅིག་ནང་ ནུས་ཤུགས་བསྒྱུར་བཅོས་འབད་ནི་གི་ ནུས་ཤུགས་མེད་མི་འདི་ལུ་ ཨེན་ཏོརཔི་ཟེར་སླབ་ཨིན།,i དང་ ii,i དང་ iii,ii དང་ iii,"i, ii དང་ iii ཚུ་ཨིན།",d
hsc-advanced_physics-12-247,འོག་ལུ་ཡོད་མི་ལས་ ག་འདི་བདེན་པ་ཨིན་ན་ཟེར་བ་ཅིན་,1.4,2.6,5.2,7.8,b
hsc-advanced_physics-12-248,མཚམས་འཇོག་འབད་སའི་གནས་སྟངས་ནང་ལུ་ མེ་རླུང་རྒྱ་རྫི་ ༡ གི་ནང་འཁོད་ལུ་ཡོད་མི་ མེ་རླུང་རྒྱ་རྫི་འདི་ བརྒྱ་ཆ་ ༢ ལུ་ཡར་འཕར་གཏང་པ་ཅིན་ མཚམས་འཇོག་འབད་སའི་གནས་སྟངས་ནང་ལུ་ མེ་རླུང་རྒྱ་རྫི་ ༡ གི་ནང་འཁོད་ལུ་ཡོད་མི་ མེ་རླུང་རྒྱ་རྫི་འདི་ ཇི་ཇི་སྦེ་ཡར་འཕར་གཏང་ནི་ཨིན་ན?,i དང་ ii,i དང་ iii,ii དང་ iii,"i, ii དང་ iii ཚུ་ཨིན།",a
hsc-advanced_physics-12-249,"ཉེན་སྲུང་གློག་ཐག་གི་གུ་ 5A གློག་ཐག་བཙུགས་ཡོད་པའི་ བརྡ་བཀོད་ཡོད་པ་ཅིན་-
i. ཕྲང་ཕྲང་ཅིག་ནང་བཙུགས་པ་ཅིན་ གློག་ཤུགས་ཤུགས་ A5 ཚུན་གནས་ཚུགསཔ་ཨིན།
༢། 5Aལས་ལྷག་པའི་གློག་ཤུགས་ནང་གློག་ཐག་འཁྱུ་བ་ཅིན་ འཁོར་ལམ་དེ་མེདཔ་ཐལ་འོང་།",དང་པ་ Voltmeterགིས་ བརྟག་དཔྱད་འབད་མི་འདི་ གློག་ཤུགས་ཀྱི་ཤུགས་ཨིན།,དེ་ལས་གཉིས་པ་གི་ནང་དོན་འདི་ གློག་ཤུགས་ཤུགས་ཅན་འདི་ཨིན།,གནད་དོན་དང་པ་འདི་ལུ་བལྟ་བ་ཅིན་ སློབ་སྦྱོང་འདི་ ཁྱད་པར་ཅན་ཅིག་ཨིན་མས།,སྦྱོང་ཚན་གཉིས་པ་དེ་གིས་ སྦྱོང་ཚན་དང་པ་དེ་ལས་ལྷག་པའི་ སྦྱོང་ཚན་མང་ཤོས་ཅིག་ སྟོན་བྱིན་ནུག,a
hsc-advanced_physics-12-250,དངོས་པོ་གཉིས་ཀྱི་བར་ནའི་ ཤུགས་ཀྱིས་དྲོད་ག་དེ་ཅིག་བྱུངམ་ཨིན་ན?,ལོག་འགྱོ་ནིའི་ལམ་ལུགས་,ནམ་ཡང་ལོག་སྟེ་འོང་ནི་མེད་པའི་ བྱ་རིམ་ཨིན།,རླུང་འཚུབས་ཀྱི་རིམ་པ་,སྦྲེལ་མཐུད་འབད་ཐངས་,b
hsc-advanced_physics-12-251,ཆུ་གརམ་༢༠ དེ་ ༠°Cལས་ ༨༠°Cལུ་དྲོད་འབར་འབད་ཡོདཔ་ཨིན། entropyའདི་ག་དེམ་ཅིག་ལུ་འགྱུར་ནི་ཨིན་ན?,༢༡.༥༩ JK^{-1} འདི་ཨིན།,༢༤.༠༢ JK^{-༡},༤༠.༢༠ JK^{-1},46-20 JK^{-1} འདི་ཡང་ ནུས་ཤུགས་ཀྱི་རིམ་པ་ཨིན།,a
hsc-advanced_physics-12-252,གློག་ཐག་གི་རྒྱུད་ལམ་ནང་ལུ་ གློག་མེའི་ཤུགས་ཀྱིས་བྱུང་མི་ཚ་དྲོད་འདི་ H ཨིན།,i དང་ ii,ii དང་ iii,i དང་ iii,"i, ii དང་ iii ཚུ་ཨིན།",d
hsc-advanced_physics-12-253,i. H \propto I^{2} འདི་ཡང་ ཀེར་ཐིག་ ༡ ནང་ལུ་ཨིན་,ཕྱེད་ཀ་,ཐེངས་གཉིས་,༤་སྦེ་ཡར་སེང་འགྱོ་ནུག,བསྒྱུར་བཅོས་འགྱོ་མི་ཚུགས།,c
hsc-advanced_physics-12-254,༢། H \propto t འདི་ཡང་,I དང་ iii,i དང་ ii,ii དང་ iii,"i, ii དང་ iii ཚུ་ཨིན།",b
hsc-advanced_physics-12-255,གསུམ་པ་ H \propto R འདི་,P = \frac{\lambda}{h} ཨིན།,P = \frac{c}{E} ཨིན།,P = \frac{h}{\lambda} འདི་ཡང་ མཚམས་འཇོག་འབད་ཡོད་པའི་གནས་གོང་ཨིན།,P = \frac{h}{c} ཨིན།,c
hsc-advanced_physics-12-256,འོག་ལུ་ཡོད་མི་ལས་ ག་འདི་བདེན་པ་ཨིན་ན་ཟེར་བ་ཅིན་,ཨེཀཊོརནསི་རྐྱངམ་ཅིག་ཨིན།,ས་དོང་འདི་རྐྱངམ་གཅིག་ཨིན།,ཨེལ་ཀཀྲོནཌི་དང་ཧོལ་གཉིས་ཆ་ར་,ཨའོན་རྐྱངམ་ཅིག་ཨིན།,d
hsc-advanced_physics-12-257,འཁོར་ལམ་གྱི་རིང་ཚད་དང་ དབྱེ་མཚམས་ཕྱེད་ཀ་ལུ་ དུམ་གྲ་རེ་ ཡར་སེང་རྐྱབ་པ་ཅིན་ རྒྱུན་འགྲུལ་འཐབ་ནི་ལུ་ བཀག་ཚུགས་ག?,20,40,60,80,c
hsc-advanced_physics-12-259,,H = 0.24 V^{2} It Cal,H = 0.24 \frac{V^{2}}{R} t Cal,H = 0.24 IRt Cal,H = 0.24 P^{2}t Cal,b
hsc-advanced_physics-12-260,དབྱེ་རིམ་དང་ འདྲ་མཉམ་ནང་ལུ་ འདྲ་མཉམ་མཉམ་པ་ C_{s} དང་ C_{p} སྦེ་ཡོད་པ་ཅིན་ འོག་གི་ལས་ག་འདི་བདེན་པ་ཨིན་ན?,310.16 ཀི་ལོ་མི་ཊར་,ཀི་ལོ་མི་ཊར་༣༤༥.༡༦,ཀི་ལོ་མི་ཊར་༣༩.༡༦,ཀི་ལོ་མི་ཊར་༤༠༨.༡༦,a
hsc-advanced_physics-12-262,i. t = \frac{t_{0}}{\sqrt{1 - \frac{v^{2}}{c^{2}},i དང་ ii,i དང་ iii,ii དང་ iii,"i, ii དང་ iii ཚུ་ཨིན།",a
hsc-advanced_physics-12-263,༢། L = \frac{L_{0}}{\sqrt{1 - \frac{v^{2}}{c^{2}},C_{p} = n^{2}C_{s} དང་ཅིག་སྦེ་ཨིན་,C_{p} = nC_{s} འདི་ ཀྲོང་གསར་ལུ་ཨིན་,C_{p} = \frac{C_{s}}{n} ཚུ་དང་ཕྱདཔ་ད་,C_{p} = \frac{C_{5}}{n^{2}} འདི་ ཀྲོང་གསར་ལུ་ཡོད་པའི་ ཀྲོང་གསར་ལུ་ཡོད་པའི་ ཀྲོང་གསར་ལུ་ཨིན།,a
hsc-advanced_physics-12-264,iii. m = \frac{m_{0}}{\sqrt{1 - \frac{v^{2}}{c^{2}},U_{p} = \frac{U_{s}}{n} དེ་ ཨང་དང་པམ་ལུ་ཨེབ་གཏང་འབད།,U_{p} = U_{s} ཚུ་ཨིན།,U_{p} = nU_{s} དེ་ ཨང་དང་པྲ་ཨིན་,U_{p} = n^{2} U_{s} ཚུ་དང་འདྲཝ་ཨིན།,d
hsc-advanced_physics-12-265,འོག་ལུ་ཡོད་མི་ལས་ ག་འདི་བདེན་པ་ཨིན་ན་ཟེར་བ་ཅིན་,3.7 \times 10^{3} Bq འདི་ལུ་བལྟ་བ་ཅིན་,3.7 \times 10^{4} Bq འདི་ལུ་བལྟ་བ་ཅིན་,3.7 \times 10^{7} Bq འདི་ཡང་ བརྒྱ་ཆ་ ༡༠^{7} ཨིན།,3.7 \times 10^{10} Bq འདི་ལུ་བལྟ་བ་ཅིན་,d
hsc-advanced_physics-12-266,གློག་མེའི་ཤུགས་ཀྱི་ཆ་སྙོམ་འདི་ གློག་མེའི་ཤུགས་དང་འབྲེལ་ཏེ་ཨིན།,༩༠་\degree,༥༣་\degrees,༣༧\degree,26\degree དེ་ཚུ་,c
hsc-advanced_physics-12-267,ཀེར་ཐིག་སེན་ཊི་མི་ཊར་ ༥ འབད་མི་ ས་སྒོ་འདི་ནང་ལུ་ གློག་ཤུགས་ཤུགས་ ༡༠ V ཡོད་མི་ལུ་ལྟེ་བ་ལུ་གློག་ཤུགས་ ༡༠ V སྦེ་འཐོན་འོང་།,i དང་ ii,i དང་ iii,ii དང་ iii,"i, ii དང་ iii ཚུ་ཨིན།",b
hsc-advanced_physics-12-268,འགོ་བཙུགས་ཀྱི་ནུས་ཤུགས་ཡོད་པའི་ ཨེ་རོ་ནི་མོཊི་ (N_{0}) གི་ཕྱེད་ཀ་ཚེ་འདི་ ཉིན་གྲངས་ ༣ ཨིནམ་ལས་ ཉིན་གྲངས་ ༡༥ གི་ཤུལ་ལས་ ནུས་ཤུགས་ཡོད་པའི་ ཨེ་རོ་ནི་མོཊི་ (N_{0}) གི་ནུས་ཤུགས་ཡོད་པའི་ ཨེ་རོ་ནི་མོཊི་ (N_{0}) གི་གྲངས་སུ་རྩིས་སྟོནམ་ཨིན།,1:02,1:04,2:01,4:01,d
hsc-advanced_physics-12-269,ལོག་འགྱོ་ནིའི་ལམ་ལུགས་འདི་ནང་ལུ་,0 V,༢ V ལུ་,5V ཨིན།,༡༠ V,d
hsc-advanced_physics-12-270,གློག་ཤུགས་ཐོབ་ཚུགསཔ་བཟོ་ནིའི་ S.I.U.འདི་,\frac{N_{0}}{32}ལུ་ བསྒྱུར་བཅོས་འབདཝ་ཨིན།,\frac{N_{0}}{16}ལུ་ བསྒྱུར་བཅོས་འབདཝ་ཨིན།,\frac{N_{0}}{10}ལུ་ བསྒྱུར་བཅོས་འབདཝ་ཨིན།,\frac{N_{0}}{8} འདི་ཡང་ ཌེཀསི་ཊོཔ་གི་མིང་ཨིན།,a
hsc-advanced_physics-12-271,"གློག་ཤུགས་འདི་ ཌི་པོ་ལར་གྱི་དཀྱིལ་འཁོར་ལུ་ཡོད་པའི་ སྦུག་གི་ས་སྒོ་ལས་ r གི་ས་སྒོ་ལུ་གློག་ཤུགས་འབྱུང་འོང་།
(འ་ནཱ་ལུ་ P = 2lq) ",འདི་ རང་བཞིན་གྱི་ལཱ་ཨིན།,འདི་ཡུན་རིངམ་གི་ བྱ་རིམ་ཨིན།,ཚད་ལྡན་ཚ་དྲོད་གནས་སྟངས་འདི་ རྒྱུན་མ་ཆད་པར་གནས་ཏེ་ཡོདཔ་ཨིན།,ནུས་ཤུགས་འདི་འཕྲོ་བརླག་འགྱོ་འོང་།,b
hsc-advanced_physics-12-272,རྒྱུགས་ཆུའི་མཐའམ་ལུ་ཡོད་པའི་རྡུལ་ཕྲན་ཚུ་གི་གནས་སྟངས་འདི་ ཁྱད་པར་ཅན་ཨིན།,Nm^{-2}C^{-2} འདི་ཡང་ ཀྲོང་གསར་ལུ་ཡོད་པའི་,N^{-1}m^{-2}C^{-2}ལུ་ བཏུབ་ཨིན།,Nm^{-2}C^{2} འདི་ཡང་ ཀེར་ཐིག་གཉིས་པ་ཨིན་,N^{1}m^{-2}C^{2} འདི་ཡང་ ཀྲོང་གསར་ལུ་ཡོད་པའི་,d
hsc-advanced_physics-12-273,གློག་ཤུགས་སྣུམ་འཁོར་རེ་ལུ་ གློག་ཤུགས་ཐོབ་མི་གི་དྲོད་ཚད་འདི་ ༣༦༠ K དང་ ཐོན་ཤུགས་འདི་ ༤༠% ཨིན།,V = \frac{1}{4\pi \epsilon_{0}} = \frac{P}{r-l} འདི་ ཀྲོང་གསར་ལུ་ཡོད་པའི་ ཀྲོང་གསར་ལུ་ཡོད་པའི་ ཀྲོང་གསར་ལུ་ཡོད་པའི་ ཀྲོང་གསར་ལུ་ཡོད་པའི་ ཀྲོང་གསར་ལུ་ཡོད་པའི་ ཀྲོང་གསར་ལུ་ཡོད་པའི་ ཀྲོང་གསར་ལུ་ཡོད་པའི་ ཀྲོང་གསར་ལུ་ཡོད་པའི་ ཀྲོང་གསར་ལུ་ཡོད་པའི་ ཀྲོང་གསར་ལུ་ཡོད་པའི་ ཀྲོང་གསར་ལུ་ཡོད་པའི་ ཀྲོང་གསར་ལུ་ཡོད་པའི་ ཀྲོང་གསར་ལུ་ཡོད་པའི་ ཀྲོང་གསར་ལུ་ཡོད་པའི་ ཀྲོང་གསར་ལུ་ཡོད་པའི་ ཀྲོང་གསར་ལུ་ཡོད་པའི་ ཀྲོང་གསར་ལུ་ཡོད་པའི་ ཀྲོང་གསར་ལུ་ཡོད་པའི་ ཀྲོང་གསར་ལུ་ཡོད་པའི་ ཀྲོང་གསར་ལུ་ཡོད་པའི་ ཀྲོང་གསར་ལུ་ཡོད་པའི་ ཀྲོང་གསར་ལུ་ཡོད་པའི་ ཀྲོང་གསར་ལུ་ཡོད་པའི་,V = \frac{1}{4\pi \epsilon_{0}} = \frac{P}{r+l} འདི་ ཀྲོང་གསར་ལུ་ཡོད་པའི་ ཀྲོང་གསར་ལུ་ཡོད་པའི་ ཀྲོང་གསར་ལུ་ཡོད་པའི་ ཀྲོང་གསར་ལུ་ཡོད་པའི་ ཀྲོང་གསར་ལུ་ཡོད་པའི་ ཀྲོང་གསར་ལུ་ཡོད་པའི་ ཀྲོང་གསར་ལུ་ཡོད་པའི་ ཀྲོང་གསར་ལུ་ཡོད་པའི་ ཀྲོང་གསར་ལུ་ཡོད་པའི་ ཀྲོང་གསར་ལུ་ཡོད་པའི་ ཀྲོང་གསར་ལུ་ཡོད་པའི་ ཀྲོང་གསར་ལུ་ཡོད་པའི་ ཀྲོང་གསར་ལུ་ཡོད་པའི་ ཀྲོང་གསར་ལུ་ཡོདཔ་ཨིན།,V = \frac{1}{4\pi \epsilon_{0}} = \frac{P}{r^{2}-l^{2}},V = \frac{1}{4\pi \epsilon_{0}} = \frac{P}{r^{3}-l^{3}},c
hsc-advanced_physics-12-274,,༠་ རའི་ཌི་ཡཱན,\frac{\pi}{4} ཚུ་ ཌའི་ལོག་ནང་ལུ་,\frac{\pi}{2} ཚུ་ ཌའི་ཡཱན་ནང་ལུ་,\pi རཱ་ཌི་ཡཱན་,a
hsc-advanced_physics-12-275,"ཚ་དྲོད་འབྱུང་ཁུངས་ཀྱི་དྲོད་ཚད་འདི་ --""",ཀི་ལོ་མི་ཊར་ ༤༠༠,ཀི་ལོ་ཇི་༦༠༠,ཀི་ལོ་མི་ཊར་༧༢༠,ཀི་ལོ་མི་ཊར་༩༠༠,b
hsc-advanced_physics-12-276,གློག་ཤུགས་སྣུམ་འཁོར་རེ་ལུ་ གློག་ཤུགས་ཐོབ་མི་གི་དྲོད་ཚད་འདི་ ༣༦༠ K དང་ ཐོན་ཤུགས་འདི་ ༤༠% ཨིན།,ཀི་ལོ་མི་ཊར་ ༤༥༠,ཀི་ལོ་ཇི་༦༠༠,ཀི་ལོ་མི་ཊར་༩༠༠,ཀི་ལོ་མི་ཊར་ ༡༢༠༠,d
hsc-advanced_physics-12-277,,i དང་ ii,i དང་ iii,ii དང་ iii,"i, ii དང་ iii ཚུ་ཨིན།",d
hsc-advanced_physics-12-278,"འཕྲུལ་ཆས་ཀྱི་ནུས་ཤུགས་འདི་ ཚར་གཉིས་བཟོ་དགོ་པ་ཅིན་ གློག་ཤུགས་ཀྱི་དྲོད་ཤུགས་འདི་ ཡར་སེང་འབད་དགོཔ་ཨིན།""","༥,༠༠༠༡ mA",༥.༠༠༡ mA,༥.༠༡ mA,༥.༡ mA,d
hsc-advanced_physics-12-279,Galileoལུ་འགྱུར་ནུག,0.02,0.98,1.02,50,b
hsc-advanced_physics-12-280,i. ནིའུ་ཊཱན་གི་ཤུགས་ཀྱི་ འདྲ་མཉམ་འདི་ འགྱུར་བ་མེད་པར་རང་བཞགཔ་ཨིན།,dU = TdS + PdV,dU = TdS - PdV འདི་,dU = VdP - TdS ཨིན་པ་ཅིན་,dU = VdP + TdS ཨིན་པས།,b
hsc-advanced_physics-12-281,༢། གློག་ཤུགས་གློག་རྫས་ཀྱི་ འདྲ་མཉམ་འདི་ འགྱུར་བ་འགྱོ་དོ་ཡོདཔ་ཨིན།,དེ་གཉིས་སྦེ་འཐོན་འོང་།,འདི་བཟུམ་སྦེ་ར་,ཕྱེད་དེ་ཅིག་ཨིན།,བརྒྱ་ཆ་བཞི་ཆ་གཅིག་ཨིན།,d
hsc-advanced_physics-12-282,གསུམ་པ་ ཨེནསི་ཊི་ནཱི་གི་ཁས་ལེན་གཉིས་པ་ལུ་ མ་ཉན་པར་ལུས་ནུག,ཚ་དྲོད་དང་འཚོར་བ་གི་བར་ན་,དྲོད་དང་ཤུགས་གི་བར་ན་,ཚ་དྲོད་དང་ལཱ་གི་བར་ན་,གློག་ཤུགས་དང་ཚ་དྲོད་གི་བར་ན་,c
hsc-advanced_physics-12-283,འོག་ལུ་ཡོད་མི་ལས་ ག་འདི་བདེན་པ་ཨིན་ན་ཟེར་བ་ཅིན་,i དང་ ii,i དང་ iii,ii དང་ iii,"i, ii དང་ iii ཚུ་ཨིན།",b
hsc-advanced_physics-12-284,"Tranzistor གི་གློག་མེའི་ཤུགས་ཚད་འདི་ 5 mA དང་ ས་གཞི་གི་ཤུགས་ཚད་འདི་ 100 \mu A ཨིན།

ད་དྲོད་ཤུགས་འདི་ག་དེ་ཅིག་ཡོདཔ་སྨོ་ཟེར་
Tranzistor གི་གློག་མེའི་ཤུགས་ཚད་འདི་ 5 mA དང་ ས་གཞི་གི་ཤུགས་ཚད་འདི་ 100 \mu A ཨིན།",ཨེམ་པི་ཡཱར་,ཟླཝ་,ཀུ་ལོམ་,ཝོལཊི་,d
hsc-advanced_physics-12-285,,i དང་ ii,ii དང་ iii,i དང་ iii,"i, ii དང་ iii ཚུ་ཨིན།",c
hsc-advanced_physics-12-286,འདི་གི་ཧེ་མར་ ཨེལ་ཕ་ (alpha) འདི་ག་དེ་ཅིག་ཨིན་ན?,\frac{\pi}{2} འདི་ཡང་ ཌེཀསི་ཊོཔ་གི་མིང་ཨིན།,\pi,\frac{3\pi}{2} འདི་ཡང་ ཌེཀསི་ཊོཔ་གི་མིང་ཨིན།,༢\pi,a
hsc-advanced_physics-12-287,ཚ་དྲོད་གནས་སྟངས་ཀྱི་དོན་ཚན་དང་པ་དང་ གཉིས་པ་གི་གཞི་རྒྱ་ཚུ་མཉམ་སྦྲེལ་འབདཝ་ཨིན།,i དང་ ii,i དང་ iii,ii དང་ iii,"i, ii དང་ iii ཚུ་ཨིན།",a
hsc-advanced_physics-12-288,གློག་ཤུགས་ ༢༢༠ ཝཱཊ་གི་ ཧའི་ཊར་ཅིག་ལུ་ ༡༡༠ ཝཱཊ་གི་ གློག་ཤུགས་བྱིན་པ་ཅིན་ གློག་ཤུགས་དེ་ ཤར་ཕྱོགས་ལུ་,i དང་ ii,i དང་ iii,ii དང་ iii,"i, ii དང་ iii ཚུ་ཨིན།",b
hsc-advanced_physics-12-289,ཚད་ལྡན་དྲོད་ཤུགས་ཀྱི་གཞི་རིམ་དང་པོ་གིས་ འབྲེལ་གནད་ཅིག་བཟོ་ནུག,\frac{S}{G + S} འདི་ ཀྲོང་གསར་ལུ་ཡོད་པའི་,\frac{G + S}{S} འདི་ཡང་ སྦྲེལ་རྟགས་ཨིན་,\frac{G}{G + S} འདི་ཡང་ ཌའི་ལོག་གི་ཨང་གྲངས་ཨིན།,\frac{G + S}{G} འདི་ཡང་ ཌའི་ལོག་གི་ཨང་གྲངས་ཨིན།,b
hsc-advanced_physics-12-291,i. ཨ་མི་ཊར་ནང་ལུ་,ལི་གི་,ལི་གི་,ཨ་ལུམ་ནི་ཡཱན་,ཇར་མ་ནི་ཨུམ་,d
hsc-advanced_physics-12-292,༢། ཝཱོལ་ཊི་མི་ཊར་ནང་ལུ་,"༢,༠༠༠ ལས་ ༣,༠༠༠ གི་བར་ན་ཨིན།","༣,༠༠༠ ལས་ ༤,༠༠༠ གི་བར་ན་ཨིན།","༤,༠༠༠ ལས་ ༨,༠༠༠ གི་བར་ན་ཨིན།",༨༠༠-༡༢༠༠༠,c
hsc-advanced_physics-12-293,གསུམ་པ་ ག་ལེ་བ་ནོ་མི་ཊར་ནང་ལུ་,སྲུང་རྒྱབ་དང་ ཟ་ཁང་གི་བར་ནའི་ ས་སྒོ་འདི་ ཕྲ་རིང་སྦེ་བཟོ་དགོ,ཕྲང་ལམ་གྱི་བར་ནའི་ས་སྒོ་འདི་ མར་ཕབ་འབད་དགོཔ་ཨིན།,ཟུར་གྱི་ས་སྒོ་དང་ ཟུར་གྱི་ས་སྒོ་གཉིས་ཆ་ར་ མར་ཕབ་འབད་དགོ,ཟུར་གྱི་ས་སྒོ་དང་ ཟུར་གྱི་ས་སྒོ་གཉིས་ཆ་ར་ལུ་ ས་སྒོ་འདི་ཡར་སེང་འབད་དགོ,b
hsc-advanced_physics-12-294,འོག་ལུ་ཡོད་མི་ལས་ ག་འདི་བདེན་པ་ཨིན་ན་ཟེར་བ་ཅིན་,2,3,4,5,b
hsc-advanced_physics-12-295,ཕྲང་ལམ་གྱི་ཁྱད་པར་ \frac{\lambda}{4}འདི་ ཝང་གི་སྒོ་གཉིས་བར་ནའི་ དབྱེ་ཁག་འདི་ག་དེམ་ཅིག་ཡོདཔ་ཨིན་ན?,ཐེངས་གཉིས་,ཐེངས་གསུམ་ཨིན།,ཐེངས་བཞི་ཨིན།,ཚར་༩,b
hsc-advanced_physics-12-297,i. ཌི་ཨོ་ཌི་གཉིས་དང་གཅིག་ཁར་,ཐེངས་གཉིས་,ཐེངས་བཞི་ཨིན།,བརྒྱད་གྱངས་ཁ་ཨིན།,ཐིག་ཁྲམ་ཚུ་ཡར་སེང་འབད།,c
hsc-advanced_physics-12-298,༢། ཌི་ཨོ་ཌི་ ༣ ཡོད་མི་ལུ་བརྟེན་,25%,50%,75%,80%,b
hsc-advanced_physics-12-299,གསུམ་པ་ ཌི་ཨོ་ཌི་༤ ཡོད་མི་ལུ་བརྟེན་ཨིན།,རླུང་འཚུབས་ཀྱི་རིམ་པ་,སྦྲེལ་མཐུད་འབད་ཐངས་,དབྱེ་དཔྱད་འབད་ཐངས་,དུས་མཐུན་བཟོ་ཐངས་,a
hsc-advanced_physics-12-300,འོག་ལུ་ཡོད་མི་ལས་ ག་འདི་བདེན་པ་ཨིན་ན་ཟེར་བ་ཅིན་,i དང་ ii,i དང་ iii,ii དང་ iii,"i, ii དང་ iii ཚུ་ཨིན།",d
hsc-advanced_physics-12-301,G = galvometer གི་བཀག་ཐབས་དང་ S = Sants ཨིན་པ་ཅིན་ Sants གི་གྱངས་ཁ་འདི་ -,ཡར་སེང་འགྱོ་འོང་།,དེ་ཚུ་བསྒྱུར་བཅོས་འགྱོ་མི་ཚུགས།,མར་ཕབ་འབད་ནི་ཨིན།,༠ ལུ་འབད།,c
hsc-advanced_physics-12-302,"ཀཱར་ནོ་ཨེན་ཇིན་གྱི་ལཱ་འབད་སའི་སྣུམ་འཁོར་གྱིས་ 400K འི་ཚ་དྲོད་འབྱུང་ཁུངས་ལས་ 840J་གི་ཚ་དྲོད་ལེན་ཏེ་ སྐར་མ་ལུ་ 630J་གི་ཚ་དྲོད་བཏོན་ཡོདཔ་ཨིན།

གློག་མེའི་སྤྱོད་མི་གི་དྲོད་ཤུགས་འདི་ག་དེམ་ཅིག་ཡོདཔ་ཨིན་ན?",ཐེངས་གཉིས་,འདྲན་འདྲ་ཨིན།,བརྒྱ་ཆ་གསུམ་ཆ་གཅིག་,བརྒྱ་ཆ་༩་པ་,d
hsc-advanced_physics-12-303,འ་ནི་གྲལ་ལས་ ག་འདི་ནང་ལུ་ ནུས་མེད་ཀྱི་དྲོད་ཤུགས་ཡོད་པའི་ནུས་པ་ཡོདཔ་ཨིན་ན?,ཨ་མི་ཊར་,ཝཱལཊ་མི་ཊར་,མཚམས་འཇོག་འབད་ཡོད་པའི་ས་སྒོ་ཚུ་,འབྲི་ཤོག་གི་སྒྲོམ་,a
hsc-advanced_physics-12-304,མཐོང་ཚུགས་པའི་གློག་ཀེམ་ནང་ སྐུགས་ཚད་ཀྱི་ཁྱབ་ཚད་ཚུ་ཁྱབ་ཡོདཔ་ཨིན།,ལམ་འདི་དལ་ཏོག་ཏོ་སྦེ་འགྱོ་དགོ།,ད་མགྱོགས་པར་སོང་,འདི་ཡང་ དེ་སྦེ་རང་ཨིན།,མགྱོགས་དྲགས་སྦེ་འགྱོ་,a
hsc-advanced_physics-12-305,"གཟུགས་ཁམས་རིག་པའི་ བརྟག་དཔྱད་ཁང་ནང་ལུ་ སློབ་དཔོན་གྱིས་ སློབ་ཕྲུག་ཚུ་ལུ་ ཇོང་གི་རྣམ་རྟོག་དཔྱད་ཡིག་ཅིག་ གྲ་སྒྲིག་འབད་དགོཔ་སྦེ་སླབ་ནུག སློབ་ཕྲུག་ཚུ་གིས་ བརྟག་དཔྱད་འདི་ འོད་གི་རྦ་རླབས་ཀྱི་རྣམ་གཞག་དང་བསྟུན་ཏེ་ འབད་ཡོདཔ་མཐོང་ནུག

བརྟག་དཔྱད་ཀྱི་ཚབ་ལུ་ དོ་རཱ་གིས་ ལྟ་བཤལཔ་གི་གྱངས་ཁ་འདི་ ཡར་སེང་འབད་དགོ་པ་ཅིན་...",མི་ཊར་༣༠༠,༤༠༠ m,625 m,༨༣༣ m,a
hsc-advanced_physics-12-306,"གཟུགས་ཁམས་རིག་པའི་ བརྟག་དཔྱད་ཁང་ནང་ལུ་ སློབ་དཔོན་གྱིས་ སློབ་ཕྲུག་ཚུ་ལུ་ ཇོང་གི་རྣམ་རྟོག་དཔྱད་ཡིག་ཅིག་ གྲ་སྒྲིག་འབད་དགོཔ་སྦེ་སླབ་ནུག སློབ་ཕྲུག་ཚུ་གིས་ བརྟག་དཔྱད་འདི་ འོད་གི་རྦ་རླབས་ཀྱི་རྣམ་གཞག་དང་བསྟུན་ཏེ་ འབད་ཡོདཔ་མཐོང་ནུག

འ་ནི་བརྟག་དཔྱད་འདི་ནང་ལུ་ ཕྲ་རིང་འདི་འོད་ཟེར་གྱི་ཝེ་ལིན་ཌིང་དང་འདྲན་འདྲ་ཨིན་པ་ཅིན་ འོད་མདངས་ཀྱི་ཐིག་ཁྲམ་ག་དེ་ཅིག་མཐོན་ཤོས་ཐོན་འོང་ནི་ཨིན་ན?",ཀེ་ཇི་༣༦,ཀེ་ཇི་༦༠,ཀེ་ཇི་༧༥,ཀེ་ཇི་ ༡༠༠,d
hsc-advanced_physics-12-307,རྡུལ་ཕྲན་ཅིག་གི་ཤུགས་ཚད་འདི་ ཤུགས་ཚད་ཀྱི་ཤུགས་ཚད་ལས་ ཚར་གཉིས་ཨིན། ཀླུ་རྡུལ་ཅིག་གི་ཤུགས་ཆེ་བའི་ལྗིད་ཚད་འདི་ ཀླུ་རྡུལ་ཅིག་གི་གནས་སྟངས་ཀྱི་ལྗིད་ཚད་ཨིན།,༥.༢ mA,༥.༡ mA,༥.༠ mA,༤.༩ mA,b
hsc-advanced_physics-12-308,དངོས་པོ་གི་ཚད་འཇལ་ཐངས་འདི་ ཡོངས་བསྡོམས་དང་ སྐྱེལ་འདྲེན་ཐངས་འདི་ ག་ནི་ཡང་མེདཔ་སྦེ་ཡོདཔ་ཨིན། གློག་ཤུགས་ཀྱི་ཁྱད་པར་དེ་ ཚད་ལས་བརྒལ་མེདཔ་ཨིན། དངོས་པོ་འདི་ ...,X rays ཟེར་མི་འདི་ཨིན།,ག་མ་གློག་ཤུགས་,UV rays འདི་ཡང་ UV rays ཟེར་མི་འདི་ཨིན་མས།,མཐོང་མ་བཏུབ་པའི་གློག་ཐག་ར་བ་,c
hsc-advanced_physics-12-309,ཕྲང་ལམ་གྱི་རིང་ཚད་འདི་ ཚར་གཉིས་དང་ ཕྲང་ལམ་གྱི་རྒྱ་ཚད་འདི་ ཕྱེད་ཀ་འབད་བ་ཅིན་ མཇུག་གི་ཕྲང་ལམ་གྱི་ཤུགས་འདི་ འགོ་ཐོག་ཕྲང་ལམ་གྱི་ཤུགས་འདི་ ཚར་ག་དེ་ཅིག་ལུ་འགྱུར་འོང་ནི་སྨོ་,འདི་ལུ་བལྟ་བ་ཅིན་ འདི་ལུ་བལྟ་བ་ཅིན་,འདི་ལུ་བལྟ་བ་ཅིན་ འདི་ལུ་བལྟ་བ་ཅིན་,ཨེནསི་ཊི་བཱེན་,ནིའུ་ཊཱན་,b
hsc-advanced_physics-12-310,གློག་ཤུགས་སྣུམ་འཁོར་འདི་ནང་ལུ་ གློག་ཤུགས་ཕྱེད་ཀ་ལས་ལྷག་པའི་དྲོད་འདི་བཏོན་པ་ཅིན་ གློག་ཤུགས་སྣུམ་འཁོར་འདི་ ག་དེ་སྦེ་ལཱ་འབད་ཚུགས་ནི་ཨིན་ན?,i དང་ ii,i དང་ iii,ii དང་ iii,"i, ii དང་ iii ཚུ་ཨིན།",d