identity,question,a,b,c,d,correct _answer
hsc-chemistry-12-1,Orbital Hound གི་ལམ་ལུགས་འདི་ ག་ལུ་སྟོན་ནི་མེདཔ་ཨིན་ན?,s,p,d,f,a
hsc-chemistry-12-2,ཌོག་ཊར་ ཌོག་ཊར་བཱེན་ཇར་ ཌོག་ཊར་བཱེན་ཇར་ ཌོག་ཊར་བཱེན་ཇར་ ཌོག་ཊར་བཱེན་ཇར་ ཌོག་ཊར་བཱེན་ཇར་,རཱད་རར་ཕོརཌ་,བོ་ར་,ཌི་-བཱརག་ལི་,ཇ་. ཇ་. ཐཱོམ་སོན་,a
hsc-chemistry-12-3,ཀ་ལསི་ཡཱམ་ཕོསི་བེཊི་གི་ ཚུལ་མཐུན་གནས་གོང་འདི་ག་དེམ་ཅིག་ཡོདཔ་ཨིན་ན?,༢༧ S^{3} འདི་ ༢༧ S^{3} ཨིན།,S^{5} འདི་ལུ་,༢༧ S^{5},༡༠༨S^{5} འདི་ལུ་,d
hsc-chemistry-12-4,འ་ནི་འོག་གི་རྒྱུ་རྫས་ག་འདི་ནང་ལུ་ འགོ་དང་པ་རང་ ཤུགས་ཉུང་ཤོས་ཅིག་ཡོདཔ་ཨིན་ན?,Rb,ཀ་,ན,ལི་,a
hsc-chemistry-12-5,4f གི་མཐའ་འཁོར་གྱི་ (n+l) གི་གནས་གོང་འདི་ག་དེམ་ཅིག་ཡོདཔ་ཨིན་ན?,4,6,7,11,c
hsc-chemistry-12-6,མཐུད་སྦྲེལ་གྱི་གྲལ་ལས་ ག་འདི་ཤུགས་ཆེ་ཤོས་ཨིན་ན?,པི་-སྦྲེལ་,སི་གམཱལ་-སྦྲེལ་,ཧའི་ཌོ་ཇེན་གི་ཕྲང་ལམ་,ཝཱན་ཌར་ ཝ་ལཱསི་གི་གླིངམ་,b
hsc-chemistry-12-7,འོག་གི་ལས་སྣ་ག་འདི་ བཱཕ་རེའི་སེལ་ཐབས་ཀྱི་ ཐབས་བྱུས་དང་འབྲེལ་བ་ཡོདཔ་སྨོ་,La-Shatellierགི་སྲིད་བྱུས་,ཨར་ཧེ་ནི་ཡཱསི་གི་རྩིས་གཞི་,ཨོསི་ཝཱལ་ཌི་གི་ དམའ་ཕབ་གཏང་ནིའི་ལམ་ལུགས་,Fazan གི་ལམ་ལུགས་,a
hsc-chemistry-12-8,25^{\circ}C གི་ཆུ་གི་ pK_{w}གི་གནས་གོང་འདི་ག་ཅི་ཨིན་ན?,7,10,12,14,d
hsc-chemistry-12-9,གློག་ཤུགས་ཁེ་རྒོ་ཅན་གི་རིམ་པ་ངོ་མ་འདི་ག་ཅི་ཨིན་ན?,I > Br > Cl,F > O > Cl,F > Cl > O,N > I > Br,b
hsc-chemistry-12-10,ལྕགས་ཀྱི་དོག་མ་ཤུགས་འདི་ ག་བཟུམ་ཅིག་ཡོདཔ་ཨིན་ན?,CsCl,RbCl,MgCl_{2},CaCl_{2} འདི་ཡང་,c
hsc-chemistry-12-11,གྲུབ་འབྲས་ག་ཅི་ལུ་བརྟེན་ཏེ་ pH ཚད་འདི་ མཐོ་ཤོས་སྦེ་མཐོངམ་ཨིན་ན?,10^{-2} M HCl འདི་,5\times 10^{-2}} M H_{2}SO_{4}ལུ་ བསྒྱུར་འབདཝ་ཨིན།,10^{-1}M ནི་ NaOH ཨིན་པས།,10^{-4}M Na_{2}CO_{3}ལུ་ བསྒྱུར་བཅོས་འབདཝ་ཨིན།,c
hsc-chemistry-12-12,ནིཊི་རོཇེན་དང་ ཨོ་ཟི་ཇེན་གཉིས་ཆ་ར་ལུ་ དུས་འཁོར་གྱི་ཁྱད་པར་ག་ཅི་ཡོདཔ་ཨིན་ན?,གློག་ཤུགས་ཀྱི་རང་འདོད་འདི་,ལྕགས་ཀྱི་ཤུགས་,ལྡོག་ཕྱོགས་ཚོགས་པ་,ནུས་ཤུགས་ཀྱི་ཁྱབ་ཚད་,b
hsc-chemistry-12-13,K_{p} > K_{c} འདི་ ཇི་བཟུམ་ཅིག་ལུ་འགྱུར་ཡོདཔ་ཨིན་ན?,\frac{1}{2}H_{2}(g) +\frac{1}{2}I_{2}(g) \rightleftharpoons HI(g) འདི་ཡང་ སྦྲགས་སྦྲགས་འབད་བཏུབ་ཨིན།,\frac{1}{2}N_{2}(g) +\frac{3}{2}H_{2}(g) \rightleftharpoons NH_{3}(g) འདི་ཡང་ སྦ་སྒོར་འདི་ནང་ལུ་ སྦ་སྒོར་འདི་ནང་ལུ་ སྦ་སྒོར་འདི་ནང་ལུ་,PCl_{5}(g) \rightleftharpoons PCl_{3}(g) +Cl_{2}(g) འདི་ཡང་ སྦ་སྒོར་ནང་ཡོད་པའི་བེ་ལུ་ཨིན་པཱའིན་འདི་ཨིན།,2SO_{2}(g) +O_{2}(g) \rightleftharpoons 2SO_{3}(g) འདི་ཡང་ སྦ་སྒོར་ནང་བཙུགས་ཏེ་ བཏོན་གཏང་ནུག,c
hsc-chemistry-12-14,འ་ནི་མཐའ་འཁོར་ལམ་འདི་ག་ཏེ་ལུ་ཡོདཔ་ཨིན་ན?,1p,༤ ཚུན་,༣་ཨེཕ་,༢d,b
hsc-chemistry-12-15,འ་ནི་ལས་ཀ་འདི་གིས་ ཨེཆ་ཨའི་ཨོཕ་གི་ ཨེཆ་ཨོཕ་གི་ ཨེཆ་ཨོཕ་གི་ ཨེཆ་ཨོཕ་གི་ ཨེཆ་ཨོཕ་ལུ་ ཕན་ཐོགས་འབྱུང་འོང་།,i དང་ ii,ii དང་ iii,i དང་ iii,"i, ii དང་ iii ཚུ་ཨིན།",c
hsc-chemistry-12-16,i. ཀ་^{2+},s-orbital,p-orbital,d-orbital,f-orbitals འདི་ཚུ་,b
hsc-chemistry-12-17,༢། ཨཱལ་^{3+} འདི་ཡང་,ཁོ་གིས་,C,ཨོ་,F,a
hsc-chemistry-12-18,གསུམ་པ་ Cl^{-} འདི་ཡང་,ཨེཇི་ཨེཕ་,AgCl,AgBr,AgI,a
hsc-chemistry-12-19,འ་ནི་གྲལ་ལས་ ག་འདི་བདེན་པ་ཨིན་ན?,ནི^{+},Mg^{2+} འདི་ཡང་,Fe^{2+} འདི་ནང་ལུ་,ཨཱལ་^{3+} འདི་ཡང་,d
hsc-chemistry-12-20,པི་ཨའི་མཐུད་སྦྲེལ་འདི་ འོག་ལུ་ཡོད་པའི་མཐའ་འཁོར་ལམ་ག་ལུ་ སྦྲེལ་ཡོདཔ་ཨིན་ན?,i དང་ ii,ii དང་ iii,i དང་ iii,"i, ii དང་ iii ཚུ་ཨིན།",d
hsc-chemistry-12-21,འ་ནི་གྲལ་ལས་ ག་འདི་ནང་ལུ་ གློག་ཤུགས་ཁེ་རྒུད་ཉུང་ཤོས་ཅིག་ཡོདཔ་ཨིན་ན?,SO_{4}^{2-} འདི་ལུ་བལྟ་བ་ཅིན་,SO_{3}^{2-} འདི་ལུ་བལྟ་བ་ཅིན་,H_{2}SO_{3} འདི་ལུ་བལྟ་བ་ཅིན་,H_{2}SO_{4} འདི་ལུ་བལྟ་བ་ཅིན་,d
hsc-chemistry-12-22,འོག་གི་ཚྭ་འདི་ག་འདི་ ཆུ་ནང་རླག་འགྱོཝ་ཨིན་ན?,ཟངས་སྦྱར་,འབྲེལ་བ་འཐབ་ནིའི་ཐིག་ཁྲམ་,མུ་ཏིག་གཏང་,མེ་རླུང་རྒྱ་རྫི་,a
hsc-chemistry-12-23,འ་ནི་འོག་གི་ཨའི་ཨོནསི་འདི་ག་འདི་ ནེ་གཱཊི་ཨོནསི་ལས་ལྷག་པའི་ དབྱེ་ཁག་བཟོ་ཚུགས་ག?,i དང་ ii,ii དང་ iii,i དང་ iii,"i, ii དང་ iii ཚུ་ཨིན།",d
hsc-chemistry-12-25,i. ཚོང་བཙོང་ནི་དེ་ མགྱོགས་དྲགས་སྦེ་ཡར་འཕར་འགྱོ་དོ་ཡོདཔ་ཨིན།,H_{3}PO_{4}^{-}+Na_{2}HPO_{4}ལུ་ བསྒྱུར་བཅོས་འབདཝ་ཨིན།,HS^{-}+Na_{2}S འདི་ཡང་,CO_{3}^{2-}+HCO_{3}^{-} འདི་ཡང་ HCO_{3}^{-} འདི་ཡང་ HCO_{3}^{-},CH_{3}COOH+CH_{3}COONa ཚུར་ཐིག་གི་ཕྲ་རིང་ལུ་,c
hsc-chemistry-12-26,༢། སྦྲགས་བཙོང་ནི་དེ་ མར་ཕབ་འབདཝ་ཨིན།,i དང་ ii,ii དང་ iii,i དང་ iii,"i, ii དང་ iii ཚུ་ཨིན།",b
hsc-chemistry-12-27,གསུམ་པ་ འདི་ཚུ་ འཕྲལ་མགྱོགས་རང་ བརྟག་ཞིབ་འབད་ཚུགས་ནི་ཨིན་མས།,i དང་ ii,i དང་ iii,ii དང་ iii,"i, ii དང་ iii ཚུ་ཨིན།",d
hsc-chemistry-12-28,འ་ནི་གྲལ་ལས་ ག་འདི་བདེན་པ་ཨིན་ན?,0.8,13.4,13.2,1,b
hsc-chemistry-12-29,གྲུབ་འབྲས་འདི་ ག་བཟུམ་ཅིག་ལུ་གཞི་བཞག་སྟེ་ བཟོ་ནི་ཨིན་ན?,i དང་ ii,ii དང་ iii,i དང་ iii,"i, ii དང་ iii ཚུ་ཨིན།",a
hsc-chemistry-12-30,ག་འདི་ ཨེསི་ཊི་ཨེམ་བཱའར་མེན་ནི་ཨིནམ།,i དང་ ii,ii དང་ iii,i དང་ iii,"i, ii དང་ iii ཚུ་ཨིན།",d
hsc-chemistry-12-32,i. pHའདི་ ༤.༧༤ ཨིནམ་ལས་ མཆིན་པའི་ནད་འབུབ་ཚུ་གིས་ ཡར་འཕེལ་འགྱོ་མི་ཚུགས།,༢d,༣p,༣d,༣་ཨེཕ་,c
hsc-chemistry-12-33,༢། ཚོད་བསྲེའི་རིགས་ཚུ་ བཞེས་སྒོ་འབད་ནི་ལུ་ ཐབས་ཤེས་ལེགས་ཤོམ་ཅིག་ཨིན་མས།,ཨན་ཡོན་གྱི་ཚད་,ཀ་ཊ་ཡཱན་གི་ཆེ་ཆུང་,མཚམས་སྦྱོར་གྱི་ཨོསི་ཌི་ཨོསི་ཌི་ཨོནམོ་བརི།,རྡུལ་ཕྲན་ལྟེ་བའི་ནང་ཡོད་མི་ charge density,a
hsc-chemistry-12-34,གསུམ་པ་ སྲོག་ཆགས་ཀྱིས་ བཀྲམ་སྤེལ་འབད་ཚུགས་པའི་ ཕན་ཐོགས་ཡོད།,CO_{3}^{2-}ལུ་ བསྒྱུར་བཅོས་འབདཝ་ཨིན།,Cl^{-} འདི་ཡང་,NH_{4}^{+} འདི་ཡང་,SO_{4}^{2-} འདི་ལུ་བལྟ་བ་ཅིན་,d
hsc-chemistry-12-35,འ་ནི་གྲལ་ལས་ ག་འདི་བདེན་པ་ཨིན་ན?,NH_{4}Cl,HCl,BaCl_{2} འདི་ཡང་,H_{2}SO_{4} འདི་ལུ་བལྟ་བ་ཅིན་,b
hsc-chemistry-12-36,ན་ཨོ་ཧི་ (NaOH) གི་ 1% གི་ཧེ་མར་གནས་ཚད་དེ་ pH ཇི་བཟུམ་ཅིག་ཨིན་ན?,Na > Na^{+} འདི་ཡང་,F > F^{-} འདི་ལུ་,Al^{3+} > Mg^{2+} འདི་ཡང་ ཀེར་ཐིག་གི་མཐའ་འཁོར་ལུ་ཡོད་པའི་ ཀེར་ཐིག་ཨིན།,ཨོ་ > ཨོ་^{2-},a
hsc-chemistry-12-38,i. ཀ་ཊ་ཡཱན་གི་ཆེ་ཆུང་ལུ་བལྟ་བ་ཅིན་,དབྱེ་སེལ་གྱི་ཚད་འདི་ དབྱེ་སེལ་གྱི་རྒྱ་ཚད་དང་བསྟུན་ཏེ་ཡོདཔ་ཨིན།,དབྱེ་སེལ་གྱི་ཚད་འདི་ ཟུར་ཐིག་གི་རྒྱ་ཚད་དང་ འདྲ་མཉམ་ཨིན།,དབྱེ་ཞིབ་གི་ཚད་འདི་ དབྱེ་ཁག་གི་རྒྱ་ཚད་དང་བསྟུན་ཏེ་ཡོདཔ་ཨིན།,དབྱེ་ཞིབ་གི་ཚད་གཞི་འདི་ ཀུ་པི་གི་རྒྱ་ཚད་དང་བསྟུན་ཏེ་ཡོདཔ་ཨིན།,d
hsc-chemistry-12-39,༢། ཨ་ནཱི་གི་ཆེ་ཆུང་ལུ་བལྟ་བ་ཅིན་,HF(aq) + NaF,CH_{3}COOH + CH_{3}COONa འདི་ཡང་ ཀོ་ཧོནཌི་ནའུནཌི་ནའུནཌི་ནའུནཌི་ནའུནཌི་ནའུནཌི་ནའུནཌི་,HCOOH + CH_{3}COONa འདི་ ཀོ་ནའི་ཨེན་ཨིན་པི་ ཨེགསི་ཨིན་པི་ཨིན་པི་ཨིན་པི་ཨིན་པི་ཨིན་པི་ཨིན་པི་ཨིན་པི་ཨིན་པི་ཨིན་པི་ཨིན་པི་ཨིན་པི་ཨིན་པི་ཨིན་པི་ཨིན་པི་ཨིན་པི་ཨིན་པི་ཨིན་པི་ཨིན་པི་ཨིན་པི་ཨིན་པི་,NH_{4}OH + (NH_{4}) _{2}CO_{3} འདི་ཡང་ ཀོ་ཧོནཌི་ལུ་བརྟེན་ཡོདཔ་ཨིན།,b
hsc-chemistry-12-40,གསུམ་པ་ cation དང་ anion གི་རྩིས་ཁྲ་དང་འབྲེལ་བའི་,ཚོང་བཙོང་ནི་མཇུག་བསྡུ་ནུག,ཚོང་འབྲེལ་འདི་ཕྱོགས་གཅིག་ཁ་ལུ་རྐྱངམ་གཅིག་ འགྱོ་དོ་ཡོདཔ་ཨིན།,དབང་ཤུགས་ཅན་གྱི་མི་དགོས་མཁོ་ཡོདཔ་ཨིན།,འདྲ་མཉམ་གྱི་གནས་ཚད་དེ་ བརྟན་ཏོག་ཏོ་ཨིན།,d
hsc-chemistry-12-41,འ་ནི་གྲལ་ལས་ ག་འདི་བདེན་པ་ཨིན་ན?,སཱཀོལོཇ་,ལེན་བསྒྱུར་ཚྭ་,མལཏ་,མཱལ་ཏོཇ་,b
hsc-chemistry-12-42,གློག་མེའི་གློག་ཤུགས་ཀྱི་དལ་ཚད་འདི་ ག་འདི་ལས་རིངམ་ཨིན་ན?,"(1, 1, 1, +\frac{1}{2}) འདི་ཡང་ ཌའི་ལོག་གི་ཨང་གྲངས་ཨིན།","(2, 0, 1, +\frac{1}{2}) འདི་ཡང་ ཌའི་ལོག་གི་ཨང་གྲངས་ཨིན།","(༤,༢, -༡, -\frac{1}{2}) འདི་ཡང་ སྦྲེལ་རྟགས་ཨིན་","(3, 1, -2, -\frac{1}{2}) འདི་ཡང་ ཕྲང་ཕྲང་ཨིན་",c
hsc-chemistry-12-43,l = 2 དང་ n = 3 འབདཝ་ད་ལུ་ ཙི་ཙི་མཐའ་འཁོར་འདི་ག་དེ་ཅིག་ཕྲངམ་ཨིན་ན?,3,2,1,6,d
hsc-chemistry-12-44,ཧའི་ཌར་སི་ཌི་གི་ཤུགས་འདི་ ག་ལུ་རག་ལུས་ཡོདཔ་ཨིན་ན?,ཨེ་ཊ་ནོལ་,ཧའི་ཌོ་ཇེན་ ཀལོ་རའེ་ཌ་,ཨམ་མོ་ནི་ཡ་,ཆུ་,d
hsc-chemistry-12-45,A+Ba ((NO_{3})_{2}\rightarrow དཀར་ཆག་ \xrightarrow[]{HCl}འདི་ མུ་ཏིག་མེདཔ་ཨིན་ 'A'འདི་ནང་ལུ་ གཞི་རྟེན་ག་འདི་ཡོདཔ་ཨིན་ན?,ScCl_{3} དེ་ནང་ལུ་,TiCl_{4} འདི་ཡང་,CrSO_{4} འདི་ལུ་བལྟ་བ་ཅིན་,CaSO_{4} འདི་ཡང་,c
hsc-chemistry-12-46,ཟ་འཐུང་གི་ཚྭའི་རིགས་ཚུ་བཙོ་ནིའི་དོན་ལུ་ འོག་གི་ལས་ག་འདི་ལག་ལེན་འཐབ་ནི་ཨིན་ན?,i དང་ ii,ii དང་ iii,i དང་ iii,"i, ii དང་ iii ཚུ་ཨིན།",d
hsc-chemistry-12-47,ཚད་ཀྱི་ཐད་ཁར་ འབྲེལ་བ་ག་ཅི་ཡོདཔ་ཨིན་ན?,ཨམ་ལི་ཡཱན་ བཱཕ་ར་,ཨལ་ཀ་ལེ་རིསི་ བཱཕ་ར་,དབྱེ་བ་ཕྱེ་ཚུགས།,ཨེམ་ལི་ཡཱན་,b
hsc-chemistry-12-48,ལྕགས་ཀྱི་བཞུ་ནིའི་གནས་ཚད་འདི་ ཡར་སེང་འགྱོ་དོ་ཡོདཔ་ད་,C_{2}H_{2} འདི་ལུ་བལྟ་བ་ཅིན་,C_{2}H_{4} འདི་ལུ་བལྟ་བ་ཅིན་,NH_{3} འདི་ཡང་,H_{2}S གིས་,a
hsc-chemistry-12-49,i. ལྕགས་ཀྱི་གློག་ཟམ་ནང་ལུ་ རང་དབང་གློག་ཟམ་ལེ་ཤ་ཡོད།,འདི་ནང་ལུ་ པོ་རོཊཱོན་གཉིས་དང་ ཨེལ་ཀཀྲོརཊཱོན་གཉིས་ཡོདཔ་ཨིན།,འ་ནི་རྒྱུ་རྡུལ་འདི་ མགྱོགས་དྲགས་སྦེ་འགྱོ་མི་རྒྱུ་རྡུལ་ཨིན།,འ་ནི་གློག་རྡུལ་འདི་ ནུས་ལྡན་གློག་རྡུལ་ཨིན།,འདི་གི་ལྗིད་ཚད་འདི་ ༢ ཨིན།,c
hsc-chemistry-12-50,༢། Ionization power འདི་མར་ཕབ་འགྱོ་དོ་ཡོདཔ་ཨིན།,NiSO_{4,ཨཱལ་_{2}(SO_{4}) _{3} འདི་ལུ་བལྟ་བ་ཅིན་,ZnSO_{4,Sc_{2}(SO_{4}) _{3} འདི་ལུ་བལྟ་བ་ཅིན་,a
hsc-chemistry-12-51,གསུམ་པ་ དེ་ལས་ atoms གི་ཆེ་ཆུང་འདི་ ཉུང་སུ་འགྱོཝ་ཨིན།,དྲོད་ཚད་,དྭངས་ཚད་,ས་སྒོ་,དབང་ཤུགས་ཅན་གྱི་མི་,a
hsc-chemistry-12-52,འ་ནི་གྲལ་ལས་ ག་འདི་བདེན་པ་ཨིན་ན?,i དང་ ii,i དང་ iii,ii དང་ iii,"i, ii དང་ iii ཚུ་ཨིན།",c
hsc-chemistry-12-53,གློག་ཤུགས་ཀྱི་དབྱེ་ཞིབ་འཇམ་ཏོང་ཏོ་འབད་འབད་མི་འདི་ལུ་ དབྱེ་ཞིབ་གི་ཚད་གཞི་དང་ ཚད་གཞི་གི་བར་ན་ འབྲེལ་བ་ག་ཅི་ཡོདཔ་ཨིན་ན?,K\rightarrow K^{+}+e^{-} འདི་ ཀྲོང་གསར་ལས་ཨིན་,ཀ་\rightarrow ཀ་^{+}+e^{-} འདི་ ཀ་\rightarrow ཀ་^{+}+e^{-} ཨིན།,Mg\rightarrow Mg^{+}+e^{-} འདི་ ཀེར་ཐིག་ཕྲ་རིང་གི་ ཕྲ་རིང་གི་ ཕྲ་རིང་དེ་ཨིན།,Na\rightarrow Na^{+}+e^{-} འདི་ཡང་ ཕྲང་ཕྲང་ཨིན་,a
hsc-chemistry-12-54,འོག་གི་རྒྱུ་རྫས་ག་འདི་ བཱཕ་རི་ སཱོལ་ཝིན་སྦེ་ལག་ལེན་འཐབ་ནི་ཨིནམ།,ཨེ་ཊ་ནོལ་,མེ་ཊ་ནོལ་,ཨེ་ཊ་ན་ཨེལ་,ཁུ་བ་ཚ་ཏོམ་,a
hsc-chemistry-12-55,ဓာတုགནས་ཚད་འདི་ག་ཅི་བཟུམ་ཅིག་ཡོདཔ་ཨིན་ན?,ནེསི་ལར་གྱི་ གྲོས་ཆོད་,ཨམ་མོ་ནིའུཊི་འདི་,ལི་ཝར་ནའི་ཊེཊ་གི་ཁུ་བ་,H_{2}S འདི་སེལ་འཐུ་འབད།,b
hsc-chemistry-12-56,ས་མོ་ལ་ལུ་ཡོད་པའི་ གཱལའུ་ཀོཟ་དང་ ཕོརཀོཟ་གཉིས་ཆ་ར་ ག་བཟུམ་ཅིག་ཡོདཔ་ཨིན་ན?,ཕྲ་རིང་ UV,IR-rays,gamma rays ཨིན་པུཊི་,མཐོང་ཚུགས་པའི་འོད་ཟེར་,d
hsc-chemistry-12-57,ཨེལོཊརོནཊི་ཅིག་གི་དོན་ལུ་ ཀཝཱནཊ་ཨང་གི་གོ་རིམ་ག་དེ་ ངེས་བདེན་ཨིན་ན?,MgO,Na_{2}Oལུ་ བཏུབ་,ཨཱལ་_{2}O_{3} འདི་ལུ་བལྟ་བ་ཅིན་,ཀ་ཨོ་,c
hsc-chemistry-12-58,འོག་གི་ས་གཞི་ག་ཏེ་གི་ pHའདི་ 1M HCI གྲོས་ཆོད་ལུ་སྤྱོད་ཚུགསཔ་ཨིན་ན?,i དང་ ii,ii དང་ iii,i དང་ iii,"i, ii དང་ iii ཚུ་ཨིན།",b
hsc-chemistry-12-59,ཧའི་ཌོ་ཇེན་མཐུད་འབྲེལ་འདི་ ག་ལུ་ཤུགས་ཅན་སྦེ་ཡོདཔ་ཨིན་ན?,མཆིན་པའི་ནད་,མཱལ་ཊེཇ་,ཇའི་མཱེཇ་,Mycoderma Aceti འདི་ཡང་ ཤ་ཁྲག་གི་ནད་གཞི་ཅིག་ཨིན་མས།,b
hsc-chemistry-12-60,འ་ནི་ལས་རིགས་ག་ལུ་ ཨེལ་ཀ་ལེ་རིསི་གི་ཨར་བི་ཊཱལ་ནང་ལུ་ ཨེལ་ཀ་ལེ་རིསི་གི་ཨར་བི་ཊཱལ་ཡོདཔ་སྨོ་,2.63,3.62,1.34,2.87,a
hsc-chemistry-12-62,i. ལི་^{+} ཨའོན་གྱི་དབྱིབས་,H_{s} དེ་ནང་ལུ་,PH_{3} དེ་ནང་ལུ་,NH_{3} འདི་ཡང་,BCl_{3} འདི་ལུ་,d
hsc-chemistry-12-63,༢། གློག་མེའི་ཤུགས་འདི་ བསྒྱུར་བཅོས་འབད་ཡོད་པའི་གློག་མེའི་ཤུགས་འདི་ འཐུང་ནི་དང་ བཀྲམ་སྤེལ་འབད་ནི་ཨིན།,༡.༠༥\times ༡༠^{-34}Js འདི་ ༡.༠༥\times ༡༠^{-34}Js ཨིན།,2.11\times 10^{-34}Js འདི་ཡང་ སྦྲེལ་རྟགས་ཨིན་,3.16\times 10^{-34}Js འདི་ལུ་བལྟ་བ་ཅིན་,4.22\times 10^{-34}Js འདི་ལུ་བལྟ་བ་ཅིན་,a
hsc-chemistry-12-64,གསུམ་པ་ ཨེལོཀཊོནགྱི་ཟུར་གྱི་ཤུགས་ = \frac{nh}{2\pi},ཟི་ལིང་ སཱལཕ་ཊི་,ཟི་ལིང་ སཱལཕ་ཊི་,ཟི་ལིང་ སཱལ་ཕ་ཡེཌ་,Zinc Phosphate ཨིནསི་ཀིསི་ཕོསི་བེཊ་,c
hsc-chemistry-12-65,འ་ནི་གྲལ་ལས་ ག་འདི་བདེན་པ་ཨིན་ན?,སྲོག་གཅོད་འབད་དོ་,ནད་བཅོས་འབད་ཐངས་,འཐུང་ནི་,ཀ་ནི་ཚུ་,b
hsc-chemistry-12-66,འ་ནི་འོག་གི་གློག་ཤུགས་ཉུང་ཤོས་འདི་ ཇི་ཨའི་རིའོཊི་ག་ལུ་སྤྱོད་ནི་ཨིན་ན?,HClO_{4}>H_{2}SO_{3}>HNO_{3}>H_{3}PO_{4} འདི་ཡང་ ཕྲ་རིང་གི་ཕྲ་རིང་གི་ཕྲ་རིང་གི་ཕྲ་རིང་གི་ཕྲ་རིང་གི་ཕྲ་རིང་གི་ཕྲ་རིང་གི་ཕྲ་རིང་གི་ཕྲ་རིང་གི་ཕྲ་རིང་གི་ཕྲ་རིང་གི་ཕྲ་རིང་གི་ཕྲ་རིང་གི་ཕྲ་རིང་དེ་ཨིན།,HClO_{4}>HNO_{3}>H_{3}PO_{4}>H_{2}SO_{3} འདི་ཡང་ ཕྲ་རིང་གི་ཕྲ་རིང་གི་ཕྲ་རིང་གི་ཕྲ་རིང་གི་ཕྲ་རིང་གི་ཕྲ་རིང་གི་ཕྲ་རིང་གི་ཕྲ་རིང་གི་ཕྲ་རིང་གི་ཕྲ་རིང་གི་ཕྲ་རིང་གི་ཕྲ་རིང་གི་ཕྲ་རིང་དེ་ཨིན།,HClO_{4}>H_{3}PO_{4}>HNO_{3}>H_{2}SO_{3} འདི་ཡང་ ཕྲ་རིང་གི་ཕྲ་རིང་གི་ཕྲ་རིང་གི་ཕྲ་རིང་གི་ཕྲ་རིང་གི་ཕྲ་རིང་གི་ཕྲ་རིང་གི་ཕྲ་རིང་གི་ཕྲ་རིང་གི་ཕྲ་རིང་གི་ཕྲ་རིང་གི་ཕྲ་རིང་གི་ཕྲ་རིང་དེ་ཨིན།,HClO_{4}>H_{2}SO_{3}>H_{3}PO_{4}>HNO_{3} འདི་ཡང་ ཕྲ་རིང་གི་ཕྲ་རིང་གི་ཕྲ་རིང་གི་ཕྲ་རིང་གི་ཕྲ་རིང་གི་ཕྲ་རིང་གི་ཕྲ་རིང་གི་ཕྲ་རིང་གི་ཕྲ་རིང་གི་ཕྲ་རིང་གི་ཕྲ་རིང་གི་ཕྲ་རིང་གི་ཕྲ་རིང་དེ་ཨིན།,b
hsc-chemistry-12-67,མར་ཁུའི་རྫས་འདི་ནང་ལུ་ ག་འདི་ཡོདཔ་ཨིན་ན?,i དང་ ii,ii དང་ iii,i དང་ iii,"i, ii དང་ iii ཚུ་ཨིན།",b
hsc-chemistry-12-68,Cu^{2+}དང་ Fe^{2+}གཉིས་ཆ་ར་ལུ་ ག་བཟུམ་ཅིག་སྦེ་དབྱེ་བ་ཕྱེ་ཚུགས་ག?,ཧེ་ཟེན་བཱར་ག,ཨེནསི་ཊི་བཱེན་,འདི་ལུ་བལྟ་བ་ཅིན་ འདི་ལུ་བལྟ་བ་ཅིན་,མཱག་སཱལ་ཝཱེལ་,d
hsc-chemistry-12-69,ཏི་རུ་གིས་ ཉི་དྲོད་གློག་ཤུགས་འདི་ ཉི་དྲོད་གློག་ཤུགས་ག་ཅི་བཟུམ་ཅིག་སྦེ་ བཀྲམ་སྤེལ་འབདཝ་ཨིན་ན?,༢n^{2} འདི་ ༢n^{2} ཨིན།,(2l + 1),༢ (l+༡),༢ (༢n+༡),c
hsc-chemistry-12-70,མཐུན་རྐྱེན་ག་འདི་ནང་ལུ་ དབྱེ་ཁག་མང་སུ་ཡོདཔ་ཨིན་ན?,K_{sp}=108 S^{5} འདི་ ཀ_{sp}=108 S^{5}ཨིན།,K_{sp}=36 S^{5} འདི་ ཀ_{sp}=36 S^{5} ཨིན།,K_{sp}=6 S^{5} འདི་ ཀ_{sp}=6 S^{5}ཨིན།,K_{sp}=6 S^{2} འདི་ ཀ_{sp}=6 S^{2}ཨིན།,a
hsc-chemistry-12-72,"[K_a=1.8\times 10^{-5}]"" འདི་ལུ་བལྟ་བ་ཅིན་",H_{2}O+CO,H_{2}+CO,H_{2}O+NH_{3} འདི་ཡང་ H_{2}O+NH_{3},H_{2}+NO_{2} འདི་ཡང་ H_{2}+NO_{2} ནང་ལུ་ཨིན་,b
hsc-chemistry-12-73,A(g) +B(g) \rightleftharpoons AB(g); \bigtriangleup H = +ve འདི་རང་ བསྒྱུར་བཅོས་འབད་ནིའི་དོན་ལས་ བསྒྱུར་བཅོས་འབད་ནིའི་དོན་ལས་ བསྒྱུར་བཅོས་འབད་ནིའི་དོན་ལས་ བསྒྱུར་བཅོས་འབདཝ་ཨིན།,བཟོ་རིག་,སྐུགས་ཚད་ཀྱི་ཐད་ལུ་,ཚད་ལྡན་ཨིན།,ཀོ་ར་རྩ་གི་ བརྒྱ་རྩིས་,d
hsc-chemistry-12-74,ག་གི་གློག་རྡུལ་ལུ་ མཐུད་སྦྲེལ་གྱི་ཟུར་ཚད་མཐོ་ཤོས་ཡོདཔ་ཨིན་ན?,A_{2}+B_{2}\rightleftharpoons 2AB གིས་ བསྡུ་ལེན་འབད་ཡོད་པའི་ཨང་གྲངས་ཚུ་,A_{2}+3B_{2}\rightleftharpoons 2AB_{3} འདི་ཡང་ སྦ་སྒོར་ནང་ཡོད་མི་ སྦ་སྒོར་ནང་ཡོད་མི་ སྦ་སྒོར་ནང་ཡོད་མི་,C+2D\rightleftharpoons A འདི་ ཀེར་ཐིག་གཉིས་དང་སྦྲགས་ཏེ་ཡོདཔ་ཨིན།,C+D\rightleftharpoons 3A འདི་ ཀེར་ཐིག་ ༣་་གི་མཐའ་མ་ཨིན།,a
hsc-chemistry-12-75,རང་བཞིན་གནས་སྟངས་ནང་ལུ་ ཧའི་ཌོ་ཇེན་ཨིས་ཏྲཱོན་ལུ་ འཁོར་བའི་གློག་རྡུལ་གྱི་ ཀེར་ཐིག་གི་ལྗིད་ཚད་ག་དེམ་ཅིག་ཡོདཔ་ཨིན་ན?,3.16\times 10^{-2} འདི་ཡང་ འ་ནི་རྩིས་གཞི་ལུ་གཞི་བསྟུན་འབདཝ་ཨིན།,3.16\times 10^{-3} འདི་ཡང་ སྦྲེལ་རྟགས་ཨིན་,སྦྲེལ་རྟགས་འདི་ ༡༠ ལུ་ཡར་འཕར་འབདཝ་ཨིན།,4.0 \times 10^{-4} འདི་ལུ་བལྟ་བ་ཅིན་,a
hsc-chemistry-12-76,ཇི་རད་ཕོརཌ་གིས་ ཁོ་གི་བརྟག་དཔྱད་ཀྱི་སྐབས་ལུ་ ག་ཅི་གི་ཀཝ་ལག་ལེན་འཐབ་ཡོདཔ་ཨིན་ན?,HNO_{2} འདི་ལུ་,HNO_{3} འདི་ལུ་,H_{2}SO_{4} འདི་ལུ་བལྟ་བ་ཅིན་,H_{2}SO_{3} འདི་ལུ་བལྟ་བ་ཅིན་,c
hsc-chemistry-12-77,ཟ་ཆས་ཚུ་ ཚ་ཏོང་ཏོ་སྦེ་ བཙུགས་ཏེ་ བཞེས་སྒོ་བཟོ་ནི་དེ་ ག་ཅི་སྦེ་སླབ་ནི་ཨིན་ན?,i དང་ ii,i དང་ iii,ii དང་ iii,"i, ii དང་ iii ཚུ་ཨིན།",d
hsc-chemistry-12-78,ཨསིཌ་གི་ཤུགས་ཚད་འདི་ ག་དེ་ཅིག་ཨིན་ག་འདི་,i དང་ ii,ii དང་ iii,i དང་ iii,"i, ii དང་ iii ཚུ་ཨིན།",d
hsc-chemistry-12-80,i. གྲུབ་འབྲས་འདི་ ཚ་དྲོད་ཅན་ཨིན།,10,11,12,13,b
hsc-chemistry-12-81,༢། ཀ_{p} དང་ ཀ_{e} གི་གནས་གོང་ཚུ་འདྲན་འདྲ་ཨིན།,i,གསུམ་པ་,i དང་ ii,"i, ii དང་ iii ཚུ་ཨིན།",c
hsc-chemistry-12-82,གསུམ་པ་ ཌིསི་ཨེཕ་སི་གི་གནས་སྟངས་ལུ་ ཐོ་མི་ཕོགཔ་,1-2%,2-4%,4-6%,6-10%,d
hsc-chemistry-12-83,འ་ནི་གྲལ་ལས་ ག་འདི་བདེན་པ་ཨིན་ན?,H^{+} འདི་ཡང་,ཨེགསི་,ཁོ་གིས་,ལི་^{+},b
hsc-chemistry-12-84,3d orbital གི་དོན་ལུ་ m གི་གནས་གོང་འདི་ག་དེམ་ཅིག་འོང་ནི་ཨིན་ན?,0,"- 1, 0, + 1","- 2, - 1, 0, + 1, + 2","- 3, - 2, - 1, 0, + 1, + 2, + 3",c
hsc-chemistry-12-85,བོ་རོན་གྱི་མཇུག་གི་གློག་རྡུལ་ལུ་ ལྡེ་མིག་གི་ལྗིད་ཚད་ག་དེམ་ཅིག་ཡོདཔ་ཨིན་ན?,\frac{h}{2\pi}ལུ་ བསྒྱུར་བཅོས་འབདཝ་ཨིན།,\frac{2h}{\pi}ལུ་ བསྒྱུར་བཅོས་འབདཝ་ཨིན།,\frac{n}{2\pi}ལུ་ བསྒྱུར་བཅོས་འབདཝ་ཨིན།,\frac{h}{\pi}ལུ་ བསྒྱུར་བཅོས་འབདཝ་ཨིན།,d
hsc-chemistry-12-87,,i དང་ ii,i དང་ iii,ii དང་ iii,"i, ii དང་ iii ཚུ་ཨིན།",d
hsc-chemistry-12-88,རྒྱུད་བསྐུལ་གྱི་དོན་ཚན་ A གྱི་དོན་ཚན་འདི་ཨིན།,12.6,12.3,1.7,1.4,b
hsc-chemistry-12-89,i. ནེསི་ལར་གྱི་ གྲོས་ཆོད་ནང་ ཤ་རོགསཔ་གིས་ འབྱེམ་རྐྱབ་ཡོདཔ་ཨིན།,ནི།,C,བི་,ཨོ་,a
hsc-chemistry-12-90,༢། འདི་ལུ་ ཀ་ཝར་ཊི་ལར་གྱི་བཟོ་རྣམ་ཡོདཔ་ཨིན།,ཨའི་ཨོ་ནིཀ,ཨོ་པོ་ལར་གི་དུས་མཐུན་,ཨ་ལོ་ཚུ་ གཅིག་ཁར་བསྡོམ་ནི་,ནང་ཐིག་,b
hsc-chemistry-12-91,གསུམ་པ་ འདི་ནང་ལུ་ མཉམ་སྦྲེལ་དང་ མཐུད་སྦྲེལ་ དེ་ལས་ ཨི་ཨོ་ནི་ཀཱོན་ཚུ་ཡོདཔ་ཨིན།,sp,sp^{2}d འདི་ཡང་,sp^{3}d^{2}ལུ་ བསྒྱུར་བཅོས་འབདཝ་ཨིན།,sp^{3}d འདི་ཡང་,d
hsc-chemistry-12-92,འོག་ལུ་ཡོད་མི་ལས་ ག་འདི་བདེན་པ་ཨིན་ན་ཟེར་བ་ཅིན་,F_{2} འདི་ལུ་,Cl_{2} དེ་ནང་ལུ་,Br_{2} འདི་ཡང་,I_{2} འདི་ཡང་,c
hsc-chemistry-12-94,i. H_{2}O ཚ་ཆུ་,\sqrt{\frac{K_{b}}{C}} འདི་ཡང་ ཌའི་ལོག་གི་ས་སྒོ་འདི་ཨིན།,\sqrt{\frac{C}{K_{b}}}ལུ་ བསྒྱུར་བཅོས་འབདཝ་ཨིན།,\sqrt{\frac{K_{a}}{C}} འདི་ཡང་ སྦ་སྒོར་འདི་ནང་ལུ་ཨིན།,\sqrt{K_{a} C} དེ་ནང་ལུ་,c
hsc-chemistry-12-95,༢། ཨེ་ཊ་ནོལ་འདི་ ཆུ་ནང་སེལ་ཚུགས།,n = ༡ དང་ l = ༠ ཨིན་པས།,nའདི་ ༢ དང་ lའདི་ ༡ ཨིན།,n འདི་ ༣ དང་ l འདི་ ༢ ཨིན།,n འདི་ ༤ དང་ l འདི་ ༣ ཨིན།,c
hsc-chemistry-12-96,གསུམ་པ་ ཨིས་ཊ་ནོ་ཨིག་ཨེ་སིཌ་གིས་ ཌའི་མཱར་བཟོཝ་ཨིན།,i དང་ ii,i དང་ iii,ii དང་ iii,"i, ii དང་ iii ཚུ་ཨིན།",d
hsc-chemistry-12-97,འོག་ལུ་ཡོད་མི་ལས་ ག་འདི་བདེན་པ་ཨིན་ན་ཟེར་བ་ཅིན་,CO_{2} དེ་ནང་ལུ་,PH_{3} དེ་ནང་ལུ་,PCl_{5} འདི་ལུ་,HF,a
hsc-chemistry-12-98,ཨསིཊི་ཞན་པའི་ བརླག་སོང་ཚད་ -,LiOH<NaOH<KOH<CsOH,NaOH<LiOH<KOH<CsOH,KOH<CsOH<LiOH<NaOH,LiOH<KOH<CsOH<NaOH,a
hsc-chemistry-12-99,ཇི་ཨེམ་ཨར་བི་ཊཱལ་འདི་ ཕྱི་ཁ་ལུ་ཡོད་མི་ཚུ་ག་ར་ལུ་ ཕན་ཐོགས་ཡོདཔ་ཨིན་ན།,A+B\rightleftharpoons ༢L+M འདི་ཡང་ སྦ་སྒོར་གྱི་མཐའ་མ་ལུ་ཨིན།,2A+B\rightleftharpoons L+2M འདི་ཡང་ སྦ་སྒོར་གྱི་མཐའ་མ་ལུ་ཡོད་པའི་སྦ་སྒོར་དེ་ཨིན།,2A+B\rightleftharpoons L+M འདི་ ཀླད་ཀོར་གྱི་ཕྲ་རིང་གི་ཕྲ་རིང་གི་ཕྲ་རིང་ཨིན།,A+B\rightleftharpoons 2L+2M འདི་ཡང་ སྦ་སྒོར་གི་ས་སྒོ་འདི་ཨིན།,b
hsc-chemistry-12-101,i.sp ནད་འབུབ་ཐོབ་,1:02,3:01,3:02,4:03,c
hsc-chemistry-12-102,༢། ཧའི་ཌོ་ཇེན་ལྕགས་རིགས་,8S^{3} འདི་ལུ་བལྟ་བ་ཅིན་,༡༦S^{4} འདི་ལུ་,༢༧ S^{3} འདི་ ༢༧ S^{3} ཨིན།,༡༠༨S^{5} འདི་ལུ་,d
hsc-chemistry-12-103,གསུམ་པ་ S གི་རྩ་བ་,dsp^{2} འདི་ལུ་,sp^{3} འདི་ལུ་,sp^{2} འདི་ལུ་,sp,b
hsc-chemistry-12-104,ཀུ་ཝང་གི་ཁུ་བ་ནང་ལུ་ འབུབ་རིགས་ག་འདི་ལག་ལེན་འཐབ་དོ་ཡོདཔ་ཨིན་ན?,F_{2} འདི་ལུ་,Cl_{2} དེ་ནང་ལུ་,Br_{2} འདི་ཡང་,I_{2} འདི་ཡང་,d
hsc-chemistry-12-105,Chalcogen གྱི་རྒྱུ་རྫས་འདི་ ག་གི་ཆ་ཤས་ཅིག་ཨིན་ན?,ན,ཁོ་གིས་,ཨོ་,Be,c
hsc-chemistry-12-106,ཙི་ཙི་ཅིག་ནང་ ཨེལོཊརོནཊི་ག་དེ་མང་ཤོས་ཅིག་ཡོདཔ་ཨིན་ན?,ངོས་ལེན་འབད་ཡོདཔ་:,HBr,HC1,HF,d
hsc-chemistry-12-107,ཆུ་གི་ཨི་ཨོནཌི་ཀའུཊི་ (K_{w}) གི་ཚད་གཞི་འདི་ག་དེ་ཅིག་ཨིན་ན?,i,i དང་ iii,ii དང་ iii,"i, ii དང་ iii ཚུ་ཨིན།",b
hsc-chemistry-12-108,ཨེན་ཇིམ་ག་ལས་བརྟེན་ གཱུལ་ཀོཟ་དང་ ཕོརསི་ཊོཟ་ཚུ་ ཨེ་ཊ་ནོལ་ལུ་འགྱུར་དོ་ཡོདཔ་ཨིན་ན?,NH_{4}NO_{3} འདི་ལུ་བལྟ་བ་ཅིན་,(NH_{4}) _{2}SO_{4} འདི་ལུ་བལྟ་བ་ཅིན་,(NH_{4}) _{2}CO_{3} འདི་ཡང་ ཌའི་ལོག་གི་མིང་ཨིན།,NH_{4}Cl,b
hsc-chemistry-12-110,i. ཨ་ལཱན་ཅི་འདི་ དྭངས་གསལ་སྦེ་རང་མཐོང་ཚུགས་དོ་ཡོདཔ་ཨིན།,2,6,10,14,d
hsc-chemistry-12-111,༢། ཀླད་ཀོར་གསུམ་ཡོད་པའི་ པི་རཱམ་ཌི་ཡཱནསི་,mol L^{-1} འདི་,mol^{2}L^{-2} འདི་ལུ་བལྟ་བ་ཅིན་,mol^{-2}L^{2} འདི་ཡང་ ཀླད་ཀོར་གྱི་རིམ་པ་ཨིན།,mol^{2}L^{2} འདི་ཡང་ ཀེར་ཐིག་གཉིས་ལུ་,b
hsc-chemistry-12-112,གསུམ་པ་ མཐུད་སྦྲེལ་འདི་གིས་ མཐུད་སྦྲེལ་བཟོཝ་ཨིན།,དབྱེ་བ་ཕྱེ་ནི་,མཆིན་པའི་ནད་,མཱལ་ཊེཇ་,ཇའི་མཱེཇ་,d
hsc-chemistry-12-113,འོག་ལུ་ཡོད་མི་ལས་ ག་འདི་བདེན་པ་ཨིན་ན་ཟེར་བ་ཅིན་,i དང་ ii,ii དང་ iii,i དང་ iii,"i, ii དང་ iii ཚུ་ཨིན།",a
hsc-chemistry-12-114,འོག་གི་རྒྱུ་རྫས་འདི་ག་ཏེ་ལས་ཨིན་ན།,Ti,ཀྲོར,Fe,ནི,a
hsc-chemistry-12-116,i. k_{p} གི་ཆ་ཤས་འདི་ atm^{-2}ཨིན།,H^{+} འདི་ཡང་,ཧེ་^{+},ལི་^{+},བི་^{+},b
hsc-chemistry-12-117,༢། མེ་རླུང་རྒྱ་རྫི་འདི་ རླུང་མ་ཤུགས་སྦེ་འཕུ་བའི་བསྒང་ལས་ ཐོན་སྐྱེད་ཡར་འཕར་འགྱོ་དོ་ཡོདཔ་ཨིན།,S^{2} འདི་ལུ་,4S^{3} འདི་ལུ་,༢༧ S^{4} འདི་ ༢༧ S^{4} ཨིན།,༡༠༨S^{5} འདི་ལུ་,c
hsc-chemistry-12-118,གསུམ་པ་ བརྟག་ཞིབ་ཚད་གཏན་འཇགས་འབདཝ་ཨིན།,i དང་ ii,ii དང་ iii,i དང་ iii,"i, ii དང་ iii ཚུ་ཨིན།",b
hsc-chemistry-12-119,འ་ནི་ཚུ་ལས་ག་འདི་བདེན་པ་ཨིན་ན?,8,6,5,3,b
hsc-chemistry-12-120,ཆུ་གི་ཨི་ཨོནསི་གི་གྱངས་ཁ་འདི་ག་དེམ་ཅིག་ཡོདཔ་ཨིན་ན?,UV,IR,X-ray,མཐོང་ཚུགས་པའི་འོད་ཟེར་,a
hsc-chemistry-12-121,2AB \rightleftharpoons A_{2} + B_{2}; \Delta H = + Ve འ་ནི་བཙོང་ནིའི་དོན་ལུ་ ག་འདི་བདེན་པ་ཨིན་ན?,i དང་ ii,ii དང་ iii,i དང་ iii,"i, ii དང་ iii ཚུ་ཨིན།",d
hsc-chemistry-12-122,k_{c}གི་གནས་གོང་འདི་ག་དེ་ཅིག་ཨིན་ན།,ལེན་མི་ཚུགས།,N_{2}O_{3} འདི་ལུ་བལྟ་བ་ཅིན་,N_{2}O_{4} འདི་ལུ་བལྟ་བ་ཅིན་,N_{2}O_{5} འདི་ལུ་བལྟ་བ་ཅིན་,c
hsc-chemistry-12-123,མི་གི་གཟུགས་ནང་གི་ pH ཚད་འཛིན་འབད་ནིའི་ བར་མཚམས་འདི་ག་ཅི་ཡོདཔ་ཨིན་ན?,i དང་ ii,ii དང་ iii,i དང་ iii,"i, ii དང་ iii ཚུ་ཨིན།",a
hsc-chemistry-12-124,རང་བཞིན་གྱི་ཟས་བཅུད་ཚུ་ སྲུང་སྐྱོབ་འབད་ནིའི་དོན་ལུ་ ལག་ལེན་འཐབ་མི་ཅིག་འདི་ག་འདི་ཨིན་ན?,sp,sp^{2} འདི་ལུ་,sp^{3} འདི་ལུ་,sp^{3}d འདི་ཡང་,c
hsc-chemistry-12-125,vinegar་ནང་ལུ་ ethanoic acid་གི་བརྒྱ་ཆ་ག་དེམ་ཅིག་ཡོདཔ་ཨིན་ན?,༩༠་\degree,༡༠༥\degree,༡༠༧\degree,༡༠༩\degree,d
hsc-chemistry-12-126,འོག་གི་རྒྱུ་རྫས་ག་འདི་བསད་ནི་གི་རྒྱུ་རྫས་སྦེ་ལག་ལེན་འཐབ་ཡོདཔ་ཨིན་ན?,ཨེཇི་ཨེཕ་,AgC1,AgBr,AgI,d
hsc-chemistry-12-127,མཐོང་ཚུགས་པའི་འོད་ཟེར་གྱི་འོད་ཀྱི་རིང་ཚད་འདི་ ནཱན་མི་ཊར་ག་དེ་ཅིག་ཡོདཔ་ཨིན་ན?,Ionic bond ཚུ་,དུས་མཐུན་གྱི་མཐུན་ལམ་,ཧའི་ཌོ་ཇེན་ལྕགས་རིགས་,ལྕགས་ཀྱི་ཐགཔ་,c
hsc-chemistry-12-128,ཤུགས་ཚད་གསུམ་པ་ལུ་ལོག་འགྱོཝ་ད་ ཇི་བཟུམ་ཅིག་མཐོང་ཚུགས་ནི་ཨིན་ན?,པི་རཱེམ་ཌི་ཡཱན་,ཟུར་བཞི་འབད་མི་,ཟུར་ཐིག་གསུམ་འབད་མི་,ཟུར་བརྒྱད་འབད་མི་,d
hsc-chemistry-12-129,ཨེཀཊོརནཊི་འདི་ དང་པ་ག་ལུ་འགྱོ་ནི་ཨིན་ན?,i དང་ ii,ii དང་ iii,i དང་ iii,"i, ii དང་ iii ཚུ་ཨིན།",b
hsc-chemistry-12-130,CaF_{2}་གིས་གང་བའི་ཆུའི་རིགས་ནང་ Fluoride ions་གི་འཕར་ཚད་ 0.00655 gL^{-1}ཡོད་པ་ཅིན་ CaF_{2}་གི་གནས་ཚད་འདི་ག་དེམ་ཅིག་འོང་ནི་ཨིན་ན?,༡.༠ \times ༡༠^{-14} འདི་ ༡.༠ ལུ་ཡར་འཕར་འབདཝ་ཨིན།,༡.༠ \times ༡༠^{-7} འདི་ ༡.༠ ལུ་ཡར་གྱངས་ཁ་རྐྱབ་ཨིན།,༡.༠ \times ༡༠^{-12} འདི་ ༡.༠ ལུ་ཡར་གྱངས་ཁ་རྐྱབ་ཨིན།,༡.༠ \times ༡༠^{-15} འདི་ ༡.༠ ལུ་ཡར་འཕར་འབདཝ་ཨིན།,a
hsc-chemistry-12-131,ག་འདི་མེ་གིས་བརྟག་དཔྱད་འབད་མ་ཚུགསཔ་ཨིན་ན?,K_{p} = K_{c}(RT) ^{2} འདི་ ཀ་_{p} དང་ ཀ་_{c}^{2} ཚུ་འདྲཝ་ཨིན།,ཀ_{p} = ཀ_{c} (RT),ཀ_{p} = ཀ_{c},K_{p} = K_{c}(RT) ^[3},c
hsc-chemistry-12-132,ག་འདི་ནང་ལུ་ དུས་མཐུན་མཐུད་སྦྲེལ་མེདཔ་ཨིན་ན?,འ་ནི་གནས་གོང་དེ་ ༡ ཨིན།,འདི་གི་གནས་གོང་དེ་ དབང་པོ་ལུ་བརྟེན་ཏེ་ཨིན།,འདི་གི་གནས་གོང་འདི་ མནོ་བསམ་གཏང་ཐངས་ལུ་བརྟེན་ཨིན།,འདི་ལུ་མཐའ་མེད་པའི་རིན་གོང་ཡང་ཡོདཔ་ཨིན།,a
hsc-chemistry-12-133,འ་ནི་ Oppolar Solvent འདི་ག་ཨིནམ་ཨིན་ན?,CH_{3}COOH + HCO_{3}^{-} འདི་ ཀྲོང་གསར་ལུ་ཡོད་པའི་ ཀྲོང་གསར་ལུ་ཡོད་པའི་ ཀྲོང་གསར་ལུ་ཡོད་པའི་ ཀྲོང་གསར་ལུ་ཡོདཔ་ཨིན།,H_{2}CO_{3} + NaHCO_{3} ཚུ་དང་བསྡོམ་པ་ཅིན་,NH_{4}OH + NH_{4}Cl ཚུ་,CH_{3}COOH + CH_{3}COONa འདི་ཡང་ ཀོ་ཧོནཌི་ནའུནཌི་ནའུནཌི་ནའུནཌི་ནའུནཌི་ནའུནཌི་ནའུནཌི་,b
hsc-chemistry-12-134,ག་འདི་ཤུགས་ཅན་ཨསིཌ་ཨིན་ན?,SO_{2} འདི་ལུ་བལྟ་བ་ཅིན་,NaNO_{3} འདི་ལུ་,Na_{2}CO_{3} འདི་ལུ་བལྟ་བ་ཅིན་,NaCl,d
hsc-chemistry-12-135,འཐུང་ཆུ་གཙང་ཏོག་ཏོ་གི་ pOH འདི་ག་དེམ་ཅིག་ཡོདཔ་ཨིན་ན?,6-10%,12-17%,15-20%,20-25%,a
hsc-chemistry-12-136,H_{2}Oལུ་ ཨསིཊ་ག་ཏེ་ཡོདཔ་ཨིན་ན?,BHA,BHT,HCHO,EDTA,d
hsc-chemistry-12-138,i. Ionic bond ཚུ་,ལི་མཱན་,སྦ་སྒོར་,ནད་གཞི་,གཡས་ཁ་ཐུག་,c
hsc-chemistry-12-139,༢། དུས་མཐུན་གྱི་མཐུན་ལམ་,༦p,༥d,༤་ཨེཕ་,༧་ཚུ་,c
hsc-chemistry-12-140,གསུམ་པ་ མཐུད་སྦྲེལ་འབད་ཐངས་,3.7\times 10^{-13} འདི་ལུ་ བརྒྱ་ཆ་ ༡༠ ལུ་ཡར་འཕར་འབདཝ་ཨིན།,2.048\times 10^{-10} འདི་ ༡ གི་གནས་གོང་ཨིན།,3.7\times 10^{-12} འདི་ལུ་ཡར་འཕར་འབདཝ་ཨིན།,2.048\times 10^{-11} འདི་ལུ་ བསྒྱུར་བཅོས་འབད་དགོ་པ་ཅིན་,d
hsc-chemistry-12-141,འ་ནི་ཚུ་ལས་ག་འདི་བདེན་པ་ཨིན་ན?,ན,Be,ཀ་,ཀ་,b
hsc-chemistry-12-142,sp-hybrid གིས་ ཕྲ་རྡུལ་འདི་ ག་དེ་སྦེ་བཟོ་ནི་ཨིན་ན?,HBr,H_{2}S གིས་,BeCl_{2} འདི་ཡང་,ཀ་ཨེཕ་_{2},d
hsc-chemistry-12-144,ག་འདི་ཤུགས་ཅན་ཨསིཌ་ཨིན་ན?,HNO_{2} འདི་ལུ་,HNO_{3} འདི་ལུ་,H_{2}SO_{3} འདི་ལུ་བལྟ་བ་ཅིན་,H_{2}SO_{4} འདི་ལུ་བལྟ་བ་ཅིན་,d
hsc-chemistry-12-145,འཐུང་ཆུ་གཙང་ཏོག་ཏོ་གི་ pOH འདི་ག་དེམ་ཅིག་ཡོདཔ་ཨིན་ན?,14,7,1.4,0.7,b
hsc-chemistry-12-146,H_{2}Oལུ་ ཨསིཊ་ག་ཏེ་ཡོདཔ་ཨིན་ན?,OH^{-} འདི་ཡང་,H^{+} འདི་ཡང་,O^{2-} འདི་ཡང་,H_{3}^{+}O འདི་ཡང་,d
hsc-chemistry-12-148,i. Ionic bond ཚུ་,H_{2}SO_{4}+K_{2}Cr_{2}O_{7} འདི་ཡང་ ཌའི་ལོག་ནང་ལུ་ཨིན་,CH_{3}COOH+H_{2}O,HCl+CH_{3}COOH,CH_{3}COOH+H_{2}SO_{4} འདི་ཡང་ ཕྲ་རིང་གི་ཕྲ་རིང་གི་ཕྲ་རིང་གི་ཕྲ་རིང་གི་ཕྲ་རིང་གི་ཕྲ་རིང་གི་ཕྲ་རིང་གི་ཕྲ་རིང་གི་ཕྲ་རིང་གི་ཕྲ་རིང་གི་ཕྲ་རིང་གི་ཕྲ་རིང་གི་ཕྲ་རིང་གི་,b
hsc-chemistry-12-149,༢། དུས་མཐུན་གྱི་མཐུན་ལམ་,ཨི་ཟོཊོན,ཨི་ཟོ་མཱར་,ཨི་སོ་བཱ་ར་,ཨི་ཟོཊོ་པི་,c
hsc-chemistry-12-150,གསུམ་པ་ མཐུད་སྦྲེལ་འབད་ཐངས་,ཨཱལ་ཕ་,\beta འདི་ཡང་,\gamma,X-ray,a
hsc-chemistry-12-151,འོག་ལུ་ཡོད་མི་ལས་ ག་འདི་བདེན་པ་ཨིན་ན་ཟེར་བ་ཅིན་,H^{-} འདི་ཡང་,ཧེ་^{2+}ལུ་,ལི་^{2+} འདི་ལུ་,བི་^{2+}ལུ་,c
hsc-chemistry-12-152,sp-hybrid གིས་ རྡུལ་ཕྲན་འདི་ ག་དེ་སྦེ་བཟོ་ནི་ཨིན་ན?,\frac{2n}{2h} འདི་ཡང་ ཌའི་ལོག་ནང་ལུ་ཨིན་,\frac{2h}{\pi}ལུ་ བསྒྱུར་བཅོས་འབདཝ་ཨིན།,\frac{n}{2\pi}ལུ་ བསྒྱུར་བཅོས་འབདཝ་ཨིན།,\frac{h}{\pi}ལུ་ བསྒྱུར་བཅོས་འབདཝ་ཨིན།,d
hsc-chemistry-12-154,i. p ཨིསི་ཊོ་པི་ཊཱལ་གཉིས་ཀྱི་བར་ནས,༥ ཚུན་,༣་ཨེཕ་,༢d,1p,a
hsc-chemistry-12-155,༢། p དང་ s གི་བར་ནའི་ ཕྱོགས་ཐིག་,ཨོཕ་བཱུ་གི་སྲིད་བྱུས་,ཀཝཱནཊ་གི་ནུས་པ་,བོ་རའི ་ ཨོཊ་མིཀ་དཔེ་ཚད་,ར་དཱེར་ཕོརཌ་གི་གློག་རྡུལ་དཔེ་ཚད་,b
hsc-chemistry-12-156,གསུམ་པ་ ཟུར་སྦྲེལ་གྱི་འཁོར་ལམ་གཉིས་ཀྱི་བར་ན་,i དང་ ii,i དང་ iii,ii དང་ iii,"i, ii དང་ iii ཚུ་ཨིན།",d
hsc-chemistry-12-157,འོག་ལུ་ཡོད་མི་ལས་ ག་འདི་བདེན་པ་ཨིན་ན་ཟེར་བ་ཅིན་,པི་རཱེམ་ཌི་ཡཱན་,ཟུར་ཐིག་གསུམ་སྦེ་བཟོ་མི་ ཟུར་ཐིག་གསུམ་,ཐིག་ཁྲམ་ཕྲ་རིང་,ཟུར་བཞི་འབད་མི་,c
hsc-chemistry-12-159,i. བཞེས་སྒོ་ནང་ཡོད་མི་ ནད་འབུབ་དེ་ཚུ་ རྩ་མེད་གཏང་ནི་,MgCl_{2},BeCl_{2} འདི་ཡང་,NaCl,LiCl,b
hsc-chemistry-12-160,༢། ཟ་ནི་གི་སྤྲོ་བ་འདི་ཡར་འཕར་འགྱོཝ་ཨིན།,༥ ཚུན་,༤d,༤་པི་,༥p,c
hsc-chemistry-12-161,གསུམ་པ་ ཁྲག་ཤུགས་མར་ཕབ་རྐྱབ་ཨིན།,0.1,1,1.3,2,b
hsc-chemistry-12-162,འོག་ལུ་ཡོད་མི་ལས་ ག་འདི་བདེན་པ་ཨིན་ན་ཟེར་བ་ཅིན་,i,ii,གསུམ་པ་,"i, ii དང་ iii ཚུ་ཨིན།",a
hsc-chemistry-12-163,ག་འདི་ཤུགས་ཆེ་ཤོས་ཅིག་ཨིནཊ་?,pHའདི་ཡར་འཕར་འགྱོ་འོང་།,pHའདི་གནས་སོར་འགྱོ་མི་ཚུགས།,H_{+} འདི་ཡར་འཕར་འགྱོ་འོང་།,OH^{-} གིས་ ཨའོན་གི་ལྗིད་ཚད་མར་ཕབ་འབདཝ་ཨིན།,b
hsc-chemistry-12-164,ག་འདི་ཆུའི་ནང་མགྱོགས་པ་རང་བཞུ་ཚུགས་ནི་ཨིན་ན?,རཱད་རར་ཕོརཌ་,ཐཱོམ་སོན་,ཌཱལ་ཊོན་,བོ་ར་,d
hsc-chemistry-12-165,[Zn(NH_{3}) _{4}]^{2+}ལུ་ Znགི་འཕར་ཚད་འདི་ག་དེམ་ཅིག་ཡོདཔ་ཨིན་ན?,ནད་བཅོས་འབད་ཐངས་,ཀ་ནི་ཚུ་,དྭངས་གསལ་བཟོ་ནི་,པི་ཀཱལིང་།,d
hsc-chemistry-12-166,ཀི་བཱའིན་ཌིང་གི་གནས་གོང་འདི་ ཀི་བཱའིན་ཌིང་གི་གནས་གོང་འདི་ཨིན།,བི་ < བི་,Mg < Al,F > Ne,Mg > Na,c
hsc-chemistry-12-167,ཨེན་ཇིམ་ག་ཅི་གིས་ ཨེཊ་ན་ལཱོན་ལུ་ ཨེན་ཝེཊ་ཤཱག་ལས་ བཟོ་དོ་ཡོདཔ་ཨིན་ན?,HBrO_{4}>HClO_{4}>HNO_{3}>H_{3}PO_{4} འདི་ཡང་ ཕྲ་རིང་གི་ཕྲ་རིང་གི་ཕྲ་རིང་གི་ཕྲ་རིང་གི་ཕྲ་རིང་གི་ཕྲ་རིང་གི་ཕྲ་རིང་གི་ཕྲ་རིང་གི་ཕྲ་རིང་གི་ཕྲ་རིང་གི་ཕྲ་རིང་གི་ཕྲ་རིང་གི་ཕྲ་རིང་དེ་ཨིན།,HClO_{4}>HBrO_{4}>HNO_{3}>H_{3}PO_{4} འདི་ཡང་ ཕྲ་རིང་གི་ཕྲ་རིང་གི་ཕྲ་རིང་གི་ཕྲ་རིང་གི་ཕྲ་རིང་གི་ཕྲ་རིང་གི་ཕྲ་རིང་གི་ཕྲ་རིང་གི་ཕྲ་རིང་གི་ཕྲ་རིང་གི་ཕྲ་རིང་གི་ཕྲ་རིང་གི་ཕྲ་རིང་གི་ཕྲ་རིང་དེ་ཨིན།,HClO_{4}>HBrO_{4}>H_{3}PO_{4}>HNO_{3} འདི་ཡང་ ཕྲ་རིང་གི་ཕྲ་རིང་གི་ཕྲ་རིང་གི་ཕྲ་རིང་གི་ཕྲ་རིང་གི་ཕྲ་རིང་གི་ཕྲ་རིང་གི་ཕྲ་རིང་གི་ཕྲ་རིང་གི་ཕྲ་རིང་གི་ཕྲ་རིང་གི་ཕྲ་རིང་གི་ཕྲ་རིང་དེ་ཨིན།,HNO_{3}>H_{3}PO_{4}>HClO_{4}>HBrO_{4} འདི་ཡང་ HNO_{3}>H_{3}PO_{4}འདི་ཡང་ HClO_{4}འདི་ཡང་,b
hsc-chemistry-12-168,འ་ནི་གློག་ཤུགས་འདི་ ཨེཀཊོརོནཊི་འདི་ཕུད་བཏང་ཞིནམ་ལས་ ནུས་པ་ཅན་གྱི་ཨ་ཡོན་ལུ་འགྱུར་ནི་གི་དོན་ལས་ཨིན།,"Na^{+}, Ca^{2+}, Sc^{3+}, F^{-} འདི་ཡང་ ཌའི་ལོག་གི་མིང་ཨིན།","K^{+}, Cl^{-},Mg^{2+},Sc^{3+} འདི་ཡང་ ཌའི་ལོག་གི་ཨང་གྲངས་ཨིན།","Na^{+}, Mg^{2+}, Al^{3+}, Cl^{-} འདི་ཡང་ ཌའི་ལོག་གི་ ཌའི་ལོག་གི་ ཌའི་ལོག་གི་ ཌའི་ལོག་ཨིན།","K^{+},Ca^{2+},Sc^{3+},Cl^{-}",d
hsc-chemistry-12-169,འ་ནི་ལས་ཀ་འདི་གིས་ ཕྲ་རིང་ཚུ་འཕྱལ་ཚུགསཔ་ཨིན།,i དང་ ii,i དང་ iii,ii དང་ iii,"i, ii དང་ iii ཚུ་ཨིན།",b
hsc-chemistry-12-170,i. པྲ་པོ་པིན་,NH_{3}<HF<H_{2}O<CH_{4} འདི་ཡང་ སྦ་སྒོར་འདི་ནང་ལུ་ཨིན།,CH_{4}<NH_{3}<HF<H_{2}O འདི་ཡང་ ཌའི་ལོག་གི་ ཌའི་ལོག་གི་ ཌའི་ལོག་ཨིན།,CH_{4}<NH_{3}<H_{2}O<HF ཚུར་ཐིག་ཚུ་,NH_{3}<CH_{4}<H_{2}O<HF ཚགས་མ་འདི་ནང་ལུ་,b
hsc-chemistry-12-171,༢། གིརིཕ་ཊི་,ནི^{+},K^{+} འདི་ཡང་,Mg^{2+} འདི་ཡང་,ཀ་^{2+},b
hsc-chemistry-12-172,གསུམ་པ་ བེན་ཇིན་,"n=4, l=2, m = +2, s = -\frac{1}{2} འདི་ཡང་ ཕྲང་ཕྲང་གི་ཕྲང་ཕྲང་གི་ཕྲང་ཕྲང་ཨིན།","n=3, l=2, m = -1, s = +\frac{1}{2} འདི་ཡང་ ཕྲང་ཕྲང་གི་ཕྲང་ཕྲང་གི་ཕྲང་ཕྲང་ཨིན།","n=3, l = 1, m = +1, s = -\frac{1}{2} ཚུ་དང་འདྲཝ་ཨིན།","n=4, l = 0, m = 0, s = +\frac{1}{2} འདི་ཡང་ ཕྲང་ཐིག་གི་མཐའ་མ་ལུ་ཡོདཔ་ཨིན།",d
hsc-chemistry-12-173,འོག་ལུ་ཡོད་མི་ལས་ ག་འདི་བདེན་པ་ཨིན་ན་ཟེར་བ་ཅིན་,NaOHདང་ NaCl,CH_{3}COOH + CH_{3}COONa འདི་ཡང་ ཀོ་ཧོནཌི་ནའུནཌི་ནའུནཌི་ནའུནཌི་ནའུནཌི་ནའུནཌི་ནའུནཌི་ནའུནཌི་ནའུནཌི་,NH_{4}OH NH_{4}Cl དེ་ ཚ་དྲོད་མར་ཕབ་འབད་ནིའི་དོན་ལས་ཨིན།,H_{2}CO_{3} + NaHCO_{3} ཚུ་དང་བསྡོམ་པ་ཅིན་,c
hsc-chemistry-12-174,H_{2}+N_{2}\rightleftharpoons P འདི་ཡང་ ཌའི་ལོག་ནང་ལུ་ཨིན་,i དང་ ii,i དང་ iii,ii དང་ iii,"i, ii དང་ iii ཚུ་ཨིན།",a
hsc-chemistry-12-175,P' གི་ཐད་ལུ་,Be,བི་,Mg,ཨཱལ་,a
hsc-chemistry-12-176,i. སྦྲེལ་རྟགས་ sp^{3}འདི་ སྦྲེལ་རྟགས་ལྟེ་བ་ལུ་ཡོདཔ་ཨིན།,KCl,NaCl,MgCl_{2},CaCl_{2} འདི་ཡང་,a
hsc-chemistry-12-177,༢། K_{c}གི་ཆ་ཕྲན་འདི་ L^{2}mol^{-2}ཨིན།,sp^{3} འདི་ལུ་,sp^{3}d འདི་ཡང་,sp^{3}d^{2}ལུ་ བསྒྱུར་བཅོས་འབདཝ་ཨིན།,sp^{2}d འདི་ཡང་,a
hsc-chemistry-12-178,གསུམ་པ་ དབྱིབས་འདི་ ཟུར་བཞི་སྦེ་བཟོ་ནུག,0.8250 atm ཨིན་པས།,0.7250 atm ཨིན་པས།,0.0825 atm ཨིན་པས།,0.0725 atm ཨིན་,d
hsc-chemistry-12-179,འོག་ལུ་ཡོད་མི་ལས་ ག་འདི་བདེན་པ་ཨིན་ན་ཟེར་བ་ཅིན་,མལ་ཏེཇ་,དབྱིབས་བསྒྱུར་,ཇའི་མཱེཇ་,མཆིན་པའི་ནད་,c
hsc-chemistry-12-180,0.01M NaOHའདི་ pHག་དེམ་ཅིག་ཡོདཔ་ཨིན་ན?,གློག་ཤུགས་ཀྱི་རང་འདོད་འདི་,གློག་ཤུགས་ཁེ་རྒུད་མེད་པའི་གློག་ཤུགས་,ཨའོན་ནུས་ཤུགས་,ལྕགས་ཀྱི་ཤུགས་,d
hsc-chemistry-12-181,འོག་གི་ཚོང་ཁང་འདི་ ཨ་ལཱན་ཅི་གི་ཁུ་བ་གི་ཁུ་བ་ཨིནམ་འོང་ནི་མས་,i དང་ ii,i དང་ iii,ii དང་ iii,"i, ii དང་ iii ཚུ་ཨིན།",c
hsc-chemistry-12-182,ནད་བཀག་སྨན་འདི་ག་ཅི་ཨིན་ན?,i དང་ ii,i དང་ iii,ii དང་ iii,"i, ii དང་ iii ཚུ་ཨིན།",a
hsc-chemistry-12-183,Orbital གི་བསམ་འཆར་འདི་ ག་ལས་འོངམ་ཨིན་ན?,12,13,14,15,a
hsc-chemistry-12-184,ཝིན་གཱར་གྱི་མིང་གཞན་ག་ཅི་ཡོདཔ་ཨིན་ན?,CH_{3}COOH+CH_{3}COONa ཚུར་ཐིག་གི་ཕྲ་རིང་ལུ་,NaOHདང་ NaCl,Na_{2}SO_{4}+H_{2}SO_{4}ལུ་ བསྒྱུར་བཅོས་འབདཝ་ཨིན།,NH_{4}Cl+NH_{4}OH འདི་ཡང་,d
hsc-chemistry-12-185,H^{+} ནང་ལུ་ ག་འདི་མང་དྲགས་སྦེ་ཡོདཔ་ཨིན་ན?,C_{6}H_{5}COONa འདི་ལུ་བལྟ་བ་ཅིན་,NaNO_{2} འདི་ཡང་,EDTA,BHT,d
hsc-chemistry-12-186,འབྱེམ་གནས་གོང་འདི་ ག་ལུ་ཕོག་ནི་ཨིན་ན?,བོ་ར་དཔེ་ཚད་,རཱད་རར་ཕོརཌ་གི་དཔེ་གཞི་,ཚད་ལྡན་རྣམ་གཞག་,ཨོཕ་བཱུ་གི་སྲིད་བྱུས་,c
hsc-chemistry-12-187,མཐུན་ལམ་སྦོམ་ཤོས་དེ་ ག་ལུ་ཡོདཔ་ཨིན་ན?,ཨི་ཐན་ཨེས་ཨསིཌ་,མེ་ཊ་ནི་ཨེསི་ཌི་,BHA,Propanic acid འདི་ཡང་ ནད་འབུབ་ཅིག་ཨིན་མས།,a
hsc-chemistry-12-189,i. Fe^{2+}འདི་ ཉུང་སུ་ཅིག་རང་ཨིན།,མང་ཤོས་ཅིག་རང་ མགྱོགས་དྲགས་སྦེ་ མེདཔ་ཐལ་འགྱོ་མི་ ཨའི་ཨོ་ནི་ཀཱོན་འདི་ཨིན་མས།,མང་ཤོས་ཅིག་རང་ མཉམ་སྦྲེལ་འབད་བཏུབ་པའི་ མཉམ་སྦྲེལ་འབད་བཏུབ་མི་རྫས་འདི་ཨིན།,མགྱོགས་པ་རང་ རུལ་འགྱོ་མི་ ཨའི་ཨོ་ནིའུནསི་གི་སྦྱོར་བ་,མཉམ་འབྲེལ་འབད་བཏུབ་པའི་ མཉམ་འབྲེལ་འབད་བཏུབ་པའི་ མཉམ་འབྲེལ་འབད་བཏུབ་པའི་ མཉམ་འབྲེལ་འབད་བཏུབ་པའི་ མཉམ་འབྲེལ་འབད་བཏུབ་པའི་,c
hsc-chemistry-12-190,༢། Fe^{3+}འདི་ ལེགས་ཤོམ་སྦེ་རང་ཡོདཔ་ཨིན།,CH_{4} དེ་ནང་ལུ་,BCl_{3} འདི་ལུ་,NH_{3} འདི་ཡང་,H_{2}O འདི་ལུ་,b
hsc-chemistry-12-191,གསུམ་པ་ ཚོས་གཞི་གཉིས་ཆ་རང་,i དང་ ii,i དང་ iii,ii དང་ iii,"i, ii དང་ iii ཚུ་ཨིན།",c
hsc-chemistry-12-192,འོག་ལུ་ཡོད་མི་ལས་ ག་འདི་བདེན་པ་ཨིན་ན་ཟེར་བ་ཅིན་,ནི,ནི^{+},Mg^{2+} འདི་ཡང་,ཨཱལ་^{3+} འདི་ཡང་,d
hsc-chemistry-12-193,4p གི་མཐའ་འཁོར་ལུ་ཡོད་པའི་ གྲོགས་རམ་ཀཱོན་ཏམ་ཨང་གི་ གནས་གོང་འདི་ག་དེམ་ཅིག་ཡོདཔ་ཨིན་ན?,ཕྱོགས་གཅིག་ཁ་ལུ་སྡོད་ནི་,ལམ་ཕྱོགས་གཉིས་ལྡན་,གཟུགས་ཁམས་འཕྲོད་བསྟེན་,དབང་ཤུགས་ཅན་གྱི་མི་ལུ་ ཡིད་ཆེས་བསྐྱེདཔ་ཨིན།,b
hsc-chemistry-12-194,ག་འདི་གིས་ཧའི་ཌོ་ཇེན་ལྕགས་རིགས་མང་ཤོས་ཅིག་བཟོ་ནི་ཨིན་ན?,10,11,12,13,b
hsc-chemistry-12-195,ཨམ་མའོ་ལི་ཀཱོན་ནང་ལུ་ སི་ག་མཱལ་གློག་མེ་ག་དེ་ཅིག་ཡོདཔ་ཨིན་ན?,7.52\times 10^{-6}molL^{-1} འདི་ཡང་ ཀྲོང་གསར་ལུ་ཡོད་པའི་ ཀྲོང་གསར་ལུ་ཡོད་པའི་ ཀྲོང་གསར་ལུ་ཨིན།,ཀྲོང་གསར་ལུ་འབད་བ་ཅིན་ བརྒྱ་ཆ་༧.༥༢\times ༡༠^{-6}gL^{-1},7.52\times 10^{-5}molL^{-1} འདི་ཡང་ སྦྲེལ་རྟགས་འདི་ཨིན།,ཀེར་ཐིག་ ༡ ལས་ ༡ གི་གནས་གོང་འདི་ ༧.༥༢ \times ༡༠^{-5}gL^{-1}ཨིན།,c
hsc-chemistry-12-196,ག་གི་བཟོ་རྣམ་འདི་ ཐིག་ཁྲམ་དྭངས་འཕྲོས་སྦེ་ཡོདཔ་ཨིན་ན?,༣་༢་༢་༢་+\frac{1}{2},"༤,༠,༠ +\frac{1}{2} འདི་ཚུ་",༣་༢་༣་+\frac{1}{2} དེ་ཚུ་ཨིན་པས,"༥,༣,༠, -\frac{1}{2} འདི་ཚུ་ཨང་གྲངས་ཚུ་ཨིན།",c
hsc-chemistry-12-197,ཁང་མིག་གི་དྲོད་ཚད་ HCI དང་ NaOH གི་བར་ནའི་དྲོད་ཚད་དེ་ག་དེམ་ཅིག་ཡོདཔ་ཨིན་ན? (KJmol^{-1}) འདི་ ཀྲོང་གསར་ལུ་ཡོད་པའི་,UV,X-ray,IR,MW,c
hsc-chemistry-12-198,འདི་ནང་ལུ་ pHའདི་ 3.6ཨིན་པ་ཅིན་ H^{+}གི་འཕར་ཚད་འདི་ག་དེམ་ཅིག་འོང་ནི་སྨོ་,བཞེས་སྒོ་འབད་ཐངས་,མཆིན་ནད་བཀག་ཐབས་འབད་,pH ཚད་འཛིན་འབད་,མཆིན་པའི་སྲོག་ཆགས་ཚུ་ཡར་འཕར་འགྱོ་ནི་ལུ་ ཕན་ཐོགས་ཡོད།,d
hsc-chemistry-12-199,ག་འདི་དུག་བཀག་སྨན་ཨིན་ན?,༣R_{H}/4 གིས་འབད་ཡོདཔ་ཨིན།,༥R_{H}/36 འདི་ཡང་,༨R_{H}/༩ གིས་,༩R_{H}/144 འདི་ལུ་བལྟ་བ་ཅིན་,b
hsc-chemistry-12-200,AB(g) \rightleftharpoons A(g) + B(g); འདི་ནང་ལུ་ K_{p} གི་ཡན་ལག་ག་འདི་ཡོདཔ་ཨིན་ན?,5,4,3,2,c
hsc-chemistry-12-201,ཀུར་ནི་ནང་ལུ་ ག་ཅི་ལག་ལེན་འཐབ་ནི་ཡོདཔ་ཨིན་ན?,i དང་ ii,ii དང་ iii,i དང་ iii,"i, ii དང་ iii ཚུ་ཨིན།",d
hsc-chemistry-12-202,4p གི་མཐའ་འཁོར་ལུ་ཡོད་པའི་ གྲོགས་རམ་ཀཱོན་ཏམ་ཨང་གི་ གནས་གོང་འདི་ག་དེམ་ཅིག་ཡོདཔ་ཨིན་ན?,0,1,2,3,b
hsc-chemistry-12-203,ག་འདི་གིས་ཧའི་ཌོ་ཇེན་ལྕགས་རིགས་མང་ཤོས་ཅིག་བཟོ་ནི་ཨིན་ན?,NH_{3} འདི་ཡང་,HF,HCl,H_{2}O འདི་ལུ་,d
hsc-chemistry-12-204,ཨམ་མའོ་ལི་ཀཱོན་ནང་ལུ་ སི་ག་མཱལ་གློག་མེ་ག་དེ་ཅིག་ཡོདཔ་ཨིན་ན?,2,4,6,8,c
hsc-chemistry-12-205,ག་གི་བཟོ་རྣམ་འདི་ ཐིག་ཁྲམ་དྭངས་འཕྲོས་སྦེ་ཡོདཔ་ཨིན་ན?,Co_{2} འདི་ཡང་,H_{2}O འདི་ལུ་,H_{2}S གིས་,SO_{2} འདི་ལུ་བལྟ་བ་ཅིན་,a
hsc-chemistry-12-206,ཁང་མིག་གི་དྲོད་ཚད་ HCI དང་ NaOH གི་བར་ནའི་དྲོད་ཚད་དེ་ག་དེམ་ཅིག་ཡོདཔ་ཨིན་ན? (KJmol^{-1}) འདི་ ཀྲོང་གསར་ལུ་ཡོད་པའི་,-50.4,-55.2,-57.34,-68.6,c
hsc-chemistry-12-207,འདི་ནང་ལུ་ pHའདི་ 3.6ཨིན་པ་ཅིན་ H^{+}གི་འཕར་ཚད་འདི་ག་དེམ་ཅིག་འོང་ནི་སྨོ་,3.5\times 10^{-4} M འདི་ ཀླད་ཀོར་གྱི་གནས་གོང་ཨིན།,2.5\times 10^{-4} M འདི་ ཀླད་ཀོར་གྱི་གནས་གོང་ཨིན།,1.5\times 10^{-4} M འདི་ ཀླད་ཀོར་གྱི་གནས་གོང་ཨིན།,0.5\times 10^{-4} འདི་ལུ་ཡར་འཕར་འབདཝ་ཨིན།,b
hsc-chemistry-12-208,ག་འདི་དུག་བཀག་སྨན་ཨིན་ན?,པར་མཱལ་དི་ཧའི་ཌི་,བེན་ཇོ་ཡེཊ་,སཱལ་ཕ་ཊི་,བོརམེཊ་,a
hsc-chemistry-12-209,AB(g) \rightleftharpoons A(g) + B(g); འདི་ནང་ལུ་ K_{p} གི་ཡན་ལག་ག་འདི་ཡོདཔ་ཨིན་ན?,atm,atm^{-1} འདི་ཡང་,atm^{2}ལུ་ བཀྲམ་སྟོན་འབདཝ་ཨིན།,atm^{-2}ལུ་ བསྒྱུར་འབདཝ་ཨིན།,a
hsc-chemistry-12-210,ཀུར་ནི་ནང་ལུ་ ག་ཅི་ལག་ལེན་འཐབ་ནི་ཡོདཔ་ཨིན་ན?,NaI,NaBr,NaC1,NaF,c
hsc-chemistry-12-211,Planck གི་གནས་གོང་འདི་ག་དེམ་ཅིག་ཡོདཔ་ཨིན་ན?,6.23\times 10^{23}Js འདི་ལུ་བལྟ་བ་ཅིན་,6.23\times 10^{-23}Js འདི་ལུ་བལྟ་བ་ཅིན་,6.624\times 10^{34}Js འདི་ཨིན་ཅི་མིན་ཅི་,6.624\times 10^{-34}Js འདི་ཨིན་ཅི་མིན་ཅི་,d
hsc-chemistry-12-212,"འ་ནཱི་ H-atom གི་མཐའ་འཁོར་བཞི་པ་འདི་ 7.5\times 10^{-10}m གི་དཀྱིལ་ལུ་ཡོད་པ་ཅིན་ འདི་ནང་ལུ་ electron གི་ཤུགས་ཚད་ག་དེམ་ཅིག་ཡོདཔ་ཨིན་ན?
[གློག་ཟམ་གི་ཤུགས་ = 9.1\times 10^{-31}Kg]",4.5982\times 10^{5}ms^{-1} འདི་ཡང་ སྦྲེལ་མཐུད་འབད་བཏུབ་ཨིན།,5.9482\times 10^{5}ms^{-1} འདི་ཡང་ སྦྲེལ་མཐུད་འབད་བཏུབ་ཨིན།,6.1805\times 10^{5}ms^{-1} འདི་ཡང་ སྦྲེལ་མཐུད་འབད་བཏུབ་ཨིན།,7.4805\times 10^{5}ms^{-1} འདི་ཡང་ སྦྲེལ་རྟགས་ཨིན་,c
hsc-chemistry-12-213,འོག་གི་རྒྱུ་རྫས་ག་འདི་ནང་ལུ་ pH མཐོ་ཤོས་ཡོདཔ་ཨིན་ན?,NH_{3} འདི་ཡང་,PH_{3} དེ་ནང་ལུ་,HF,H_{2}S གིས་,a
hsc-chemistry-12-214,ཨེཀསི་ཊོརནཊི་ (electron) འདི་ ཇི་ཨར་བི་ཊཱལ་ ༣་གི་ཤུལ་ལས་ ག་དེ་ནང་འགྱོ་ནི་ཨིན་ན?,༤་པི་,༤d,༤ ཚུན་,༥ ཚུན་,a
hsc-chemistry-12-215,འ་ནི་ནང་ལས་ ག་འདི་ 1M NaOH ནང་ལུ་ བཱཕ་ར་བཟོ་ནི་ཨིན་ན?,0.1 M CH_{3}COOH,0.2 M CH_{3}COOH,M CH_{3}COOH དེ་ ༡.༠ ཨིན་པས།,CH_{3}COOH ཌི་ཨེམ་སི་ཊི་བི་གི་གནས་ཚད་དེ་ ༢.༠ ལུ་ལྷོད་ནུག,c
hsc-chemistry-12-216,ལྡོག་ཕྱོགས་ཚོགས་པ་ལུ་ དྲུང་ཆེན་ག་དེ་ཅིག་ཡོདཔ་ཨིན་ན?,f,d,p,s,c
hsc-chemistry-12-217,[Ar]3d^{10}4s^{1}འདི་ ཨེལ་ཊོརནསི་གི་རིམ་པ་ག་ཅི་བཟུམ་ཅིག་ཨིན་ན?,ཀུ་,ཀྲོར,Zn,ན,a
hsc-chemistry-12-218,ཆུ་གི་རྡུལ་ཕྲན་ནང་ལུ་ angle HOH འདི་ག་དེམ་ཅིག་ཡོདཔ་ཨིན་ན?,༡༢༠^{\circ},༡༠༩^{\circ} འདི་ཡང་,༡༠༧^{\circ},༡༠༤.༥^{\circ}ལུ་ཡར་འཕར་འབད་ཡོདཔ་ཨིན།,d
hsc-chemistry-12-219,ཨ་སི་ཊི་ལི་ནའི་ རྡུལ་ཕྲན་འདི་ནང་ལུ་ མཐུད་སྦྲེལ་ག་ཅི་ཡོདཔ་ཨིན་ན?,"3\sigma , 2\pi དེ་ཚུ་","1\sigma , 2\pi འདི་ཡང་ ཌེཀསི་ཊོཔ་གི་མིང་ཨིན།","2\sigma , 1\pi གི་དོན་ལས་","1\sigma , 1\pi དེ་ཚུ་",a
hsc-chemistry-12-220,A+O_{2}\xrightarrow[]{acetobacter}CH_{3}COOH གིས་ 'A' གྲུབ་འབྲས་འདི་,མེ་ཊ་ནོལ་,ཨེ་ཊ་ནོལ་,མེ་ཊ་ན་ཡལ་,ཨེ་ཊ་ན་ཨེལ་,b
hsc-chemistry-12-221,ག་འདི་ཤུགས་ཅན་ཅིག་ཨིན་ན?,ན་ཨོ་ཨའེ་,ཀོ་ཧཱ,CsOH,RbOH,c
hsc-chemistry-12-222,Na_{2}CO_{3}་གི་ 3.5% གྲུབ་འབྲས་ནང་ལུ་ pHདེ་ག་དེམ་ཅིག་ཡོདཔ་ཨིན་ན?,13.8,12.7,11.5,10.5,a
hsc-chemistry-12-223,A_{2}+B_{2}\rightleftharpoons AB;; K_{p}གི་གནས་གོང་འདི་ ༥.༦ ཨིན་པ་ཅིན་ K_{c}གི་གནས་གོང་འདི་ ༢༥^{\circ}C གི་གནས་གོང་དང་ ཤུགས་ཚད་ ༡.༥ atm གི་གནས་གོང་ལུ་ཨིནམ་ད་,7.5,5.6,3.6,2.8,b
hsc-chemistry-12-224,SO_{3} འདི་ག་ཅི་བཟུམ་ཅིག་གི་ ཨེཀསི་ཌིསི་ཨིན་ན?,དྭངས་འཕྲོས་འཕྲོས་ཀྱི་ ཨོ་ཁེ་སིཊ་,ལྕངམ་གི་ཁུ་བ་ལུ་ཡོད་པའི་ཁུ་བ་འདི་ ཚ་དྲོད་ཅན་ཅིག་ཨིན་མས།,Amphibole Oxide འདི་ཡང་ ནད་རྟགས་ངོ་མ་ཅིག་ཨིན་མས།,ནེ་ཊར་ལིག་ཨོསི་ཌིསི་,a
hsc-chemistry-12-225,འོག་གི་རྒྱུ་རྫས་ཚུ་ནང་ལས་ ག་དེ་ཅིག་ལུ་ ཨལ་ཀ་ལེར་གི་པེ་ཊ་སི་ཡཱམ་ཊེཊ་ཨོ་ཌོ་ མེར་ཀུ་རི་ཐཱསི་གིས་ ངོས་འཛིན་འབདཝ་ཨིན་ན?,ཨཱལ་^{3+} འདི་ཡང་,ཀུ་^{2+},NH_{4}^{+} འདི་ཡང་,ཀུ་_{3}^{2-},c
hsc-chemistry-12-227,i. ཐོན་སྐྱེད་འདི་ མེ་རླུང་ཅིག་ཨིན་པ་ཅིན་,2,3,4,5,d
hsc-chemistry-12-228,༢། བཟོ་སྐྲུན་གྱི་ལཱ་ཚུ་ ལེགས་ཤོམ་འགྱོ་མ་ཚུགས་པ་ཅིན་,N_{2}O_{4}\rightleftharpoons 2NO_{2} དེ་ནང་ལུ་ ཚིག་ཡིག་གི་མཐའ་མ་འདི་,2NH_{3}\rightleftharpoons N_{2}+3H_{2} འདི་ཡང་ སྦ་སྒོར་ནང་ཡོད་མི་ སྦ་སྒོར་ནང་ཡོད་མི་ སྦ་སྒོར་ནང་ཡོད་མི་ སྦ་སྒོར་ནང་ཡོད་མི་,2NO + O_{2}\rightleftharpoons 2NO_{2} འདི་ཡང་ ཕྲང་ཨིན་,N_{2}+3H_{2}\rightleftharpoons 2NH_{3}ལུ་ བསྒྱུར་བཅོས་འབད་ཡོདཔ་ཨིན་,c
hsc-chemistry-12-229,གསུམ་པ་ གྲུབ་འབྲས་འདི་ བརྟག་དཔྱད་འབད་མ་ཚར་བར་རང་ འཐོན་འགྱོ་མི་ཅ་ཆས་ཚུ་ བརྟག་དཔྱད་འབད་ཚར་ཞིནམ་ལས་ བཏོན་བཏངམ་ཨིན།,བི་ཊ་ཀེ་རོ་ཊིན་ཟེར་མི་འདི་ཨིན།,ཁུ་བ་ཚ་ཏོམ་,BHT,BHA,a
hsc-chemistry-12-230,འོག་ལུ་ཡོད་མི་ལས་ ག་འདི་བདེན་པ་ཨིན་ན་ཟེར་བ་ཅིན་,K_{p} > K_{c} འདི་ ཀྲོང་གསར་ལུ་ཡོད་པའི་,ཀ_{p} = ཀ_{c},K_{p} < K_{c} འདི་ ཀྲོང་གསར་ལུ་ཆགས་ཏེ་ཡོདཔ་ཨིན།,K_{p} \neq K_{c} དེ་ནང་ལུ་ བཀྲམ་སྟོན་འབདཝ་ཨིན།,b
hsc-chemistry-12-231,ལི་ཊར་རེ་ལུ་ ཆུ་ནང་ཤེལ་ཀྲར་༠.༠༠༠.༡༥ གི་ནང་ཤེལ་ཀྲར་ ༡.༠༠༠.༡༥ གི་ནང་ཤེལ་ཀྲར་ ༡.༠༠༠.༡༥ གི་ནང་ཤེལ་ཀྲར་ ༡.༠༠༠.༡༥ གི་ནང་ཤེལ་ཀྲར་ ༡.༠༠༠.༡༥ གི་ནང་ཤེལ་ཀྲར་ ༡.༠༠༠.༡༥ གི་ནང་ཤེལ་ཀྲར་ ༡.༠༠༠.༡༥ གི་ནང་ཤེལ་ཀྲར་ ༡.༠༠༠.༡༥ གི་ནང་ཤེལ་ཀྲར་ ༡.༠༠༠.༡༥ གི་ནང་ཤེལ་ཀྲར་ ༡.༠༠༠.༡༥ གི་ནང་ཤེལ་ཀྲར་ ༡.༠༠༠.༡༥ གི་ནང་ཤེལ་ཀྲར་ ༡.༠༠༠.༡༥ གི་ནང་ཤེལ་ཀྲར་ ༡.༠༠༠.༡༥ གི་ནང་ཤེལ་ཀྲར་ ༡.༠༠༠.༡༥ གི་ནང་ཤེལ་ཀྲར་ ༡.༠༠༠.༡༥ གི་ནང་ཤེལ་ཀྲར་ ༡.༠༠༠.༡༥ གི་ནང་ཤེལ་ཀྲར་ ༡.༡༥ གི་ནང་ཤེལ་ཀྲར་ ༡.༡༥ གི་ནང་ཤེལ་ཀྲར་ ༡.༡༥ དང་ ༡.༧ ཚུ་ནང་ཤེལ་ཀྲར་ ༡.༧,༡༠༩^{\circ} འདི་ཡང་,༡༠༧^{\circ},༩༢^{\circ} འདི་ཡང་,༧༢^{\circ},c
hsc-chemistry-12-232,ཉི་མའི་དཔེ་ཚད་འདི་ག་ཏེ་ལུ་ཡོདཔ་ཨིན་ན?,ནུས་ཤུགས་འདི་ ནུས་ལྡན་གློག་ཤུགས་ཡོད་པའི་ ཀེར་ཐིག་ནང་ལུ་ཡོདཔ་ཨིན།,ཨཱལ་ཕ་རྡུལ་ཕྲན་ལུ་ཤུགས་ཚད་འདི་ མཐོ་ཤོས་ཅིག་ཨིན་ཟེར་སླབ་ཨིན།,ཨཱལ་ཕ་རྡུལ་འདི་ ཤུགས་ཉུང་དྲགས་སྦེ་རང་ འགྱུར་བ་འགྱོ་དོ་ཡོདཔ་ཨིན།,རྡུལ་ཕྲན་ནང་ལུ་ ས་སྒོ་མང་ཤོས་ཅིག་རང་ ཕྱགས་སྙིགས་ཨིན།,d
hsc-chemistry-12-233,XeF_{2}གི་ལྟེ་བ་འདི་ནང་ལུ་ electron གཉིས་ཆ་མེད་སྦེ་ཡོདཔ་ཨིན།,0,1,2,3,d
hsc-chemistry-12-234,ཤུགས་གནས་ཚད་ནང་ལུ་ ཙི་ཙི་འཁོར་གྱི་གྱངས་ཁ་རྩིས་ཞིབ་འབད་ནིའི་ཐབས་ལམ།,ཁྲག་ཤུགས་མར་བབས་སོང་ཡོདཔ།,ཁྲག་ཤུགས་དང་ ཁྲག་ཤུགས་ཀྱི་རྒྱ་སྐྱེད་,གཟུགས་ཀྱི་ཡན་ལག་ཚུ་ སོར་བཅོས་འབད་དོ་ཡོདཔ་ཨིན།,གཟུགས་ཀྱི་དྲོད་ཚད་མར་བབས་སོང་ཡོདཔ།,b
hsc-chemistry-12-235,N_{2}+3H_{2}\rightleftharpoons 2NH_{3} འདི་ K_{p} སྦེ་ ཆ་མཉམ་ཨིན་,i དང་ ii,i དང་ iii,ii དང་ iii,"i, ii དང་ iii ཚུ་ཨིན།",d
hsc-chemistry-12-236,CH_{3}COOH+H_{2}O\rightleftharpoons CH_{3}COO^{-}+H_{3}O^{+} འདི་ཡང་ སྦ་སྒོར་འདི་ནང་ལུ་ སྦ་སྒོར་འདི་ནང་ལུ་ སྦ་སྒོར་འདི་ནང་ལུ་ སྦ་སྒོར་འདི་ནང་ལུ་ ,༡.༡ \times ༡༠^{-༠} འདི་ ༡.༡ \times ༡༠^{-༠} ཨིན།,༡.༡ \times ༡༠^{-༡༢} འདི་ ༡.༡ \times ༡༠^{-༡༢} ཨིན།,2.1 \times 10^{-13} འདི་ ༡.༡ གི་གནས་གོང་ཨིན།,༢.༡ \times ༡༠^{-15} འདི་ ༡.༡ གི་གནས་གོང་ཨིན།,b
hsc-chemistry-12-237,ཕྲ་རྡུལ་ལུ་ཕྲ་རྡུལ་གི་ ཕྲ་རྡུལ་འདི་ག་ཏེ་ལུ་ཡོདཔ་སྨོ་ཟེར་,Rutherfurd གིས་ བཟོ་རྣམ་འདི་,བོ་རའི ་ ཨོཊ་མིཀ་དཔེ་ཚད་,ཐོམ་སོན་གྱི་གློག་རྡུལ་དཔེ་ཚད་,ཌཱལ་ཊཱོན་གི་གློག་རྡུལ་དཔེ་གཞི་,a
hsc-chemistry-12-238,CH_{3}COOH+H_{2}O\rightleftharpoons CH_{3}COO^{-}+H_{3}O^{+} འདི་ཡང་ སྦ་སྒོར་འདི་ནང་ལུ་ སྦ་སྒོར་འདི་ནང་ལུ་ སྦ་སྒོར་འདི་ནང་ལུ་ སྦ་སྒོར་འདི་ནང་ལུ་ ,4,3,2,1,b
hsc-chemistry-12-239,K_{a}ལུ་གནས་གོང་ག་དེམ་ཅིག་ཡོདཔ་ཨིན་ན?,༢ (༢n+༡),༢n+༡,༢n^{2} འདི་ ༢n^{2} ཨིན།,n^{2}ལུ་ བསྒྱུར་བཅོས་འབདཝ་ཨིན།,d
hsc-chemistry-12-240,ཚར་གཅིག་ཁུ་བ་གིས་ བཟའ་འཐུང་ཚུ་ སྲུང་ཚུགས་པས་,atm^{2}ལུ་ བཀྲམ་སྟོན་འབདཝ་ཨིན།,atm,atm^{-1} འདི་ཡང་,atm^{-2}ལུ་ བསྒྱུར་འབདཝ་ཨིན།,d
hsc-chemistry-12-241,i. བཟའ་འཐུང་ཚུ་ ནད་འབུབ་ཐོབ་ནི་ལས་ བཀག་ཐབས་འབད་ནི།,CH_{3}COOH འདི་ཡང་,H_{2}O དེ་ནང་ལུ་,CH_{3}COO^{-} འདི་ཡང་ ཌའི་ལོག་ནང་ལུ་ཨིན་,H_{3}O^{+} འདི་ལུ་བལྟ་བ་ཅིན་,c
hsc-chemistry-12-242,༢། བཟའ་འཐུང་གི་ pH མར་ཕབ་འབད་ཐོག་ལས་,0.00001,0.0001,0.001,0.1,a
hsc-chemistry-12-243,གསུམ་པ་ བཟའ་འཐུང་གི་ནད་འབུབ་དང་ ཟ་མ་བཏུབ་པའི་དུག་འབུབ་ཚུ་ལུ་ བཀྲམ་སྤེལ་འབདཝ་ཨིན།,i དང་ ii,i དང་ iii,ii དང་ iii,"i, ii དང་ iii ཚུ་ཨིན།",c
hsc-chemistry-12-244,འོག་ལུ་ཡོད་མི་ལས་ ག་འདི་བདེན་པ་ཨིན་ན་ཟེར་བ་ཅིན་,13.3,10.778,3.22,0.6989,b
hsc-chemistry-12-245,k_{a}=1.8\times 10^{-6}འདི་ HA ཨིནམ་ལས་ pOH འདི་ 0.2M HA ཨིན་ན།,ཀི་ལོ་མི་ཊར་,ཨོ་,ནི།,F,d
hsc-chemistry-12-246,ག་འདི་ཤུགས་ཆེ་བའི་ ནུས་མེད་ཆ་མེད་གྲུབ་པའི་ ཀླད་ཀོར་ཅིག་ཨིན།,ཧེ་^{+},H^{-} འདི་ཡང་,ཧེ་^{2+}ལུ་,H^{+} འདི་ཡང་,a
hsc-chemistry-12-247,Bohr གི་གློག་རྡུལ་དཔེ་ཚད་འདི་ ག་གི་གློག་རྡུལ་ཚུ་ གསལ་སྟོན་འབད་ཚུགས་ག?,"༡,༡,༠ +\frac{1}{2} འདི་ཚུ་","1, 0, 0, -\frac{1}{2} འདི་ཡང་ སྦྲེལ་རྟགས་ཨིན་","1, 0, 1, +\frac{1}{2} འདི་ཡང་ སྦྲེལ་རྟགས་ཨིན་","༡,༡,༠ -\frac{1}{2} དེ་ཚུ་ཨིན་ཅི་མིན་ཅི་",a
hsc-chemistry-12-248,ཨེལོཊརོནཊི་གཅིག་གི་དོན་ལུ་ ཀཝཱནཊ་ཨང་གི་གོ་རིམ་ག་དེ་ཅིག་ཡོདཔ་ཨིན་ན?,100,75,50,25,c
hsc-chemistry-12-249,ཚ་དྲོད་གནས་སྟངས་ནང་ ཚ་དྲོད་གནས་སྟངས་ནང་ ཚ་དྲོད་གནས་སྟངས་ནང་ ཚ་དྲོད་གནས་སྟངས་ནང་ ཚ་དྲོད་གནས་སྟངས་ནང་ ཚ་དྲོད་གནས་སྟངས་ནང་ ཚ་དྲོད་གནས་སྟངས་ནང་ ཚ་དྲོད་གནས་སྟངས་ནང་ ཚ་དྲོད་གནས་སྟངས་ནང་ ཚ་དྲོད་གནས་སྟངས་ནང་ ཚ་དྲོད་གནས་སྟངས་ནང་ ཚ་དྲོད་གནས་སྟངས་ནང་ ཚ་དྲོད་གནས་སྟངས་ནང་ ཚ་དྲོད་གནས་སྟངས་ནང་ ཚ་དྲོད་གནས་སྟངས་ནང་ ཚ་དྲོད་གནས་སྟངས་ནང་ ཚ་དྲོད་གནས་སྟངས་ནང་ ཚ་དྲོད་གནས་སྟངས་ནང་ ཚ་དྲོད་གནས་སྟངས་ནང་ ཚ་དྲོད་གནས་སྟངས་ནང་ ཚ་དྲོད་གནས་སྟངས་ནང་ ཚ་དྲོད་གནས་སྟངས་ནང་ ཚ་དྲོད་གནས་སྟངས་ནང་ ཚ་དྲོད་གནས་སྟངས་ནང་ ཚ་དྲོད་གནས་སྟངས་ནང་,སི་གམཱལ་ མཐུད་སྦྲེལ་,པི་གི་ཕྲ་རིང་,ཧའི་ཌོ་ཇེན་ལྕགས་རིགས་,Ionic bond ཚུ་,c
hsc-chemistry-12-250,མཐུད་སྦྲེལ་ག་ཅི་འདི་ ཉམ་ཆུང་ཤོས་ཅིག་ཨིན་ན?,[M^{2+}]\times [X^{-}]^{2} འདི་ཡང་ སྦྲེལ་མཐུད་འབད་བཏུབ་ཨིན།,[M^2+}]^{2}\times [X^{-}] འདི་ཡང་ སྦྲེལ་རྟགས་ཨིན་,[M^{2+}]\times [X^{-2}] འདི་ཡང་ སྦྲེལ་མཐུད་འབད་བཏུབ་ཨིན།,[M^{2+}]\times [X^{-2}]^{2} འདི་ཡང་ སྦྲེལ་མཐུད་འབད་བཏུབ་ཨིན།,a
hsc-chemistry-12-251,MX_{2}གི་ འགྱུར་ལྡོག་གི་གྱངས་ཁ་འདི་ག་དེམ་ཅིག་ཡོདཔ་ཨིན་ན?,NaHCO_{3}+H_{2}CO_{3} ཚུ་དང་འཕྱདཔ་ད་,CH_{3}COONa+CH_{3}COOH ཚུར་ཐིག་གི་ཕྲ་རིང་གི་ཕྲ་རིང་གི་ཕྲ་རིང་,NH_{4}Cl+NH_{4}OH འདི་ཡང་,H-COOH + HCOONa འདི་ཡང་ H-COOH + HCOONa འདི་ཡང་,a
hsc-chemistry-12-252,མི་གི་ཁྲག་ནང་ལུ་ སྲ་སྐྱོབ་སྨན་འདི་ག་ཅི་ཡོདཔ་ཨིན་ན?,2,3,4,6,c
hsc-chemistry-12-253,Fe^{2+}འདི་ནང་ལུ་ ཨེཀཊོརནཊི་གི་རིམ་པ་སོ་སོ་ག་དེ་ཅིག་ཡོདཔ་ཨིན་ན?,Na^{+} འདི་ལུ་,NH_{4}^{+} འདི་ཡང་,ཀ་^{2+},Zn^{2+} འདི་ཡང་,d
hsc-chemistry-12-254,K_{4}[Fe(CN) _{6}] གི་ཧོངས་ལས་ ག་དེ་ཅིག་ངོས་འཛིན་འབདཝ་ཨིན་ན?,A_{2}+B_{2}\rightleftharpoons 2AB གིས་ བསྡུ་ལེན་འབད་ཡོད་པའི་ཨང་གྲངས་ཚུ་,A_{2}+3B_{2}\rightleftharpoons 2AB_{3} འདི་ཡང་ སྦ་སྒོར་ནང་ཡོད་པའི་ སྦ་སྒོར་ནང་ཡོད་པའི་ སྦ་སྒོར་ནང་ཡོད་པའི་ སྦ་སྒོར་ནང་ཡོད་པའི་,C+2D\rightleftharpoons A འདི་ ཀེར་ཐིག་གཉིས་དང་སྦྲགས་ཏེ་ཡོདཔ་ཨིན།,C+D\rightleftharpoons 3A འདི་ ཀེར་ཐིག་ ༣་་གི་མཐའ་མ་ཨིན།,a
hsc-chemistry-12-255,K_{p}=K_{c} ཟེར་མི་འདི་ལས་ ག་ཅི་བཟུམ་ཅིག་འབྱུང་ནི་ཨིན་ན?,༡༠༩.༥^{\circ}ལུ་ཡོདཔ་ཨིན།,༡༠༧^{\circ},༡༠༥^{\circ} འདི་ལུ་,༩༨^{\circ} འདི་ཡང་ བརྒྱ་ཆ་ ༩༨^{\circ},b
hsc-chemistry-12-256,NH_{3}ལུ་ ཟུར་ཐིག་ག་དེམ་ཅིག་ཡོདཔ་ཨིན་ན?,0.1-10 nm གི་བར་ན་,༡༠-༢༨༠ nm,༣༨༠ལས་༧༨༠ nm,780-10^{6} nmལུ་,c
hsc-chemistry-12-257,མཐོང་ཚུགས་པའི་ས་སྒོ་ནང་ འོད་ཟེར་གི་འུར་སྒྲའི་རིང་ཚད་ག་དེམ་ཅིག་ཡོདཔ་ཨིན་ན?,23,24,25,26,d
hsc-chemistry-12-258,M^{3+}ལུ་ ཨེཆ་ཊོན ༢༣ ཡོད་པ་ཅིན་ ཨེཆ་ཊོན M གི་ ཨེཆ་ཊོན གྱངས་ཁ་འདི་ག་དེམ་ཅིག་འོང་ནི་ཨིན་ན?,TiCl_{4} འདི་ཡང་,MnO_{2} འདི་ཡང་,ScCl_{3} དེ་ནང་ལུ་,ZnSO_{4} འདི་ཡང་,b
hsc-chemistry-12-259,ཚོས་གཞི་འདི་ག་ཅི་ཡོདཔ་ཨིན་ན?,\alpha =\sqrt{\frac{K_{c}}{C}} ཕྲ་རིང་གི་མཐའ་མཚམས་འདི་ ཕྲ་རིང་གི་མཐའ་མཚམས་འདི་ཨིན།,\alpha =\sqrt{\frac{C}{K_{a}}} འདི་ཡང་ ཌའི་ལོག་གི་ས་སྒོ་འདི་ཨིན།,\alpha = \sqrt{\frac{1}{K_{4}}} འདི་ཡང་ ཌེཀསི་ཊོཔ་གི་ཨང་གྲངས་ཨིན་པི་ཨིན་ཨིན་ཨིན་ཨིན་ཨིན་ཨིན་ཨིན་ཨིན་ཨིན་ཨིན་ཨིན་ཨིན་ཨིན་ཨིན་ཨིན་ཨིན་ཨིན་ཨིན་ཨིན་ཨིན་ཨིན་ཨིན་ཨིན་ཨིན་ཨིན་ཨིན་ཨིན་ཨིན་ཨིན་ཨིན་ཨིན་ཨིན་ཨིན་ཨིན་ཨིན་ཨིན་ཨིན་ཨིན་ཨིན་ཨིན་ཨིན་ཨིན་,\alpha = \frac{1}{\sqrt{C}} ཕྲ་རིང་གི་མཐའ་མ་དེ་ ཕྲ་རིང་གི་མཐའ་མ་དེ་ཨིན།,a
hsc-chemistry-12-260,ཨོ་སི་ཝཱལ་ཌི་གི་རྩིས་རིག་གི་གསལ་བཤད་འདི་ ག་ཅི་ལུ་གཞི་བསྒྱུར་འབདཝ་ཨིན་ན?,6%,15%,70%,90%,d
hsc-chemistry-12-261,ཨེ་མ་ཧོནམོ་ནང་ ཆུ་བརྒྱ་ཆ་ག་དེ་ཅིག་ཡོདཔ་ཨིན་ན?,༠.༠༠༠༠༤m,0.00004cm,0.0004mm,༠.༠༠༤སི་མི་ཊར་,b
hsc-chemistry-12-262,རད་ཕོརཌ་གི་ ཨཱལ་ཕ་བེ་ཊར་བེ་ཊར་བཀྲམ་སྤེལ་གྱི་ བརྟག་དཔྱད་ནང་ གསེར་གྱི་རྡུལ་འདི་ག་དེམ་ཅིག་ སྦོམ་ཡོདཔ་ཨིན་ན?,Zn,Fe,ཀུ་,Pb,c
hsc-chemistry-12-263,འ་ནི་ནང་ལས་ ག་འདི་ནང་ལུ་ ཨེལོཊརོནསི་གི་རིམ་པ་མ་འདྲཝ་ཡོདཔ་ཨིན་ན?,བི་^{2+}ལུ་,Mg^{2+} འདི་ཡང་,ཀ་^{2+},Ba^{2+} འདི་ལུ་,a
hsc-chemistry-12-264,ཕྱོགས་གཉིས་ཀྱི་ཆོས་ལུགས་འདི་ ག་འདི་ནང་ལུ་མང་ཤོས་ར་ཡོདཔ་ཨིན་ན?,30 mL 0.1M NH_{4}OH + 20mL 0.2M HCl,40mL 0.2M CH_{3}COOH + 30mL 0.3M NaOH,50mL 0.1M NaOH + 40mL 0.2M H_{2}CO_{3},60mL 0.1M NaOH + 70mL 0.2M HCL,c
hsc-chemistry-12-265,འོག་གི་རྒྱུ་རྫས་འདི་ག་འདི་ཨིན་ན།,སྦ་སྒོར་འདི་ནང་ལུ་ སྦ་སྒོར་འདི་ནང་ལུ་ སྦ་སྒོར་འདི་ནང་ལུ་,སྦ་སྒོར་འདི་ནང་ལུ་ སྦ་སྒོར་འདི་ནང་ལུ་ སྦ་སྒོར་འདི་ནང་ལུ་,སྦ་སྒོར་འདི་ནང་ལུ་ སྦ་སྒོར་འདི་ནང་ལུ་ སྦ་སྒོར་འདི་ནང་ལུ་,སྦ་སྒོར་འདི་ནང་ལུ་ སྦ་སྒོར་འདི་ནང་ལུ་ སྦ་སྒོར་འདི་ནང་ལུ་,a
hsc-chemistry-12-266,ཨི་ཟོཊོ་པི་གི་དཔེ་འདི་ག་ཅི་སྨོ་,i དང་ ii,ii དང་ iii,i དང་ iii,"i, ii དང་ iii ཚུ་ཨིན།",a
hsc-chemistry-12-268,i. SO_{2} གིས་ནུས་པ་མར་ཕབ་འབདཝ་ཨིན།,i དང་ ii,ii དང་ iii,i དང་ iii,"i, ii དང་ iii ཚུ་ཨིན།",b
hsc-chemistry-12-269,༢། k_{c} གིས་ གནས་གོང་མར་ཕབ་འབདཝ་ཨིན།,༤ ཚུན་,༤་པི་,༤d,༤་ཨེཕ་,d
hsc-chemistry-12-270,གསུམ་པ་ གྲུབ་འབྲས་འདི་ རྒྱབ་བཤུད་རྐྱབ་ཨིན།,ཁུ་རུ་རའི་མར་ཁུ་,དྲོ་མཛར་,ཟ་ནི་གི་ཚྭ་,ཁུ་བ་ཚ་ཏོམ་,c
hsc-chemistry-12-271,འོག་ལུ་ཡོད་མི་ལས་ ག་འདི་བདེན་པ་ཨིན་ན་ཟེར་བ་ཅིན་,ཐེངས་༢༠,ལྔ་བཅུ་གི་རྩིས་ཨིན།,ཐེངས་ ༡༠༠,སྟོང་ཕྲག་གི་གྱངས་ཁ་ཨིན།,d
hsc-chemistry-12-272,ཀཝཱནཊ་ཨང་གི་གནས་གོང་ n = 4 དང་ I = 3 ཨིན་པ་ཅིན་ ཨོར་བེ་ཊལ་འདི་,"CaCl_{2},CH_{3}Cl","H_{2}S, HCl",C_{2}H_{6}གིས་ HCl,"NaCl,C_{6}H_{5}Cl འདི་ཡང་ ཌི་ཨེམ་སི་ཊི་བི་གི་ཨེ་རེ་ཨིན་ཨིན་ཨིན་",b
hsc-chemistry-12-273,སྲུང་སྐྱོབ་འབད་ནིའི་ཐབས་ལམ་དེ་ བཟའ་འཐུང་གི་རིགས་ཚུ་ སྲུང་སྐྱོབ་འབད་ནིའི་ཐབས་ལམ་དེ་ཨིནམ་ད་ འདི་ཚུ་གི་གྲལ་ལས་ ག་འདི་ལུ་བརྟེན་ཏེ་ སྲུང་སྐྱོབ་འབད་ཚུགས་ནི་ཨིན་ན?,H_{2}SO_{4} འདི་ལུ་བལྟ་བ་ཅིན་,HNO_{3} འདི་ལུ་,HClO_{4} འདི་ཡང་,H_{3}PO_{3} འདི་ལུ་བལྟ་བ་ཅིན་,d
hsc-chemistry-12-274,ཨེསི་ཌི་ཨའི་ཌི་གི་གནས་ཚད་དེ་ ཨེསི་ཌི་ཨའི་ཌི་ ༣.༠ དང་ ༦.༠ ཨིནམ་ད་ ཨེསི་ཌི་ཨའི་ཌི་ཨའི་ཌི་གི་གནས་ཚད་དེ་ ཨེསི་ཌི་ཨའི་ཌི་ཨའི་ཌི་ལས་ ཚར་ག་དེ་ཅིག་མང་ནི་ཨིན་ན?,16,15,14,11,a
hsc-chemistry-12-275,འོག་གི་གྲལ་ལས་ ག་འདི་ནང་ལུ་ འདྲ་མཉམ་ཨའི་ཨོནསི་གི་གྲུབ་འབྲས་ཡོདཔ་ཨིན་ན?,10,12,14,16,b
hsc-chemistry-12-276,ག་འདི་ཤུགས་མེད་པའི་ཨསིཌ་ཨིན་ན།,3.4 \times 10^{-14} འདི་ ༡༠ ལུ་ཡར་འཕར་འབདཝ་ཨིན།,4.3 \times 10^{-14} འདི་ལུ་གཞི་བསྟུན་འབད་འོང་།,3.4 \times 10^{-13} འདི་ལུ་གཞི་བསྟུན་འབདཝ་ཨིན།,4.3 \times 10^{-13} འདི་ལུ་གཞི་བསྟུན་འབདཝ་ཨིན།,b
hsc-chemistry-12-277,དེད་གཡོགཔ་གི་སྡེ་ཚན་འདི་ག་སྨོ་,atm,atm^{2}ལུ་ བཀྲམ་སྟོན་འབདཝ་ཨིན།,atm^{-1} འདི་ཡང་,atm^{-2}ལུ་ བསྒྱུར་འབདཝ་ཨིན།,d
hsc-chemistry-12-278,དྭངས་འཕྲོས་འཕྲོས་བཟོ་རིག་གི་ གཞི་རྩ་ག་དེ་ཅིག་ཡོདཔ་ཨིན་ན?,AgCl,AgNO_{3} འདི་ཡང་,ལྡོག་ཕྱོགས་འགོ་ཁྲིདཔ་ཅིག་ཨིན་མི་ ...,BaSO_{4} འདི་ལུ་,c
hsc-chemistry-12-279,AlF_{3} འདི་ 0.0002 mol/L ཨིན་པ་ཅིན་ ཚུལ་ལྡན་གྱི་གྱངས་ཁ་འདི་ག་དེམ་ཅིག་འོང་ནི་ཨིན་ན?,NH_{3} འདི་ཡང་,H_{2}O དེ་ནང་ལུ་,NH_{4}^{+} འདི་ཡང་,H_{3}O^{+} འདི་ལུ་བལྟ་བ་ཅིན་,b
hsc-chemistry-12-280,N_{2}(g) +3H_{2}(g) \rightleftharpoons 2NH_{3}(g); སླར་ལོག་འབད་ནིའི་ K_{p}གི་ཆ་ཤས་འདི་ག་འདི་ཨིན་ན?,ན,Mg,Si,S,a
hsc-chemistry-12-281,སཱལཕ་ཊི་ཨའོན་ (SO_{4}^{2-}) འདི་ ནད་གཞི་འདི་ ངོས་འཛིན་འབད་ནིའི་དོན་ལུ་ ལག་ལེན་འཐབ་དོ་ཡོདཔ་ཨིན།,i དང་ ii,ii དང་ iii,i དང་ iii,"i, ii དང་ iii ཚུ་ཨིན།",d
hsc-chemistry-12-282,ག་འདི་ནང་ལུ་ པི་རེལཊོནཌ་གི་གློག་ཤུགས་ཤུགས་སྦོམ་ཡོདཔ་ཨིན་ན?,Co,Ti,ཀུ་,Zn,a
hsc-chemistry-12-283,ཀླུ་གཟུགས་ཀྱི་དཀྱིལ་འཁོར་སྦོམ་ཤོས་འདི་ག་འདི་ཨིན་ན?,1-2%,2-4%,4-6%,6-10%,d
hsc-chemistry-12-285,ག་ནི་བ་ རླུང་ཤུགས་ཅན་ཅིག་ཨིན་ན།,H_{2} འདི་ལུ་,N_{2} འདི་ཚུ་,F_{2} འདི་ལུ་,Xe,d
hsc-chemistry-12-286,ས་གཞི་འདི་ སྐྱེ་ལྡན་ལྡན་ལྡན་སྦེ་གནས་དགོ་པ་ཅིན་ pH ཚད་འདི་ག་དེམ་ཅིག་ཡོདཔ་ཨིན་ན?,3.0-4,སྤྱི་ཟླ་༦ པ་ལུ་,སྤྱི་ཟླ་༨ པའི་ཚེས་༨,11-Oct,c
hsc-chemistry-12-287,NH_{4}^{+} གི་བཟོ་རྣམ་དེ་ག་ཅི་བཟུམ་ཅིག་ཨིན་ན?,ཟུར་བརྒྱད་འབད་མི་,པི་རཱམ་ཌི་ཡཱན་གཉིས་ལྡན་,ཟུར་བཞི་འབད་མི་,པི་རཱེམ་ཌི་ཡཱན་,c
hsc-chemistry-12-288,NH_{4}OH་གི་མར་ཁུ་ ༡.༠་མོ་ལཱར་གྱི་ཧྲིལ་བུམ་ལུ་ བརྒྱ་ཆ་ ༡.༣༤་དེ་ཅིག་རང་ཉམས་འགྱོ་འོང་། K_{B} འདི་ག་བཟུམ་ཅིག་ཨིན་ན?,༡.༦༥༩ \times ༡༠^{-4} འདི་ ༡.༦༥༩ \times ༡༠^{-4} ཨིན།,1.975\times 10^{-6} འདི་ཡང་ སྦྲེལ་རྟགས་འདི་ཨིན།,1.565\times 10^{-6} འདི་ཡང་ སྦྲེལ་མཐུད་འབད་བཏུབ་ཨིན།,༡.༧༩༥ \times ༡༠^{-4} འདི་ ༡.༧༩༥ \times ༡༠^{-4} ཨིན།,d
hsc-chemistry-12-289,ཀཝཱནཊ་ཨང་ག་འདི་ ཨོ་ཊོམ་ནང་ལུ་ ཚོད་ལྟ་འབད་ནི་གི་དོན་ལས་ཨིན།,མགོན་པོ་གི་ཀཝཱནཊ་ཨང་ཚུ་,གྲོགས་རམ་གི་ཀཝཱནཊ་ཨང་ཚུ་,མེན་ཊི་ཀཱོན་ཏམ་གི་གྱངས་ཁ་,ཨང་གྲངས་ཨང་གྲངས་ ཨང་གྲངས་ ཨང་གྲངས་ ཨང་གྲངས་ ཨང་གྲངས་ ཨང་གྲངས་,b
hsc-chemistry-12-290,N_{2}O_{4} དང་ NO_{2} ཚུ་མཉམ་སྦྲགས་འབད་ཞིནམ་ལས་ 25^{\circ}C གི་གནས་སྟངས་ནང་ ཤུགས་ཚད་ཆ་ཤས་ཀྱི་ཤུགས་འདི་ སྐར་མ་ ༦༩ དང་སྐར་མ་ ༣༡ ཨིན་པས། K_{p}གི་གནས་གོང་འདི་ག་དེམ་ཅིག་ཡོདཔ་ཨིན་ན?,༠.༣༤༩ atm,༠.༢༤༩ ཨེཊ་མིཊར་,༠.༤༤༩ atm,༠.༡༣༩ ཨེཊ་མིཊར་,d
hsc-chemistry-12-291,l = 2 ཨིན་པ་ཅིན་ ཕྲང་རྟགས་འདི་ག་དེ་ཡོདཔ་ཨིན་ན?,s-substring གིས་འབད་ཡོདཔ་ཨིན།,p-substrate ཚུ་,d-sublayer,f-substrate འདི་,c
hsc-chemistry-12-292,ཙི་ཙི་མཐའ་འཁོར་གྱི་ཤུགས་ཀྱི་རིམ་པ་འདི་ག་དེམ་ཅིག་ཡོདཔ་ཨིན་ན?,3s < 3d < 4p,3d < 3s < 4p,4p < 3s < 3d,3s < 4p < 3d,a
hsc-chemistry-12-293,གློག་ཤུགས་འདི་ ཀུ་ལུམ་ག་དེ་ཅིག་ཡོདཔ་ཨིན་ན?,1.6 \times 10^{-20} འདི་ལུ་གཞི་བསྟུན་འབདཝ་ཨིན།,1.6 \times 10^{-19} འདི་ལུ་གཞི་བསྟུན་འབདཝ་ཨིན།,4.8\times 10^{-10} འདི་ལུ་བལྟ་བ་ཅིན་,4.8\times 10^{-9} འདི་ལུ་བལྟ་བ་ཅིན་,b
hsc-chemistry-12-294,ཀུ་༡༩པ་ ཨེལ་ཀོརཊོནཌི་འདི་ ཇི་ཨོ་ཨར་བི་ཊཱལ་ག་ཏེ་ལུ་འགྱོ་དོ་ཡོདཔ་ཨིན་ན?,༣s,༤ ཚུན་,༣d,༣p,b
hsc-chemistry-12-295,མི་གི་ཁྲག་གི་ pHའདི་ག་དེམ་ཅིག་ཡོདཔ་ཨིན་ན?,8.4,7.4,6.4,5.4,b
hsc-chemistry-12-296,ག་འདི་ནང་ལུ་ པི་རེལཊོནཌ་གི་གློག་ཤུགས་ཤུགས་སྦོམ་ཡོདཔ་ཨིན་ན?,NH_{3} འདི་ཡང་,H_{2}O དེ་ནང་ལུ་,NH_{4}^{+} འདི་ཡང་,H_{3}O^{+} འདི་ལུ་བལྟ་བ་ཅིན་,b
hsc-chemistry-12-297,d ཕྱོགས་ལུ་ ཙི་ཙི་འཁོར་ལོའི་གྱངས་ཁ་ག་དེམ་ཅིག་ཡོདཔ་ཨིན་ན?,1,3,5,7,c
hsc-chemistry-12-298,ག་འདི་ཤུགས་ཆེ་ཤོས་ཨིན་ན?,H_{2}CO_{3} འདི་ལུ་བལྟ་བ་ཅིན་,HNO_{3} འདི་ལུ་,H_{2}SO_{4} འདི་ལུ་བལྟ་བ་ཅིན་,HClO_{4} འདི་ཡང་,d
hsc-chemistry-12-299,འོད་ཟེར་འདི་ གནམ་ཁའི་འོད་ཟེར་ལས་ ཆུང་ཤོས་ཅིག་ཨིན་ན།,དཀར་ཆག་,དཀར་ཆག་,དམར་ཁུ་,དམར་པོ་,a
hsc-chemistry-12-300,Glucose ལས་ Ethanol བཟོ་ནིའི་དོན་ལུ་ ཨེན་ཇེམ་ག་འདི་ལག་ལེན་འཐབ་དོ་ཡོདཔ་ཨིན་ན?,མཆིན་པའི་ནད་,མལ་ཏེཇ་,ཇའི་མཱེཇ་,དབྱེ་བ་ཕྱེ་ནི་,c
hsc-chemistry-12-301,ཨེསི་ཌི་ཨའི་ཌི་གི་གནས་ཚད་དེ་ ༣.༠ དང་ ༦.༠ ཨིན་པ་ཅིན་ ཨེསི་ཌི་ཨའི་ཌི་གི་གནས་ཚད་འདི་ ཨེསི་ཌི་ཨའི་ཌི་གི་གནས་ཚད་ལས་ ཚར་ག་དེ་མང་བ་འོང་ནི་ཨིན་ན?,ཐེངས་༢༠,ལྔ་བཅུ་གི་གྱངས་ཁ་,ཐེངས་ ༡༠༠,སྟོང་ཕྲག་གི་གྱངས་ཁ་,d
hsc-chemistry-12-302,AlF_{3} འདི་ 0.0002 mol/L ཨིན་པ་ཅིན་ ཚུལ་ལྡན་གྱི་གྱངས་ཁ་འདི་ག་དེམ་ཅིག་འོང་ནི་ཨིན་ན?,3.4 \times 10^{-14} འདི་ལུ་གཞི་བསྟུན་འབདཝ་ཨིན།,4.3 \times 10^{-14} འདི་ལུ་གཞི་བསྟུན་འབདཝ་ཨིན།,3.4 \times 10^{-13} འདི་ལུ་གཞི་བསྟུན་འབདཝ་ཨིན།,4.3 \times 10^{-13} འདི་ལུ་གཞི་བསྟུན་འབདཝ་ཨིན།,b
hsc-chemistry-12-303,ག་འདི་ཤུགས་ཅན་ཅིག་ཨིན་ན?,HF,HCI,HBr,ངོས་ལེན་འབད་ཡོདཔ་:,d
hsc-chemistry-12-304,ཟ་ཆས་ཚུ་ བཞེས་སྒོ་ལེགས་ཤོམ་སྦེ་ འབད་མི་ཚུགས་པ་ཅིན་ དྲོ་པ་ཧ་སག་སྟེ་ བཞེས་སྒོ་ལེགས་ཤོམ་སྦེ་ བཞེས་སྒོ་འབད་ཚུགས་པའི་ ཁེ་ཕན་འདུག་ཟེར་ཨིན་པས།,ཁུ་རུ་རའི་མར་ཁུ་,དྲོ་མཛར་,ཟ་ནི་གི་ཚྭ་,ཁུ་བ་ཚ་ཏོམ་,c
hsc-chemistry-12-306,i. རྡུལ་ཕྲན་ཚུ་ནང་ ཧའི་ཌོ་ཇེན་གི་ཕྲ་མཐུད་མེདཔ་ཨིན།,23,24,25,26,d
hsc-chemistry-12-307,༢། སཱལ་ཕ་ར་ལུ་ ཌའི་ལོག་ཨེལ་ཀཊོརནསི་གཉིས་ཡོདཔ་ཨིན།,30mL 0.1M NH_{4}OH+20 mL 0.3M HCl,40mL 0.2M CH_{3}COOH+30 mL 0.3M NaOH,50 mL 0.1M NaOH + 40 mL 0.2M H_{2}CO_{3},60mL 0.1M NaOH + 70mL 0.2M HCl,c
hsc-chemistry-12-308,གསུམ་པ་ ཟུར་ཐིག་འདི་ ༡༨༠^{\circ} ལས་ཆུང་བ་ཨིན།,i དང་ ii,ii དང་ iii,i དང་ iii,"i, ii དང་ iii ཚུ་ཨིན།",b
hsc-chemistry-12-309,འོག་ལུ་ཡོད་མི་ལས་ ག་འདི་བདེན་པ་ཨིན་ན་ཟེར་བ་ཅིན་,100,75,50,25,c
hsc-chemistry-12-310,25^{\circ} འདི་རང་དྲོད་གནས་འདི་ནང་ 150gགི་ཁུ་སིམ་སི་གནས་སོར་ནང་ 50gགི་ཁུ་སིམ་སི་གནས་སོར་འདི་བཞུར་བ་ཅིན་ འདི་གི་ཁུ་སིམ་སི་གནས་སོར་འདི་ག་དེམ་ཅིག་འོང་ནི་སྨོ་,TiCl_{4} འདི་ཡང་,MnO_{2} འདི་ཡང་,ScCl_{3} དེ་ནང་ལུ་,ZnSO_{4} འདི་ཡང་,b
hsc-chemistry-12-311,དྭངས་འཕྲོས་འཕྲོས་ཀྱི་རིགས་འདི་ག་ཅི་ཡོདཔ་ཨིན་ན?,༤ ཚུན་,༤་པི་,༤d,༤་ཨེཕ་,d
hsc-chemistry-12-312,ཀཝཱནཊ་ཨང་གི་གནས་གོང་ n = 4 དང་ I = 3 ཨིན་པ་ཅིན་ ཨོར་བེ་ཊཱལ་དེ་,i དང་ ii,ii དང་ iii,i དང་ iii,"i, ii དང་ iii ཚུ་ཨིན།",a
hsc-chemistry-12-314,i.l = ༡ ཨིན་པས།,Zn,Fe,ཀུ་,Pb,c
hsc-chemistry-12-315,"i. m = +༡, ༠, -༡",11,12,16,17,a
hsc-chemistry-12-316,གསུམ་པ་ གྱངས་ཁ་གསུམ་,atm,atm^{2}ལུ་ བཀྲམ་སྟོན་འབདཝ་ཨིན།,atm^{-1} འདི་ཡང་,atm^{-2}ལུ་ བསྒྱུར་འབདཝ་ཨིན།,d
hsc-chemistry-12-317,འོག་ལུ་ཡོད་མི་ལས་ ག་འདི་བདེན་པ་ཨིན་ན་ཟེར་བ་ཅིན་,ཕྲ་རིང་གི་ཕྲ་རིང་གི་ཕྲ་རིང་གི་ ཕྲ་རིང་གི་ཕྲ་རིང་གི་ཕྲ་རིང་གི་ཕྲ་རིང་གི་ཕྲ་རིང་གི་ཕྲ་རིང་གི་ཕྲ་རིང་གི་ཕྲ་རིང་གི་ཕྲ་རིང་གི་ཕྲ་རིང་གི་ཕྲ་རིང་གི་ཕྲ་རིང་གི་ཕྲ་རིང་གི་ཕྲ་རིང་གི་ཕྲ་རིང་གི་ཕྲ་རིང་གི་ཕྲ་རིང་གི་ཕྲ་རིང་གི་ཕྲ་རིང་གི་ཕྲ་རིང་གི་ཕྲ་རིང་གི་ཕྲ་རིང་གི་ཕྲ་རིང་གི་ཕྲ་རིང་གི་,ཕྲ་རིང་གི་ཕྲ་རིང་དེ་ ཕྲ་རིང་གི་ཕྲ་རིང་དེ་གི་ ཕྲ་རིང་དེ་གི་ ཕྲ་རིང་དེ་གི་,ཌའི་ལོག་གི་ཨེབ་གཏང་ཚུ་ ཌའི་ལོག་གི་ཨེབ་གཏང་ཚུ་ ཌའི་ལོག་གི་ཨེབ་གཏང་ཚུ་ ཌའི་ལོག་གི་ཨེབ་གཏང་ཚུ་,ཕྲ་རིང་གི་ཕྲ་རིང་དེ་ ཕྲ་རིང་གི་ཕྲ་རིང་གི་ཕྲ་རིང་དེ་ཨིན།,a
hsc-chemistry-12-318,ལྕགས་རིགས་འདི་ག་ཅི་བཟུམ་ཅིག་ཨིན་ན?,2,3,4,5,b
hsc-chemistry-12-319,BeCl_{2} གི་ རྡུལ་ཕྲན་གི་བཟོ་རྣམ་དེ་ ག་དེ་སྦེ་ཡོདཔ་ཨིན་ན?,ཀུ་^{2+},NH_{4}^{+} འདི་ཡང་,ནི^{+},ཨཱལ་^{3+} འདི་ཡང་,a
hsc-chemistry-12-320,NaCl ཇི་རམ་༡༥འདི་ ཁང་མིག་གི་ཚ་དྲོད་ལུ་ 60g་གི་ཁུ་བ་ཡོད་པའི་ ཚ་དྲོད་ཅན་མར་ཁུ་ནང་རླངས་གཏང་པ་ཅིན་ ཚ་དྲོད་འདི་ག་དེམ་ཅིག་འོང་ནི་ཨིན་ན?,sp,sp^{2} འདི་ལུ་,sp^{3} འདི་ལུ་,sp^{3}d འདི་ཡང་,c
hsc-chemistry-12-321,NH_{4}^{+} ནང་ལུ་ སྦྲེལ་གྱི་ཟུར་ཚད་ག་དེ་ཅིག་ཡོདཔ་ཨིན་ན?,10,12,14,16,b
hsc-chemistry-12-322,ཆུ་ནང་ཡོད་པའི་རྫས་ག་འདི་ གློག་ཤུགས་ཤུགས་ཤུགས་ལྡན་པ་བཟོ་ཚུགས་ནི་ཨིན་ན?,བི་^{2+}ལུ་,Mg^{2+} འདི་ཡང་,ཀ་^{2+},Ba^{2+} འདི་ལུ་,a
hsc-chemistry-12-323,s-block གི་ནང་ ཨེ་ལོམ་ག་དེ་ཅིག་ཡོདཔ་ཨིན་ན?,འཁོར་ལམ་,དཀྱིལ་འཁོར་,དཱམ་བཱེལ་,ཌབ་ལཱལ་ཌམ་བཱེལ་,c
hsc-chemistry-12-324,CH_{4}(g)+2O_{2}(g)\rightleftharpoons CO_{2}(g)+2H_{2}O(l) ཚུ་ཨིནམ་ད་ འདྲ་མཉམ་གྱི་གནས་སྟངས་འདི་ ག་ལུ་རན་དོ་ཡོདཔ་ཨིན་ན་,ལི་མཱན་,གཡས་ཁ་ཐུག་,ནད་གཞི་,མ་དངུལ་,a
hsc-chemistry-12-325,ཚྭ་ག་འདི་ pH > 7?,H^{+} འདི་ཡང་,ཧེ་^{2+}ལུ་,ལི་^{2+} འདི་ལུ་,བི་^{4+},c
hsc-chemistry-12-326,ལྡོག་ཕྱོགས་ཀྱི་རྒྱུ་ལམ་འདི་ཡར་སེང་འགྱོ་བ་ཅིན་,NH_{4}^{+} འདི་ཡང་,Zn^{2+} འདི་ཡང་,ནི^{+},ཀ་^{2+},c
hsc-chemistry-12-327,i. དུས་མཐུན་གྱི་ཁྱད་ཆོས་འདི་ མང་ཤོས་ཅིག་རང་ཡོདཔ་ཨིན།,སྦ་སྒོར་དེ་གི་སྦོམ་ཆུང་འདི་ མར་བབས་སོང་ནུག,དེ་ལས་ ཕྲ་རིང་འདི་ མར་བབས་སོང་ནུག,ནུས་ཤུགས་འདི་ཡར་འཕར་འགྱོ་ནུག,གློག་ཤུགས་ལྟེ་བའི་ཤུགས་འདི་ མར་བབས་སོང་ཡོདཔ་ཨིན།,d
hsc-chemistry-12-328,༢། ཆུའི་ནང་སེལ་མི་བཏུབ་པས།,s-block འདི་ནང་ལུ་,p-block འདི་ནང་ལུ་,d-block འདི་ཚུ་,f-block,b
hsc-chemistry-12-329,གསུམ་པ་ ཚ་དྲོད་མར་ཉམས་འགྱོ་ནི་གི་ཉེན་ཁ་འདི་ ཡར་འཕར་འགྱོ་དོ་ཡོདཔ་ཨིན།,i དང་ ii,i དང་ iii,ii དང་ iii,"i, ii དང་ iii ཚུ་ཨིན།",d
hsc-chemistry-12-330,འོག་ལུ་ཡོད་མི་ལས་ ག་འདི་བདེན་པ་ཨིན་ན་ཟེར་བ་ཅིན་,ན,ཀ་,ཨཱལ་,Zn,b
hsc-chemistry-12-331,རང་བཞིན་གྱི་ཟས་བཅུད་ཚུ་ ཉེན་སྲུང་འབད་ནིའི་ཐབས་ལམ་འདི་ ག་ཅི་ཨིན་ན་?,ཟུར་བཞི་འབད་མི་,ཟུར་ཐིག་,ཐིག་ཁྲམ་ཕྲ་རིང་,པི་རཱེམ་ཌི་ཡཱན་,c
hsc-chemistry-12-332,རང་དབང་ཅན་གྱི་ཨེལ་ཀོརཊོནཌ་མང་ཤོས་ཅིག་ ག་ལུ་ཡོདཔ་ཨིན་ན?,25,30,33.33,36.36,c
hsc-chemistry-12-334,i. སྲནམ་མཁར་གྱི་ནང་ལུ་ལག་ལེན་འཐབ་དོ་ཡོདཔ་ཨིན།,LiCl,Nacl,CaCl_{2} འདི་ཡང་,CCl_{4} འདི་ཡང་,b
hsc-chemistry-12-335,༢། ཕྲ་རྡོག་གི་ལཱ་འབད་སའི་ས་སྒོ་འདི་ མར་ཕབ་འབདཝ་ཨིན།,6,7,10,14,d
hsc-chemistry-12-336,གསུམ་པ་ ཚོད་བསྲེའི་རིགས་ཚུ་ བཞེས་སྒོ་ལེགས་ཤོམ་སྦེ་བཟོ་མི་ཅིག་ཨིན་མས།,ཚད་གཞི་ལུ་འགྱུར་བ་མེད།,ས་སྒོ་རྒྱ་སྐྱེད་འབད་ཡོདཔ་ཨིན།,གནས་སྟངས་ནང་ ཚབས་ཆེན་འདི་ དབྱེ་བ་ཕྱེ་མི་ཚུགས།,ཕྲང་ལམ་འདི་ ཕྲང་ལམ་གཡས་ཁ་ཐུག་ལུ་འགྱོ།,d
hsc-chemistry-12-337,འོག་ལུ་ཡོད་མི་ལས་ ག་འདི་བདེན་པ་ཨིན་ན་ཟེར་བ་ཅིན་,NaCl,CuSO_{4} འདི་ཡང་,Na_{2}CO_{3} འདི་ལུ་བལྟ་བ་ཅིན་,NH_{4}Cl,c
hsc-chemistry-12-338,ཧེ་བཱར་བཱོསི་གི་ཐབས་ལམ་ནང་ལུ་ NH_{3} བཟོ་སྦྱོར་ནང་ལུ་ ཕན་ནུས་ཅན་གྱི་ གྲོགས་རམ་པ་སྦེ་ ལག་ལེན་འཐབ་མི་འདི་ ག་འདི་ཨིན་ན?,i དང་ ii,i དང་ iii,ii དང་ iii,"i, ii དང་ iii ཚུ་ཨིན།",a
hsc-chemistry-12-339,ལྡེ་མིག་འདི་ནང་ n གི་གནས་གོང་འདི་ག་ཅི་ཡོདཔ་ཨིན་ན?,Sodium benzoate འདི་ཡང་ ནད་གཞི་ཐོབ་མི་ ནད་འབུབ་ཅིག་ཨིན་མས།,Sodium Chloride འདི་ ནད་གཞི་གི་རྒྱུ་རྫས་ཨིན།,Sodium methanate འདི་ཡང་ ནད་གཞི་འདི་ལས་ བཀག་ཐབས་འབད་ཚུགས་མི་ ནད་འབུབ་ཨིན།,BHA,b
hsc-chemistry-12-340,འོག་གི་རྒྱུ་རྫས་འདི་ག་འདི་ནང་ལུ་ དར་ཁྱབ་སྦོམ་སྦེ་རང་འགྱོ་དོ་ཡོདཔ་ཨིན་ན?,NH_{3} འདི་ཡང་,H_{2}O དེ་ནང་ལུ་,HCl,H_{2}S གིས་,c
hsc-chemistry-12-341,ཨེས་སིཌ་འདི་ཚུ་གི་གྲས་ལས་ ག་འདི་ཤུགས་ཅན་ཨིན་ན?,i དང་ ii,i དང་ iii,ii དང་ iii,"i, ii དང་ iii ཚུ་ཨིན།",d
hsc-chemistry-12-342,AB_{3} ནང་ལུ་ ཚུལ་ལྡན་གྱི་གྱངས་ཁ་འདི་ ༡.༧ \times ༡༠^{-༡༢} ཨིན་པ་ཅིན་ ཚུལ་ལྡན་གྱི་གྱངས་ཁ་འདི་ག་དེམ་ཅིག་ཡོདཔ་ཨིན་ན?,2.3,5.5,7.4,9.5,a
hsc-chemistry-12-343,འ་ནི་ལས་ཀ་འདི་གིས་ བེ་ལུ་མིཊ་ཀཱོཝཱན་ཊ་ ཨང་གྲངས་...,0.5,1,1.5,2,b
hsc-chemistry-12-344,i. གློག་ཤུགས་ཀྱི་འཁོར་ལོའི་ཤེས་ཚད་,i དང་ ii,i དང་ iii,ii དང་ iii,"i, ii དང་ iii ཚུ་ཨིན།",a
hsc-chemistry-12-345,ii.m གི་གནས་གོང་འདི་ l ལུ་གཞི་བཞག་སྟེ་ཨིན།,MO,Ee,ནི,V,a
hsc-chemistry-12-346,iii. m = ༠ ལས་ \pm l,2,3,4,5,c
hsc-chemistry-12-347,འོག་ལུ་ཡོད་མི་ལས་ ག་འདི་བདེན་པ་ཨིན་ན་ཟེར་བ་ཅིན་,HCl,NaCl,MgCl_{2},BeCl_{2} འདི་ཡང་,d
hsc-chemistry-12-348,CO_{2}ལུ་ཡོད་པའི་ལྟེ་བ་འདི་,HNO_{3} འདི་ལུ་,HClO_{3} འདི་ཡང་,H_{2}SO_{3} འདི་ལུ་བལྟ་བ་ཅིན་,H_{3}PO_{4} འདི་ལུ་བལྟ་བ་ཅིན་,a
hsc-chemistry-12-349,ལྕངམ་གིས་བཟོ་མི་བེ་ལི་གི་བེ་ལི་གི་ཁུ་བ་འདི་ ག་འདི་ཨིན་ན་?,6.3\times 10^{-14} mol L^{-1} འདི་ ཀེར་ཐིག་ ༡་ནང་ལུ་ཡོད་མི་འདི་ཨིན།,6.3\times 10^{-10} mol L^{-1} འདི་ ཀེར་ཐིག་ ༡་གི་མཐའ་མ་ལུ་ཡོདཔ་ཨིན།,2.5\times 10^{-7} mol L^{-1} འདི་ལུ་གཞི་བསྟུན་འབད་ཡོདཔ་ཨིན།,5.0\times 10^{-4} mol L^{-1} འདི་ ཀླད་ཀོར་གྱི་གནས་གོང་ལུ་རྩིས་སྟོནམ་ཨིན།,d
hsc-chemistry-12-350,ཁྲག་བཟུམ་སྦེ་མར་བའི་རྫས་འདི་ ག་འདི་ལུ་སྟོན་ནི་ཨིན་ན?,i དང་ ii,ii དང་ iii,i དང་ iii,"i, ii དང་ iii ཚུ་ཨིན།",b
hsc-chemistry-12-352,i. B.P-B.P,སི་ཌར་,སེམས་ཉིད་,མལཏ་,ཨོ་ལ་ཚྭ་,c
hsc-chemistry-12-353,༢། B.P-L.P,Fe(CNS)_{3} འདི་ཡང་ སྦ་སྒོར་འདི་ནང་ལུ་ཨིན།,Fe(CNS)_{2} འདི་ཡང་ སྦ་སྒོར་འདི་ནང་ལུ་ཨིན།,NH_{4}CNS,KCNS,a
hsc-chemistry-12-354,གསུམ་པ་ L.P-L.P,i དང་ ii,ii དང་ iii,i དང་ iii,"i, ii དང་ iii ཚུ་ཨིན།",d
hsc-chemistry-12-355,འོག་ལུ་ཡོད་མི་ལས་ ག་འདི་བདེན་པ་ཨིན་ན་ཟེར་བ་ཅིན་,ཨལ་ཀ་ལེ་རིསི་ K_{2}Hgl_{4},ཀ_{4}[Fe(CN) _{6}] འདི་ཡང་ ཀ_{4}[Fe(CN) > ཀ_{4},K_{2}H_{2}Sb_{2}O_{7} འདི་ཡང་ ཀ་_{2}H_{2} ཨིན།,CaC_{2}O_{4} འདི་ཡང་ ཌེཀསི་ཊོཔ་གི་མིང་ཨིན།,b
hsc-chemistry-12-356,ཚ་དྲོད་ཧྲིལ་བུམ་ནང་ OH^{-} ཨའོན་འདི་ 3.5 \times 10^{-4} ཨིནམ་དང་ འདི་ནང་ལུ་ pH འདི་ག་དེམ་ཅིག་ཡོདཔ་ཨིན་ན?,i དང་ ii,ii དང་ iii,i དང་ iii,"i, ii དང་ iii ཚུ་ཨིན།",d
hsc-chemistry-12-357,ག་འདི་སྦོམ་ཤོས་ཨིན་ན་?,3.55,10.54,12.55,13.54,b
hsc-chemistry-12-358,མཐུད་སྦྲེལ་གྱི་ཟུར་ཁ་ཆུང་ཤོས་དེ་ ག་ལུ་ཡོདཔ་ཨིན་ན?,N^{3-) གིས་འབད་ཡོདཔ་ཨིན།,O^{2-} འདི་ཡང་,F^{-} འདི་ལུ་,ནི^{+},a
hsc-chemistry-12-359,གཟུགས་ཀྱི་འགྱུར་འགྱུར་ནང་ལུ་ བཅའ་མར་གཏོགས་མི་ཐིག་ཁྲམ་འདི་ག་ཅི་ཨིན་ན?,NH_{3} འདི་ཡང་,H_{2}O དེ་ནང་ལུ་,PH_{3} དེ་ནང་ལུ་,BH_{3} འདི་ལུ་བལྟ་བ་ཅིན་,c
hsc-chemistry-12-361,i. K_{p} འདི་ཡང་,i དང་ ii,ii དང་ iii,i དང་ iii,"i, ii དང་ iii ཚུ་ཨིན།",b