Question No.,Question,a,b,c,d,Correct Answer
hsc-advanced_chemistry-12-1,STPལུ་ ག་རམ་རེ་ལུ་ ག་རམ་རེ་སྦེ་རྩིས་སྟོནམ་ཨིན། ལི་ དེ་ནང་ལུ་ ལྗིད་ཚད་ཉུང་དྲགས་ཅིག་ཡོདཔ་ཨིན་མེན་ན་?,N₂,O₂,CO₂,NO₂,a
hsc-advanced_chemistry-12-2,Sₙ2 ཚོང་འབྲེལ་གྱི་ཐད་ལུ་ལག་ལེན་འཐབ་ནི་ཨིན་པ་ཅིན་?,i,ii,iii,"i, ii & iii",c
hsc-advanced_chemistry-12-3,འོད་ཤུགས་ལྡན་བཟོ་མི་ ཨལ་ཁོརཊི་ག་འདི་ག་ཅི་ཨིན་ན?,2-Methylbutane-1-ol,2-Methylbutane-2-ol,2-Methylpentane-3-ol,2-Methylpentane-2-ol,a
hsc-advanced_chemistry-12-4,འོག་གི་རྒྱུ་རྫས་ཚུ་ག་འདི་ ཚད་ལྡན་གཉིས་པ་ཨིན་ན།,KMnO₄,K₂Cr₂O₇,Na₂CO₃,Na₂C₂O₄·2H₂O,a
hsc-advanced_chemistry-12-5,ཆུ་ཀེ་ཇི་༡.༨ དེ་ནང་ལུ་ ཧའི་ཌོ་ཇེན་གྱི་ཨ་ཊོམ་ག་དེམ་ཅིག་ཡོདཔ་ཨིན་ན?,-,-,-,-,-
hsc-advanced_chemistry-12-6,བརྡ་སྟོན་གྱི་སྒོ་ར་སྒོའི་རིགས་ག་དེ་ཅིག་ཡོདཔ་ཨིན་ན?,1,2,3,5,b
hsc-advanced_chemistry-12-7,Pyrrolignose acidནང་ལུ་ ethaneic acidགི་ཆ་ཤས་འདི་?,0.1-0.5%,2-4%,8-10%,30-40%,-
hsc-advanced_chemistry-12-8,ག་ཟའི་སྒོ་ལམ་གྱི་ཁྱབ་ཚད་དེ་ ག་བཟུམ་ཅིག་ཨིན་ན?,"C₂H₆, NO","CH₄, HN₃","NO, CO","CO₂, PH₃",a
hsc-advanced_chemistry-12-9,Br⁻ + BrO₃⁻ + 6H⁺ → Br₂ + 3H₂O; འ་ནི་གོམས་གཤིས་འདི་ནང་ལུ་?,i,ii,iii,"i, ii & iii",b
hsc-advanced_chemistry-12-10,"Pt, H_{2}(g)(1atm)/HCl(1M) \parallel AgNO_{3}(1M)/Ag(s) ཚུ་དང་ཕྱདཔ་ད་ གནམ་གཤིས་གནས་སྟངས་འདི་ 25°C ནང་ལུ་ E°C = -0.80V",ཇི་ཨེམ་ཨེཕ་དེ་,ཇི་ཨེམ་ཨེཕ་དེ་,ཇི་ཨེམ་ཨེཕ་དེ་,ཇི་ཨེམ་ཨེཕ་དེ་,?
hsc-advanced_chemistry-12-12,གྲོས་ཆོད་གི་རྒྱ་ཚད་ གྲོས་ཆོད་དེ་གི་གཞི་རྩ་འདི་ གྲོས་ཆོད་ཀྱི་རྒྱ་ཚད་,?,?,?,?,?
hsc-advanced_chemistry-12-13,གཉིད་ལོག་ནི་གི་སྨན་འདི་ག་ཅི་ཨིན་ན།,formaldehyde,acetaldehyde,paraldehyde,metaldehyde,?
hsc-advanced_chemistry-12-14,ཇི་ཨིས་ཌི་འདི་འཇམ་ཏོང་ཏོ་ཅིག་ཨིན་ན།,HClO_{4},H_{2}SO_{4},HNO_{3},H_{2}CO_{3},?
hsc-advanced_chemistry-12-15,འོག་གི་བརྡ་སྟོན་ཚུ་གི་གྲལ་ལས་ ག་འདི་ངོ་མ་ཨིན་ན?,- COCH_{3},- OCOCH_{3},- NHCOCH_{3},- OCH_{3},?
hsc-advanced_chemistry-12-16,"""ཕེན་ཕེཊ་ཐཱ་ལིན་- i. ཨེསི་ཌི་འདི་ སྣུམ་འཁོར་ནང་ཡོད་པའི་མར་ཁུ་ལུ་བརྟེན་ འགྱུར་བ་འགྱོ་དོ་ཡོདཔ་ཨིན། ༢། ལྕངམ་གིས་ ལྕངམ་གི་རྣམ་པ་བསྒྱུར་བཅོས་འབདཝ་ཨིན། གསུམ་པ་ འབྱེམ་ཁུ་སིམ་སི་དང་ ཤུགས་ཆེ་བའི་ཁུ་སིམ་སི་གི་ཨང་གྲངས་ཚུ་ བཀྲམ་སྟོན་འབད་ནིའི་དོན་ལུ་ ལག་ལེན་འཐབ་ཨིན།",i i,ii ii,iii,"ii, iii",?
hsc-advanced_chemistry-12-17,AgNO_{3}ལུ་ གློག་ཤུགས་ ༠.༡F བྱིན་པ་ཅིན་ ཀ་ཐོཌ་ནང་ལུ་ དངུལ་ག་དེ་ཅིག་སྤུངས་འོང་ག་,108,10.8,1.08,0.108,?
hsc-advanced_chemistry-12-18,གློག་རིག་གི་དབྱེ་ཞིབ་ནང་ ག་འདི་ཧེ་མ་གློད་བཀྲོལ་གཏང་ནི་ཨིན་ན,?,?,?,?,?
hsc-advanced_chemistry-12-19,བརྒྱ་ཆ་ ༡༠་གི་ནང་ལུ་ མེ་ཏན་ལཱལ་གྱི་གནས་ཚད་འདི་ མོལ་རི་ཊི་ ༡་ལུ་ག་དེམ་ཅིག་ཡོདཔ་ཨིན་ན?,3.125,3.51,4.43,5.61,a
hsc-advanced_chemistry-12-20,ཇི་ཨོ་ཌི་ཡཱནསི་ཊི་ ཨེཆ་སི་ཌི་ཡཱནསི་འདི་ག་ཏེ་ཡོདཔ་ཨིན་ན?,"Pt, Cl_{2}/Cl^{-}","Ag, AgCl(s)/Cl^{-}","Na, Hg/Na^{+}","Pt, Fe^{2+}/Fe^{3+}",d
hsc-advanced_chemistry-12-21,ཆུ་གི་གནས་ཚད་དེ་ག་དེམ་ཅིག་ཡོདཔ་ཨིན་ན?,2-4 mg\L,4-8 mg\L,8-10 mg\L,10-12 mg\L,-
hsc-advanced_chemistry-12-22,གཞི་རྟེན་གནས་ཚད་ཀྱི་ རྒྱུ་རྫས་འདི་ག་ཅི་ཨིན་ན།,H_{2}SO_{4},HCl,KMnO_{4},K_{2}Cr_{2}O_{7},d
hsc-advanced_chemistry-12-23,གློག་ཤུགས་ཉམས་བཅོས་ཀྱི་སྐབས་ ཀ་ཐོཌ་འདི་ ག་ཅི་བཟུམ་ཅིག་ལུ་འགྱུར་ཡོདཔ་ཨིན་ན?,ཨོ་ཟི་ཡཱན་,ཨོ་ཟི་ཡཱན་,ཨོ་ཟི་ཡཱན་,ཨོ་ཟི་ཡཱན་,-
hsc-advanced_chemistry-12-24,རྡུལ་ཕྲན་ཅིག་གི་ཤུགས་འདི་ ཚ་དྲོད་ག་ཚོད་ལུ་ ༠ ལུ་ལྷོད་ནི་ཨིན་ན?,o\degree C,273\degree C,0K,298K,c
hsc-advanced_chemistry-12-25,འོག་གི་ཟུར་གྱི་སྦྱོར་བ་འདི་འོད་གསལ་ལུ་ འདྲ་མཉམ་སྦེ་མཐོང་ཚུགས་ག?,ཀ_{4}H_{10},ཀ_{7}H_{16},ཀ_{6}H_{14},ཀ_{5}H_{12},b
hsc-advanced_chemistry-12-26,0.15M HCl གྲོས་ཆོད་ནང་ལུ་ ppm ༡་གི་རྒྱ་ཚད་ག་དེམ་ཅིག་ཡོདཔ་ཨིན་ན?,༣.༦༥,༡༥༠༠,༣༦༥༠,༥༤༧༥,d
hsc-advanced_chemistry-12-27,འ་ནི་གློག་ཤུགས་འདི་ ག་ལུ་ཐོབ་ཚུགསཔ་ཨིན་ན?,Cu^{2+},H^{+},Au^{3+},Ag^{+},c
hsc-advanced_chemistry-12-28,"""2H_{2}O(l) + HCl(aq) \rightleftharpoons H_{3}O^{+} + B བི་གི་རྟགས་འདི་ག་ཅི་ཡོདཔ་?""",Cl^{-},Cl,Cl^{+},Cl_{2},a
hsc-advanced_chemistry-12-29,"""2H_{2}O(l) + HCl(aq) \rightleftharpoons H_{3}O^{+} + B H_{3}O^{+} འདི་འཚོར་བ་འབྱུང་ནི་གི་དོན་ལས་ i. ཨེསི་ཊི་བཱལ་ ཨེསི་ཊི་བི་ བུརྷ་ ii. H_{2}O གི་མཐའ་འཁོར་ལུ་ཡོད་པའི་ཁུ་བ་ གསུམ་པ་ འདི་ནང་ལུ་ གློག་ཤུགས་ཀྱིས་ Proton བཟོ་ཚུགས། འོག་ལུ་ཡོད་མི་ལས་ ག་འདི་བདེན་པ་ཨིན་ན་ཟེར་བ་ཅིན་",i དང་ ii དང་ iii,ii དང་ iii,ii དང་ iii,-,b
hsc-advanced_chemistry-12-30,100\degree C ནང་ལུ་ CO_{2} མེ་རླུང་ཤུགས་ 1.0526 atm ནང་ལུ་ མུ་ཏིག་གི་ལྗིད་ཚད་ (g\L) འདི་ག་དེམ་ཅིག་ཡོདཔ་ཨིན་ན?,0.00291,0.0149,1.512,1.49 \times 10^{22},c
hsc-advanced_chemistry-12-31,འོག་གི་གློག་རིག་དབྱིབས་འདི་ག་འདི་ཨིན་ན།,SO_{3},NH_{3},RMgX,H_{2}O,a
hsc-advanced_chemistry-12-32,CH_{2}Cl_{2}འདི་ སྣུམ་འཁོར་ C གི་ཨོ་ཟི་ཌེན་གནས་གོང་ག་དེམ་ཅིག་ཡོདཔ་ཨིན་ན?,4,2,-2,0,d
hsc-advanced_chemistry-12-33,CH_{3} - CH(OH) - CH_{2} - COOH གྱི་ IUPAC གི་མིང་ཚིག་འདི་ ག་འདི་བདེན་པ་ཨིན་ན?,༢-ཧའི་ཌོ་ཀི་པེ་ཊན་ནའི་ཀཨེ་སིཌ་,༤-ཧའི་ཌོ་ཀི་པེ་ཊན་ནའི་ཀཨེ་སིཌ་,༥-ཀཱར་བཱོ་ཀི་པེ་ཊན་ནོལ་,༢ ༡-ཀཱར་བཱོ་ཀི་པེ་ཊན་ནོལ་,b
hsc-advanced_chemistry-12-34,ཕྲ་རིང་གི་ནུས་ཤུགས་འདི་ +0.76V དང་ -0.769V ཨིན་པ་ཅིན་ ཕྲ་རིང་གི་ནུས་ཤུགས་འདི་ག་དེམ་ཅིག་འོང་ནི་སྨོ་,#ERROR!,#ERROR!,#ERROR!,-1.529V,a
hsc-advanced_chemistry-12-35,n-pentaneལུ་ ཨོ་མཱོན་ག་དེ་ཡོདཔ་ཨིན་ན?,༣༤༥༦,-,-,-,-
hsc-advanced_chemistry-12-36,འ་ནི་ཚུ་ནང་ལས་ག་འདི་ ཨོཏོ་-པེ་ར་ཨེན་ཌི་ཨིན་ཨིན་ཨིན་?,-NO_{2},-NH_{2},-COOH,-CHO,b
hsc-advanced_chemistry-12-37,CuSO₄ དྲོབ་སྦྱོར་ནང་ 7.5 amp གློག་དྲོད་ 50 min འགོར་བྱས་ན་ཀེ་ཐོ་ཌེ་ལ་ཐོན་པའི་ Cu ཚད་གྲམ་ཚོས་གང་ཡིན་ནམ།,0.2463,3.7,7.4,14.8,c
hsc-advanced_chemistry-12-38,"Sₙ2 འགྱུར་བའི་མཚོན་རྟགས་-
i. ཕོ་ལར་དྲོབ་སྦྱོར་ནང་མཐོང་།
ii. ཚིགས་གཅིག་གི་རིམ་པར་འགྲུབ།
iii. ལས་ཤུགས་ཀྱི་རིམ་པ།
CH₃X > 1° RX > 2° RX > 3° RX
གཤམ་གྱི་གང་དོན་དུ་འཛིན་པར་བྱེད་དམ།",i དང་ ii,i དང་ iii,ii དང་ iii,"i, ii དང་ iii",c
hsc-advanced_chemistry-12-39,ཚད་ལྡན་གནས་སྟངས་སུ་ 9.0 g ཆུ་ལ་ཧའི་ཌྲོ་ཇེན་གྱི་འདུས་རྡུལ་གང་ཙམ་ཡོད་དམ།,6.023 × 10²³,3.0115 × 10²³,6.023 × 10²¹,12.046 × 10²³,a
hsc-advanced_chemistry-12-40,"NaCl ཀྱི་ཆུ་དྲོབ་སྦྱོར་གྱི་གློག་བཙོ་བཤོར་ནང་ཐོན་པ་-
i. NaOH
ii. Cl₂
iii. H₂
གཤམ་གྱི་གང་དོན་དུ་འཛིན་པར་བྱེད་དམ།",i དང་ ii,i དང་ iii,ii དང་ iii,"i, ii དང་ iii",d
hsc-advanced_chemistry-12-41,མེ་ཐིལ་ཨོ་རེན་ཇེ་ཡི་ཚོས་གཞི་བསྒྱུར་བའི་ pH མཚམས་གང་ཡིན་ནམ།,6.8-8.4,4.2-6.3,3.8-5.4,3.1-4.4,d
hsc-advanced_chemistry-12-42,ཡུན་དུ་གནས་པའི་ཀར་བོན་ཡོ་ཆས་གང་ཡིན་ནམ།,\overline{C}H₃,CH₃\overline{C}H₂,(CH₃)₂\overline{C}H,(CH₃)₃\overline{C},a
hsc-advanced_chemistry-12-43,མོ་ལར་གྱི་རླུང་རྩ་ལྡན་ R ཡི་ SI ཡན་ལག་གང་ཡིན་ནམ།,LatmK⁻¹ mol⁻¹,JK⁻¹ mol⁻¹,ergK⁻¹ mol⁻¹,cal.K⁻¹ mol⁻¹,b
hsc-advanced_chemistry-12-44,གང་ཞིག་ལུའི་སི་ཀྲུང་གི་ཀྲུང་ཆུང་ཡིན་ནམ།,CO,BF₃,BeCl₂,SO₃,a
hsc-advanced_chemistry-12-45,ཧོཕ་མན་ཌི་གྲེ་ཌེ་ཤན་གྱིས་གང་ཞིག་ཐོན་པར་བྱེད་དམ།,ཨེ་སིཌ་ཨེ་མེ་ཌེ།,དང་པོའི་ཨེ་མིན།,གཉིས་པའི་ཨེ་མིན།,ཀར་བོན་སིལ་ཨེ་སིཌ།,b
hsc-advanced_chemistry-12-46,ཡོ་ཆས་དང་སྐྱེད་གྲངས་གཉིས་ཀ་ཀླད་ཀོར་གང་ཡིན་ནམ།,Br₂,Ar,CH₂Cl₂,HCHO,b
hsc-advanced_chemistry-12-47,0.05M གླུ་ཀོས་དྲོབ་སྦྱོར་གྱི་ཚད་ ppm ཡི་ཚོས་གང་ཡིན་ནམ།,900,4500,9000,18000,c
hsc-advanced_chemistry-12-48,བྲའི་ནི་གྱི་གློག་བཙོ་བཤོར་ནང་གང་ཞིག་ཐོན་པར་བྱེད་དམ།,NaCl,NaHCO₃,NaOH,NaClO,c
hsc-advanced_chemistry-12-49,"Pt, H₂/H⁺ དང་མཉམ་དུ་གང་ཞིག་ཀེ་ཐོ་ཌེ་ལྟར་བེད་སྤྱོད་བྱེད་དམ།",Au³⁺/Au,Mg²⁺/Mg,Sn²⁺/Sn,Al³⁺/Al,a
hsc-advanced_chemistry-12-50,"A + CO₂ → RCOOMgX → X (H⁺/H₂O ཐོག)
B ཡོ་ཆས་གང་ཡིན་ནམ།",RCHO,RCOX,RCOOH,RCOOR,c
hsc-advanced_chemistry-12-51,A ཡོ་ཆས་དང་ཀི་ཊོན་ཡོ་ཆས་ཀྱི་འགྱུར་བ་ནས་གང་ཞིག་ཐོན་པར་བྱེད་དམ།,3° ཨཱལ་ཀོ་ཧོལ།,2° ཨཱལ་ཀོ་ཧོལ།,1° ཨཱལ་ཀོ་ཧོལ།,ཀར་བོན་སིལ་ཨེ་སིཌ།,a
hsc-advanced_chemistry-12-52,"བྲོན་སིཊེཌ་-ལཱུ་རི་ཐི་ཡོ་རེ་ནང་ཨེ་སིཌ་ལྟར་བེད་སྤྱོད་བྱེད་པ་-
i. PH₄⁺
ii. HC₂O₄⁻
iii. Na₂HPO₄
གཤམ་གྱི་གང་དོན་དུ་འཛིན་པར་བྱེད་དམ།",i,i དང་ ii,ii དང་ iii,"i, ii དང་ iii",d
hsc-advanced_chemistry-12-53,ཡོ་ཆས་ནང་མཐའ་རྟེན་ངོས་འཛིན་བྱེད་པར་གང་ཞིག་བེད་སྤྱོད་བྱེད་དམ།,ཨའི་ཡོ་ཌོ་ཕོརམ་བརྟག་དཔྱད།,ཀར་བིལ་ཨེ་མིན་བརྟག་དཔྱད།,བེར་བརྟག་དཔྱད།,ལེ་སེན་བརྟག་དཔྱད།,d
hsc-advanced_chemistry-12-54,ཨེ་མེ་ཌེ་ཡི་ལས་ཀྱི་རྩ་བ་གང་ཡིན་ནམ།,\text{-CONH₂},\text{-COX},\text{-CHO},\text{-NH₂},a
hsc-advanced_chemistry-12-55,གང་ཞིག་ཧའི་ཌྲོ་ཀློ་རིཀ་ཨེ་སིཌ་ནས་ཧའི་ཌྲོ་ཇེན་བརྗེ་རེས་བྱེད་མི་ཐུབ་པ།,Fe,Co,Sn,Pt,d
hsc-advanced_chemistry-12-56,FeCl₃ ནས་ 55.85g Fe གཞི་བཙུགས་བྱེད་པར་གློག་གི་ཚད་གང་དགོས་དམ།,5F,3F,2F,1F,b
hsc-advanced_chemistry-12-57,"Cr₂O₇²⁻ + H⁺ + Fe²⁺ →
i. Cr₂O₇²⁻ བཅུག་རྫས་འགྱུར་བ།
ii. Fe²⁺ སྐྱེད་རྫས་འགྱུར་བ།
iii. 6 གློག་རྡུལ་འགྲུབ།
གཤམ་གྱི་གང་དོན་དུ་འཛིན་པར་བྱེད་དམ།",i དང་ ii,i དང་ iii,ii དང་ iii,"i, ii དང་ iii",d
hsc-advanced_chemistry-12-58,ཆུ་ཚད་གཅིག་གི་ CO₂ རླུང་ནང་ཨོཀྵི་ཇེན་འདུས་རྡུལ་གང་ཙམ་ཡོད་དམ།,1 ཚེས།,2 ཚེས།,3.01 × 10²³ ཚེས།,6.023 × 10²³ ཚེས།,d
hsc-advanced_chemistry-12-59,གང་ཞིག་དང་པོའི་ཚད་ལྡན་རྫས་ཡིན་ནམ།,CH₃COOH,Na₂C₂O₄·2H₂O,Na₂S₂O₃·5H₂O,KMnO₄,b
hsc-advanced_chemistry-12-60,ཆུ་ཡི་མི་རྟག་པའི་ཁྲོད་ཀྱི་དམིགས་བསལ་གྱི་རྒྱུ་རྐྱེན་གང་ཡིན་ནམ།,CaCO₃,AlCl₃,Mg(HCO₃)₂,FeSO₄,c
hsc-advanced_chemistry-12-61,HBr དྲོབ་སྦྱོར་ནང་ཕེ་ནོལ་ཕྲེ་ཐེ་ལིན་གྱི་ཚོས་གང་ཡིན་ནམ།,དམར།,སེར།,སྔོན་པོ།,ཚོས་མེད།,d
hsc-advanced_chemistry-12-62,གང་ཞིག་གློག་བཙོ་བཤོར་དྲོབ་སྦྱོར་ཉུང་ངུ་ཡིན་ནམ།,NH₄OH,NaOH,H₂SO₄,HNO₃,a
hsc-advanced_chemistry-12-63,100 mL སེ་མི་མོ་ལར་དྲོབ་སྦྱོར་བཟོ་བར་ Na₂CO₃ ཚད་གང་དགོས་དམ།,0.53 g,1.06 g,5.30 g,10.60 g,c
hsc-advanced_chemistry-12-64,50mL 0.5M NaOH དྲོབ་སྦྱོར་ཌེ་སི་མོ་ལར་དྲོབ་སྦྱོར་ལ་བསྒྱུར་བར་ཆུ་ཚད་གང་ཞིག་ཁ་སྣོན་བྱེད་དགོས་དམ།,250 mL,200 mL,150 mL,100 mL,b
hsc-advanced_chemistry-12-65,གཉིས་པའི་ཚད་ལྡན་རྫས་གང་ཡིན་ནམ།,KMnO₄,K₂Cr₂O₇,Na₂CO₃,Na₂C₂O₄,a
hsc-advanced_chemistry-12-66,Zn ཡི་གློག་རྩ་རིག་པའི་མཚུངས་ཚད་གང་ཡིན་ནམ།,0.0000208 gC⁻¹,0.000339 gC⁻¹,0.000367 gC⁻¹,0.00118 gC⁻¹,b
hsc-advanced_chemistry-12-67,"32g O₂ ཡི་དོན་-
i. 1 mole O₂
ii. ཚད་ལྡན་གནས་སྟངས་སུ་ 24.8L ཚུགས།
iii. ཨེ་ཌོ་གྲེ་ཌྲོ་གྲངས་དང་མཚུངས་པའི་འདུས་རྡུལ།
གཤམ་གྱི་གང་དོན་དུ་འཛིན་པར་བྱེད་དམ།",i,i དང་ ii,i དང་ iii,"i, ii དང་ iii",c
hsc-advanced_chemistry-12-68,Al₂O₃ ཡི་སྤྱི་ཚད་གང་ཡིན་ནམ།,6,4,3,2,a
hsc-advanced_chemistry-12-69,"A དང་ B གཉིས་ཀྱི་མོ་ལེ་ཀུ་ལར་ཆ་རྐྱེན་ C₄H₈ ཡིན། A ཡོ་ཆས་ཀྱི་གཞི་རྩ་ 1 ཡོད་པ་དང་ B ཡོ་ཆས་ཀྱི་གཞི་རྩ་ 2 ཡོད།
IUPAC ཐབས་ལམ་ནང་ A ཡོ་ཆས་ཀྱི་མིང་གང་ཡིན་ནམ།",བི་ཡུ་ཐན-1-ཨའིན།,བི་ཡུ་ཐན-1-ཨིན།,བི་ཡུ་ཐན-2-ཨིན།,བི་ཡུ་ཐན-3-ཨིན།,b
hsc-advanced_chemistry-12-70,"A དང་ B གཉིས་ཀྱི་མོ་ལེ་ཀུ་ལར་ཆ་རྐྱེན་ C₄H₈ ཡིན། A ཡོ་ཆས་ཀྱི་གཞི་རྩ་ 1 ཡོད་པ་དང་ B ཡོ་ཆས་ཀྱི་གཞི་རྩ་ 2 ཡོད།
B ཡོ་ཆས་ཀྱི་མཚུངས་པ་-
i. d-མཚུངས་པ།
ii. cis-མཚུངས་པ།
iii. trans-མཚུངས་པ།
གཤམ་གྱི་གང་དོན་དུ་འཛིན་པར་བྱེད་དམ།",i དང་ ii,i དང་ iii,ii དང་ iii,"i, ii དང་ iii",c
hsc-advanced_chemistry-12-71,"མེག་ནེ་སི་ཡམ་དང་བཟོས་པའི་སྣོད་ནང་ ZnCl₂ དྲོབ་སྦྱོར་བཞག་ན་གྲུབ་པའི་ཀོ་ཤུ་ཡི་ emf གང་ཡིན་ནམ། [E°(Zn/Zn²⁺) = +0.76V, E°(Mg/Mg²⁺) = +2.37V]",-3.13V,-1.61V,#ERROR!,#ERROR!,c
hsc-advanced_chemistry-12-72,"HCl དང་ NaOH ཡི་ཊི་ཊྲེ་ཤན་ནང་ངོས་འཛིན་བྱེད་པ་-
i. མེ་ཐིལ་ཨོ་རེན་ཇེ།
ii. མེ་ཐིལ་རེཌ།
iii. ཕེ་ནོལ་ཕྲེ་ཐེ་ལིན།
གཤམ་གྱི་གང་དོན་དུ་འཛིན་པར་བྱེད་དམ།",i,i དང་ ii,ii དང་ iii,"i, ii དང་ iii",d
hsc-advanced_chemistry-12-73,གང་ཞིག་གི་རླུང་གི་འཕར་བའི་མྱུར་ཚད་ཆེས་མཐོ་ཡིན་ནམ།,CO₂,O₂,N₂,H₂,d
hsc-advanced_chemistry-12-74,"CH₃ - C ≡ CH + HBr (ཚད་ལས་བརྒལ་) → ?
འགྱུར་བའི་གཙོ་བོའི་ཐོན་རྫས་གང་ཡིན་ནམ།",CH₃ - CBr = CH₂,CH₃ - CH = CHBr,CH₃ - CHBr - CH₂Br,CH₃ - CBr₂ - CH₃,d
hsc-advanced_chemistry-12-75,ཆུ་ཚད་གཅིག་གི་ནང་གང་ཞིག་ཨེ་ནོ་ཌེ་ལྟར་བྱེད་སྤྱོད་བྱེད་དམ།,Zn/Zn²⁺,Mg/Mg²⁺,Fe/Fe²⁺,Cu/Cu²⁺,b
hsc-advanced_chemistry-12-76,27°C དུ་ 4.4g CO₂ རླུང་གི་འགྲོས་ཤུགས་གང་ཡིན་ནམ།,3.69J,374.13J,369kJ,374.13kJ,b
hsc-advanced_chemistry-12-77,"2Na₂S₂O₃ + I₂ → Na₂S₄O₆ + 2NaI
འགྱུར་བ་དེ་ནང་གློག་རྡུལ་གང་ཙམ་འགྲུབ་དམ།",2,3,4,6,a
hsc-advanced_chemistry-12-78,"ཀར་བིལ་ཨེ་མིན་བརྟག་དཔྱད་ཀྱིས་ངོས་འཛིན་བྱེད་པ་-
i. 1° ཨེ་མིན།
ii. 1° ཨཱལ་ཀོ་ཧོལ།
iii. ཕེ་ནོལ།
གཤམ་གྱི་གང་དོན་དུ་འཛིན་པར་བྱེད་དམ།",i,i དང་ ii,ii དང་ iii,"i, ii དང་ iii",a
hsc-advanced_chemistry-12-79,14g N₂ རླུང་ནང་འདུས་རྡུལ་གང་ཙམ་ཡོད་དམ།,3.011 × 10⁻²³,3.011 × 10²³,6.023 × 10⁻²³,6.023 × 10²³,b
hsc-advanced_chemistry-12-80,Na₂S₄O₆ ཡོ་ཆས་ཀྱི་སྦྱོར་ཆ་གཙོ་བོའི་སྐྱེད་གྲངས་གང་ཡིན་ནམ།,-2,-2.5,2,2.5,d
hsc-advanced_chemistry-12-81,"ཨེ་ཐེནོལ་དང་ H₂SO₄ ཚད་ལས་བརྒལ་གྱི་འགྱུར་བ་ནས་ཐོན་པ་-
i. ཨེ་ཐེན།
ii. ཨེ་ཐིན།
iii. ཌའི་ཨེ་ཐེནོལ་ཨེ་ཐར།
གཤམ་གྱི་གང་དོན་དུ་འཛིན་པར་བྱེད་དམ།",i,i དང་ ii,ii དང་ iii,"i, ii དང་ iii",c
hsc-advanced_chemistry-12-82,10% w/V H₂SO₄ དྲོབ་སྦྱོར་གྱི་ཚད་ ppm ཡི་ཚོས་གང་ཡིན་ནམ།,10² ppm,10³ ppm,10⁴ ppm,10⁵ ppm,d
hsc-advanced_chemistry-12-83,"ཚྭ་ཟམ་གྱི་ལས་ཀ་-
i. ཆུ་ཚད་གཉིས་ཀྱི་བར་སྦྲེལ་བ།
ii. ཆུ་སྦྲེལ་བྱེད་པའི་ཤུགས་དབྱིབས་སྤང་བ།
iii. གློག་མེད་གནས་སྟངས་བསྲུང་བ།
གཤམ་གྱི་གང་དོན་དུ་འཛིན་པར་བྱེད་དམ།",i,i དང་ ii,i དང་ iii,"i, ii དང་ iii",d
hsc-advanced_chemistry-12-84,གང་ཞིག་ལུའི་སི་ཀྲུང་གི་ཨེ་སིཌ་ཡིན་ནམ།,NH₃,R - NH₂,PH₃,BF₃,d
hsc-advanced_chemistry-12-85,SO₃²⁻ ཡི་མཉམ་སྦྲེལ་ཨེ་སིཌ་གང་ཡིན་ནམ།,H₂SO₃,H₂SO₄,HSO₄⁻,HSO₃⁻,d
hsc-advanced_chemistry-12-86,2 mol Al ཀེ་ཐོ་ཌེ་ལ་གཞི་བཙུགས་བྱེད་པར་གློག་གི་ཚད་གང་དགོས་དམ།,1.5 F,2.0 F,3.0 F,6.0 F,d
hsc-advanced_chemistry-12-87,CH₃-CH=C(CH₃)-CH₂OH ཡོ་ཆས་ཀྱི་ IUPAC མིང་གང་ཡིན་ནམ།,2-མེ་ཐིལ་བི་ཡུ་ཐན-2-ཨིན-1-ཨོལ།,2-མེ་ཐིལ་-2-བི་ཡུ་ཐིནོལ།,ཨེ་ལེན་ཨཱལ་ཀོ་ཧོལ།,མེ་ཐིལ་-2-བི་ཡུ་ཐིན-1-ཨོལ།,a
hsc-advanced_chemistry-12-88,0.5 M HNO₃ དྲོབ་སྦྱོར་གྱི་ཚད་ ppm ཡི་ཚོས་གང་ཡིན་ནམ།,15750,31500,63000,49000,b
hsc-advanced_chemistry-12-89,ཆུ་འཐུང་ཆུ་ནང་ WHO ཡི་ཆོག་མཆན་ཡོད་པའི་ COD ཡི་ཆེས་མཐོ་ཚད་གང་ཡིན་ནམ།,6 ppm,10 ppm,100 ppm,500 ppm,b
hsc-advanced_chemistry-12-90,གང་ཞིག་གི་གློག་རྩ་རིག་པའི་མཚུངས་ཚད་ཆེས་མཐོ་ཡིན་ནམ།,Zn,Cu,Fe,Ag,d
hsc-advanced_chemistry-12-91,གཤམ་གྱི་གང་ཞིག་སྤྱི་ཚད་ཨེ་སིཌ་ཡིན་ནམ།,HClO₄,HIO₄,H₃PO₄,HNO₃,a
hsc-advanced_chemistry-12-92,བི་ཡུ་ཐན-2-ཨིན་གྱིས་གང་ཞིག་སྟོན་པར་བྱེད་དམ།,ཊོ་ཊོ་མེ་རི་ཇིམ།,ལས་ཀྱི་རྩ་བ་མཚུངས་པ།,འོད་མཚུངས་པ།,རྣམ་གཞག་མཚུངས་པ།,d
hsc-advanced_chemistry-12-93,"Fe²⁺ + Sn⁴⁺ → Fe³⁺ + Sn²⁺
འགྱུར་བ་དེ་ནང་-
i. Fe²⁺ བཅུག་རྫས།
ii. Sn⁴⁺ བཅུག་རྫས་འགྱུར་བ།
iii. Sn²⁺ གློག་རྡུལ་བཏང་བ།
གཤམ་གྱི་གང་དོན་དུ་འཛིན་པར་བྱེད་དམ།",i དང་ ii,ii དང་ iii,i དང་ iii,"i, ii དང་ iii",a
hsc-advanced_chemistry-12-94,གང་ཞིག་ཆེས་དམའ་བའི་དྲོད་ཚད་ཡིན་ནམ།,0°C,25°C,273K,#NAME?,d
hsc-advanced_chemistry-12-95,0.5F = གང་ཙམ་ཀུ་ལོམ་བ།,"48,250 C","96,500 C","1,93,000 C","2,89,500 C",a
hsc-advanced_chemistry-12-96,"CH₃COOH(aq) + KOH(aq) → CH₃COOK(aq) + H₂O
འགྱུར་བ་དེ་ནང་ངོས་འཛིན་བྱེད་པ་གང་ཡིན་ནམ།",མེ་ཐིལ་ཨོ་རེན་ཇེ།,ཕེ་ནོལ་ཕྲེ་ཐེ་ལིན།,མེ་ཐིལ་རེཌ།,གང་རུང་ངོས་འཛིན་བྱེད་པ།,b
hsc-advanced_chemistry-12-97,ཀོལ་ཁང་ས་ཁུལ་གྱི་ཨེ་སིཌ་ཆུ་ཆར་གྱི་ pH ཚད་གང་ཡིན་ནམ།,5.6 - 3.5,6.5 - 4.5,6.6 - 3.8,5.6 - 4.7,a
hsc-advanced_chemistry-12-98,"FeSO₄ + KMnO₄ + H₂SO₄ → Fe₂(SO₄)₃ + K₂SO₄ + MnSO₄ + H₂O
འགྱུར་བ་དེ་ནང་བཅུག་རྫས་དང་སྐྱེད་རྫས་ཀྱི་མོ་ལེ་གྲངས་ཀྱི་ཚད་གང་ཡིན་ནམ།",5:02,1:05,5:01,2:05,c
hsc-advanced_chemistry-12-99,"1°, 2° དང་ 3° ཨཱལ་ཀོ་ཧོལ་གྱི་ཁྱད་པར་ངོས་འཛིན་བྱེད་པར་གང་ཞིག་བེད་སྤྱོད་བྱེད་དམ།",ཊོ་ལེན་བེད་སྤྱོད་བྱེད་པ།,གྲི་གྲི་ནར་ཌི་བེད་སྤྱོད་བྱེད་པ།,ལུ་ཀས་བེད་སྤྱོད་བྱེད་པ།,ཕེ་ལིང་བེད་སྤྱོད་བྱེད་པ།,c
hsc-advanced_chemistry-12-100,ཚད་མཚུངས་ 0.1 M NaOH དང་ 0.1 H₂SO₄ དྲོབ་སྦྱོར་གྱི་རང་བཞིན་གང་ཡིན་ནམ།,གནས་སྟངས་མེད་པ།,གཉིས་ཀྱི་རང་བཞིན།,སྤྱི་ཚད་ཨེ་སིཌ།,སྤྱི་ཚད་ཀྲུང་ཆུང་།,c
hsc-advanced_chemistry-12-101,གང་ཞིག་ལུའི་སི་ཀྲུང་གི་ཀྲུང་ཆུང་ཡིན་ནམ།,BF₃,AlCl₃,H₂O,FeCl₃,c
hsc-advanced_chemistry-12-102,"གློག་རྩ་རིག་པའི་ཀོ་ཤུ་ནང་-
i. ཀེ་ཐོ་ཌེ་ནས་ཨེ་ནོ་ཌེ་ལ་གློག་འཁོར་བ།
ii. གློག་ཤུགས་རྩ་རིག་པའི་ཤུགས་སུ་འགྱུར་བ།
iii. ཨེ་ནོ་ཌེ་ལ་སྐྱེད་རྫས་འགྱུར་བ།
གཤམ་གྱི་གང་དོན་དུ་འཛིན་པར་བྱེད་དམ།",i དང་ ii,ii དང་ iii,i དང་ iii,"i, ii དང་ iii",d
hsc-advanced_chemistry-12-103,"P + O₃ (CCl₄) → A (Zn/H₂O) → B + C
C-ཡོ་ཆས་ཀྱི་ཀར་བོན་གསུམ་ཡོད་པའི་ཀི་ཊོན།
P ཡོ་ཆས་གང་ཡིན་ནམ།",(CH₃)₂C=CH₂,CH₃-CH₂-CH=CH₂,CH₃-CH(CH₃)CH₃,CH₃-CH=CH-CH₃,a
hsc-advanced_chemistry-12-104,"P + O₃ (CCl₄) → A (Zn/H₂O) → B + C
C-ཡོ་ཆས་ཀྱི་ཀར་བོན་གསུམ་ཡོད་པའི་ཀི་ཊོན།
i. B དང་ C གཉིས་ 1° ཨཱལ་ཀོ་ཧོལ་ནས་བཟོ་ཐུབ།
ii. C-ཡོ་ཆས་ཕེ་ལིང་དྲོབ་སྦྱོར་དང་འགྱུར་བ་མེད།
iii. B དང་ C གཉིས་ཀར་བོན་ཡོ་ཆས་ཡིན།
གཤམ་གྱི་གང་དོན་དུ་འཛིན་པར་བྱེད་དམ།",i དང་ ii,ii དང་ iii,i དང་ iii,"i, ii དང་ iii",b
hsc-advanced_chemistry-12-105,0.98 M NaCO₃ དྲོབ་སྦྱོར་གྱི་ཚོས་གང་ཡིན་ནམ།,9.8,10.39,13.52,15.42,b
hsc-advanced_chemistry-12-106,གཤམ་གྱི་གང་ཞིག་ཧེ་ལོ་ཕོརམ་འགྱུར་བ་མེད་པ།,CH₃CHOHCH₃,CH₃CONH₂,CH₃CHO,CH₃COCH₃,b
hsc-advanced_chemistry-12-107,"RMgX + CO₂ → A (H⁺/H₂O) → B
B ཡོ་ཆས་གང་ཡིན་ནམ།",དང་པོའི་ཨཱལ་ཀོ་ཧོལ།,ཀི་ཊོན།,ཨེལ་ཌི་ཧའིཌི།,རྩ་རིག་པའི་ཨེ་སིཌ།,d
hsc-advanced_chemistry-12-108,གང་ཞིག་གི་དྲོད་ཚད་ནང་རླུང་གི་ཚུགས་ཀླད་ཀོར་ཡིན་ནམ།,0°C,25°C,273K,-273°C,d
hsc-advanced_chemistry-12-109,"5H₂C₂O₄ + 2KMnO₄ + 3H₂SO₄ → 10C₂ + 2MnSO₄ + 8H₂O + K₂SO₄
འགྱུར་བ་དེ་ནང་གློག་རྡུལ་གང་ཙམ་འགྲུབ་དམ།",2,5,6,10,d
hsc-advanced_chemistry-12-110,"5H₂C₂O₄ + 2KMnO₄ + 3H₂SO₄ → 10C₂ + 2MnSO₄ + 8H₂O + K₂SO₄
i. H₂SO₄ སྐྱེད་རྫས།
ii. KMnO₄ ནང་ Mn ཡི་སྐྱེད་གྲངས་ = +7
iii. H₂C₂O₄ བཅུག་རྫས།
གཤམ་གྱི་གང་དོན་དུ་འཛིན་པར་བྱེད་དམ།",i དང་ ii,i དང་ iii,ii དང་ iii,"i, ii དང་ iii",c
hsc-advanced_chemistry-12-111,WHO ཡི་ཆོག་མཆན་ཡོད་པའི་ COD ཡི་ཆེས་མཐོ་ཚད་གང་ཡིན་ནམ།,6 mg/L,6 g/L,10 mg/L,10 g/L,c
hsc-advanced_chemistry-12-112,"Fe²⁺ + Cr₂O₇²⁻ + H⁺ → 'A' + Cr²⁺ + H₂O
i. Cr₂O₇²⁻ བཅུག་རྫས་འགྱུར་བ།
ii. Fe²⁺ བཅུག་རྫས།
iii. Cr₂O₇²⁻ གློག་རྡུལ་ 5 ཐོབ་པ།
གཤམ་གྱི་གང་དོན་དུ་འཛིན་པར་བྱེད་དམ།",i དང་ ii,ii དང་ iii,i དང་ iii,"i, ii དང་ iii",a
hsc-advanced_chemistry-12-113,"Fe²⁺ + Cr₂O₇²⁻ + H⁺ → 'A' + Cr²⁺ + H₂O
10mL 0.05M སྐྱེད་རྫས་དྲོབ་སྦྱོར་བཅུག་རྫས་སུ་འགྱུར་བར་གང་ཙམ་ཌེ་སི་མོ་ལར་བཅུག་རྫས་དྲོབ་སྦྱོར་དགོས་དམ།",10mL,20mL,30mL,40mL,c
hsc-advanced_chemistry-12-114,"C₆H₅NH₂ + CHCl₃ + KOH → C₆H₅(NC) + KCl + H₂O
འགྱུར་བ་དེ་གང་ཡིན་ནམ།",ཀེ་ནི་ཛརོ་འགྱུར་བ།,ཀར་བིལ་ཨེ་མིན་བརྟག་དཔྱད།,ཀོབ་འགྱུར་བ།,ཕྲི་ཌེལ་-ཀྲཱཕྟ་འགྱུར་བ།,b
hsc-advanced_chemistry-12-115,"རླུང་གི་འཕར་བའི་མྱུར་ཚད་གང་ལ་རག་ལས་པ།
i. མོ་ལར་ཚད།
ii. དྲོད་ཚད།
iii. ཚད་གྲངས།
གཤམ་གྱི་གང་དོན་དུ་འཛིན་པར་བྱེད་དམ།",i དང་ ii,ii དང་ iii,i དང་ iii,"i, ii དང་ iii",d
hsc-advanced_chemistry-12-116,གཤམ་གྱི་གང་ཞིག་ནུ་ཀླི་ཨོ་ཕིལ་འགྱུར་བ་འགྲུབ་པ།,CH₂=CH₂,CH≡CH,CH₃COOH,CH₃CHO,d
hsc-advanced_chemistry-12-117,"ཨེལ་ཌི་ཧའིཌི་དང་ཀི་ཊོན་གྱི་ཁྱད་པར་ངོས་འཛིན་བྱེད་པར་གང་ཞིག་བེད་སྤྱོད་བྱེད་དམ།
i. ཊོ་ལེན་བེད་སྤྱོད་བྱེད་པ།
ii. 2 : 4 - DNPH
iii. ཕེ་ལིང་དྲོབ་སྦྱོར།
གཤམ་གྱི་གང་དོན་དུ་འཛིན་པར་བྱེད་དམ།",i དང་ ii,ii དང་ iii,i དང་ iii,"i, ii དང་ iii",c
hsc-advanced_chemistry-12-118,Zn/Zn²⁺ (E° = 0.76V) ཨེ་ནོ་ཌེ་ཡིན་ན་གཤམ་གྱི་གང་ཞིག་ཀེ་ཐོ་ཌེ་ལྟར་བེད་སྤྱོད་བྱེད་ཐུབ་དམ།,Co/Co²⁺ (E° = +0.28V),Mg/Mg²⁺ (E° = +2.36V),Ca/Ca²⁺ (E° = +2.87V),Al/Al³⁺ (E° = +1.66V),a
hsc-advanced_chemistry-12-119,"གློག་དབྱིབས་ཀྱི་ཤུགས་དབྱིབས་གང་ལ་རག་ལས་པ།
i. ལྕགས་རྫས་ཀྱི་རང་བཞིན།
ii. གློག་བཙོ་བཤོར་གྱི་ཚད་གྲངས།
iii. དྲོབ་སྦྱོར་གྱི་དྲོད་ཚད།
གཤམ་གྱི་གང་དོན་དུ་འཛི",,,,,
hsc-advanced_chemistry-12-120,500 mL 0.05M H₂SO₄ འདི་ཡི་མང་ཚད ppm ཡང་གིས་གང་ཡིན་ནམ།,2450 ppm,2450000 ppm,490000 ppm,4900 ppm,D
hsc-advanced_chemistry-12-121,22g CO₂ གི་རྩ་སྲིད་སྦྲེལ་བའི་གོ་སྐབས་ལོགས་སྦྱོར་བྱེད་པ་གང་ཡིན།,2PV = RT,PV = 2RT,PV = 22RT,PV = RT,A
hsc-advanced_chemistry-12-122,གང་ཡིན་འདི་མཐར་སྦྲེལ་བའི་རྩ་སྲིད་སྦྲེལ་བ།,གསར་བཟོས་པའི་ཆུ,CH₃COOH,སུཀ་རོཛ།,H₂SO₄ འདི་ཡི་བཟོ་དཔོན་སྦྱོར་པ།,D
hsc-advanced_chemistry-12-123,མི་ཐག་གཡོ་སྟོན་འདི་ཡི་སྡུད་ཚད་གང་ཡིན།,3.1-4.4,4.2-6.3,6.0-8.0,8.2-9.8,A
hsc-advanced_chemistry-12-124,1 མོལ་ཨི་ལེཀ་ཊྲོན་གི་ཡིག་མཛོད་གང་ཡིན།,1.602 × 10⁻¹⁹ ཀུ་ལོམབྷ།,1.602 × 10⁻¹⁹ × 6.022 × 10²³ ཀུ་ལོམབྷ།,6.022 × 10²³ ཀུ་ལོམབྷ།,196500 ཀུ་ལོམབྷ།,B
hsc-advanced_chemistry-12-125,25°C གི་དྲོད་ཚད་ལུ་ 14g N₂ གི་གཏི་མུག་གང་ཡིན།,1.8588 J,18.588 J,185.88 J,1858.8 J,D
hsc-advanced_chemistry-12-126,H₂CO₃ + H₂O ⇌ HCO₃⁻ + H₃O⁺; འདི་ཡི་འགྲེལ་བཤད་གང་ཡིན།,H₂CO₃ གི་འགྲེལ་བཤད་དངོས་ཆུང་ HCO₃⁺,H₂O གི་འགྲེལ་བཤད་དངོས་ཆུང་ H₃O⁺,H₂CO₃ གི་འགྲེལ་བཤད་དངོས་ཆུང་ HCO₃⁻,H₂O ཡི་བཀའ་བསྒྲུབ་སྦྱོར་བྱེད་པ།,A
hsc-advanced_chemistry-12-127,1 atm = ག་དེ་ཅིག་ལུ་ པ་སག་ལཱལ་ཟེར་ཨིན་ན?,1.01325\times 10^{-2} Pa,1.01325\times 10^{-5} Pa,1.01325\times 10^{-5} Pa,1.01325\times 10^{-5} Pa,c
hsc-advanced_chemistry-12-128,བེན་ཇིན་འདི་ COOCH_{3} ཟེར་མི་གི་མིང་དང་འབྲེལ་ཏེ་ཨིན།,,,,,
hsc-advanced_chemistry-12-129,གཞི་རྟེན་གནས་ཚད་ཀྱི་ རྒྱུ་རྫས་འདི་ག་ཅི་ཨིན་ན?,Na_2CO_{3},Na_2S_2O_{3},H_{2}SO_{4},KMnO_{4},a
hsc-advanced_chemistry-12-130,ཧཱུྃ་ཧྲཱིཿནང་ལུ་ ཕྲ་རིང་འདི་ ག་བཟུམ་ཅིག་ཡོདཔ་སྨོ?,HClO,HClO_2,HClO_{3},HClO_{4},d
hsc-advanced_chemistry-12-131,CH_{3}CH_{2}CH_{2}Br + KOH (alc) \xrightarrow{\Delta} 'A' + KBr + H_{2}O,i. སྟབས་མ་བདེཝ་ཡོད་པའི་ ཨལ་ཁེ་ནིན་,ii གིས་ ཚད་རིས་ཀྱི་དབྱིབས་ཚུ་ སྟོན་འབདཝ་ཨིན།,iii གིས་ གྲོས་ཆོད་ལུ་ ཚོས་གཞི་མེདཔ་བཟོ་ནུག,"i, ii, iii",c
hsc-advanced_chemistry-12-132,Ag གི་གློག་རག་བཟོ་སྦྱོར་འདི་,1.01118\times 10^{-3}gC^{-1},1.118\times 10^{-3}gC^{-1},0.10118\times 10^{-3}gC^{-1},0.010118\times 10^{-3}gC^{-1},b
hsc-advanced_chemistry-12-133,3H_{2}S + 2HNO_{3} \rightarrow 2NO + 3S + 4H_{2}O གི་གནས་སྟངས་ནང་ལུ་ H_{2}S གི་འགན་ཁུར་འདི་ག་ཅི་ཡོདཔ་ཨིན་ན?,Jark,Bjark,Titrate,Titrant,b
hsc-advanced_chemistry-12-134,གློག་རིག་གི་དབྱེ་ཞིབ་ནང་ ག་འདི་ཧེ་མ་གློག་བཏོན་འབད་ནི་ཨིན་ན?,Cu^{2+},H^+,Pb^{2+},Na^+,a
hsc-advanced_chemistry-12-135,མེ་རླུང་རྒྱ་རྫི་ ༡ གི་ཤུགས་ཚད་འདི་ཨིན།,,,,,
hsc-advanced_chemistry-12-136,Zn གི་ཨོ་ཟི་ནའི་ནུས་པ་ག་དེམ་ཅིག་ཡོདཔ་སྨོ?,-0.76V,#ERROR!,-0.34V,#ERROR!,b
hsc-advanced_chemistry-12-137,NO_2^- ཨའི་ཨོནསི་གི་བར་ནང་ཚུད་མི་ ཨེསི་ཌི་འདི་,HNO_{3},HNO_2,HN{O_2}^-,N{O_{3}}^-,b
hsc-advanced_chemistry-12-138,མདངས་མེད་རླུང་གི་རྩིས་གཞི་འདི་ག་ཅི་ཡོདཔ་སྨོ?,PV = nRT,PV = \frac{1}{3}mNC^2,PV = T,P_1V_1 = P_2V_2,a
hsc-advanced_chemistry-12-139,སེམ་མོ་ལ་རྦ་ག་འདི་ག་ཅི་ཨིན་ན?,0.1M,0.05M,0.01M,0.5M,d
hsc-advanced_chemistry-12-140,འདི་ཡང་ Semi-conductor ཅིག་སྦེ་ལག་ལེན་འཐབ་ཡོདཔ་ཨིན།,,,,,
hsc-advanced_chemistry-12-142,AgNO_{3}འ་དྲོ་འདི་ ཀ་ཐོཌ་ནང་ལུ་ ༡་མོ་ལཱི་ Agབཙུག་ནིའི་དོན་ལུ་ Farad ག་དེ་ཅིག་ལུ་གློག་ཤུགས་བཏོན་དགོཔ་ཨིན་ན?,1F,2F,3F,4F,a
hsc-advanced_chemistry-12-143,Fe^{2+} + Sn^{4+} \rightleftharpoons Fe^{3+} + Sn^{2+}; འདི་གིས་ i. Fe^{2+}འདི་ བརླག་སོང་ཡོདཔ་ཨིན། ༢། Sn^{2+}འདི་ སྦྲེལ་རྟགས་ཨིན། གསུམ་པ་ Fe^{3+} གིས་གློག་རྡུལ་གཅིག་ལེན་ནུག,iདང་ ii,iiདང་ iii,iདང་ iii,"i, ii, iii",a
hsc-advanced_chemistry-12-144,alkyne གྱི་ སྤྱིར་བཏང་བརྡ་སྟོན་འདི་ག་ཅི་ཨིན་ན?,C_nH_{2n+2},C_nH_{2n+1},C_nH_{2n},C_nH_{2n-2},c
hsc-advanced_chemistry-12-145,ས་ཊི་པི་གི་གནས་ཚད་དེ་ ཀེལ་ཝཱིན་ག་དེ་ཅིག་ཡོདཔ་ཨིན་ན?,༢༧༣,༢༧༨,༢༩༣,༢༩༨,d
hsc-advanced_chemistry-12-146,KMnO_{4}ལུ་ Mn གི་ཨོ་ཟི་ནའི་གནས་གོང་ག་དེམ་ཅིག་ཡོདཔ་ཨིན་ན?,\text{+ 7},\text{+ 5},\text{+ 6},\text{+ 7},d
hsc-advanced_chemistry-12-147,ཆུ་ཚོད་༥༠ གི་རིང་ལུ་ ལྕགས་ཀྱི་སེལཔ་ནང་ གློག་ཤུགས་མེ་ག་ཝཱཊ་༥༠༠ བཙུགས་པ་ཅིན་ ལྕགས་ཀྱི་སེལཔ་ག་དེམ་ཅིག་ འཐོབ་ཚུགས་ནི་ཨིན་ན?,0.29 g,0.39 g,0.49 g,0.59 g,c
hsc-advanced_chemistry-12-148,glyceraldehydeནང་ལུ་ ཀའི་རཱལ་ཨེན་ག་ཚོད་ཡོདཔ་ཨིན་ན?,གཅིག་,གཉིས་,གསུམ་,བཞི་,
hsc-advanced_chemistry-12-149,གཞི་རྟེན་གནས་ཚད་ཀྱི་ རྒྱུ་རྫས་འདི་ག་ཅི་ཨིན་ན?,KMnO_{4},K_{2}Cr_{2}O_{7},NaOH,H_{2}SO_{4},b
hsc-advanced_chemistry-12-150,བརྡ་འཕྲུལ་དབྱེ་རིམ་ནང་དུ་ག་ཚོད་ཨེ་ལི་ངོས་སུ་རྟགས་འབེབ་དགོས་པ་ཡིན་ནའི་ཨེ་ལི་ངོས་སྡུད་འདི་ཡིན་ནམ།?,3 mol,4.5 mol,6 mol,1.5 mol,c
hsc-advanced_chemistry-12-151,ག་གིས་ཀ་རྦོན-ཀ་རྦོན་གཅིག་གི་ཚིག་མཛོད་ཡོད་མི་ཡིན་ནམ།?,C₂H₄,C₂H₂,C₂H₆,C₆H₆,c
hsc-advanced_chemistry-12-152,ག་གིས་ལྷག་ཏུ་ནུས་པ་ཅན་གྱི་སྐྱོན་ཡོད་མི་ཡིན་ནམ།?,NaOH,KOH,Ca(OH)₂,NH₄OH,b
hsc-advanced_chemistry-12-153,བརྡ་འཕྲུལ་དབྱེ་རིམ་ཀྱི་དུས་སྐབས་དཀར་སྦུབ་དུ་ག་གིས་བྱུང་ཡོད་མི་ཡིན་ནམ།?,འབར་བ།,མི་འབར་བ།,གནོན་སྒྲིག་བྱེད་པ།,གནོན་སྒྲིག་འགོད་པ།,c
hsc-advanced_chemistry-12-154,H₂SO₄ དང་མཉམ་ H⁺ ཨའི་ཡོན་གྱི་གོ་སྒྲིག་ལེབ་ག་གི་ཡིན་ནམ།?,1M,2M,0.5M,0.1M,b
hsc-advanced_chemistry-12-155,ཆུ་དུས་ཚོད་ག་ཚོད་ཡིན་ནའི་གོ་བྱོད་གཅིག་ཡོད་མི་ཡིན་ནམ།?,0°C,4°C,25°C,100°C,b
hsc-advanced_chemistry-12-156,ག་གིས་ཨ་སི་ཏིཀ་ ཨེསིཌ་ཡིན་ནམ།?,CH₃COOH,C₂H₅OH,HCOOH,C₆H₆,a
hsc-advanced_chemistry-12-157,Na₂CO₃ + HCl → ?,NaCl + CO₂ + H₂O,NaHCO₃,NaOH + CO₂,H₂O + CO₂,a
hsc-advanced_chemistry-12-158,ག་གིས་པོ་རེ་མེ་རི་ཡིན་ནམ།?,CH₃OH,CH₃CH₂OH,CH₃CH(OH)CH₃,CH₃CH₂CH₂OH,b
hsc-advanced_chemistry-12-159,ག་གིས་ཧར་ཊེ་ཨེལ་སྒྲིག་འདུག་མི་ཡིན་ནམ།?,Na,K,Ca,Li,b
hsc-advanced_chemistry-12-160,H₂ + Cl₂ → 2HCl གི་ཚོད་ལྟ་གཏོང་བ་ག་གི་རྣམ་གྲངས་རེད།?,མི་འབར་བ།,འབར་བ།,གཉིས་ཀར་ཡོད་མི།,ཨེསིཌ-ཨེཆའི་ཚོད་ལྟ།,c
hsc-advanced_chemistry-12-161,SO₂ ག་གིས་ཨོཀ་སའིཌ་དབྱེ་རིམ་གཏོང་བ་ཡིན་ནམ།?,ཨེསིཌིཀ་,བེསིཌིཀ་,ཨེམཕོ་ཊེ་རིཀ་,མངོན་བཀོད་,a
hsc-advanced_chemistry-12-162,ག་གིས་ཕར་ཌེ་སྒྲིག་འདུག་མི་ཡིན་ནམ།?,V = IR,PV = nRT,W = ZIt,Q = mcΔT,c
hsc-advanced_chemistry-12-163,ག་གིས་ལྷག་ཏུ་རྨད་བཅའ་མེད་པ་ཡིན་ནམ།?,CH₄,CH₃Cl,C₂H₆,CH₃OH,a
hsc-advanced_chemistry-12-164,ནཱའི་ཏེར་ཇེན་གི་འབར་བ་རྒྱུ་ཆ་ཡིན་ནམ། NH₄⁺?,-3,-1,3,1,a
hsc-advanced_chemistry-12-165,NaHCO₃ + HCl → ?,NaCl + CO₂ + H₂O,NaOH,Na₂CO₃,NaCl + H₂O,a
hsc-advanced_chemistry-12-166,ག་གིས་རེདོཀསི་ཚོད་ལྟ་ཡིན་ནམ།?,NaCl → Na⁺ + Cl⁻,Zn + 2HCl → ZnCl₂ + H₂,HCl + NaOH → NaCl + H₂O,AgNO₃ + NaCl → AgCl + NaNO₃,b
hsc-advanced_chemistry-12-167,1 mol ཨའི་ཡོན་ག་ཚོད་ལི་ཊར་མི་ཡིན་ནམ།?,11.2 L,22.4 L,33.6 L,21.4 L,b
hsc-advanced_chemistry-12-168,CH_3-C\equiv C-H + H_{2} \frac{Pb-BaSO_{4}}{ }\rightarrow A; A ཡྱི་ཅརྦྱིགས,CH_3-CH_{2}-CH_3,CH_3-CH=CH_W,CH_3-CH_{2}-COOH,CH_3-CH(OH)-CH_3,B
hsc-advanced_chemistry-12-169,0.5 HNO₃ ཡི་ཚད་ ppm ཡི་ཚོས་གང་ཡིན་ནམ།,31500,41500,53500,63500,a
hsc-advanced_chemistry-12-170,"Na₂S₂O₃ + I₂ → ཐོན་རྫས།
འགྱུར་བ་དེ་ནང་-
Na₂S₂O₃ སྐྱེད་རྫས།
I₂ བཅུག་རྫས་འགྱུར་བ།
ཨའི་ཡོ་ཌིན་གྱི་སྐྱེད་གྲངས་ཀྱི་འཕར་བ།
S ཡི་སྐྱེད་གྲངས་ཀྱི་ཆུང་བ།",Na₂S₂O₃ སྐྱེད་རྫས།,I₂ བཅུག་རྫས་འགྱུར་བ།,ཨའི་ཡོ་ཌིན་གྱི་སྐྱེད་གྲངས་འཕར་བ།,S ཡི་སྐྱེད་གྲངས་ཆུང་བ།,b
hsc-advanced_chemistry-12-171,12% (w/v) Na₂CO₃ དྲོབ་སྦྱོར་གྱི་ཚད་མོ་ལར་ཡི་ཚོས་གང་ཡིན་ནམ།,1.13,1.31,0.11,1.2,a
hsc-advanced_chemistry-12-172,པར་ཀློ་རིཀ་ཨེ་སིཌ་ཡི་སྦྱོར་ཆ་གཙོ་བོའི་སྐྱེད་གྲངས་གང་ཡིན་ནམ།,1,3,5,7,d
hsc-advanced_chemistry-12-173,དང་པོའི་ཨེ་མིན་ངོས་འཛིན་བྱེད་པར་གང་ཞིག་བེད་སྤྱོད་བྱེད་དམ།,CHCl₃ + KOH,Br₂ + KOH,Cu(OH)₂ + NaOH,KMnO₄ + KOH,a
hsc-advanced_chemistry-12-174,སུ་ཀྲོས་ཀྱི་དྲོབ་སྦྱོར་གང་ཡིན་ནམ།,གློག་བཙོ་བཤོར་ཡིན།,གློག་བཙོ་བཤོར་མིན།,གློག་རྡུལ་འགྲུབ་པ།,ལྕགས་མིན་འགྲུབ་པ།,b
hsc-advanced_chemistry-12-175,གང་ཞིག་གི་གློག་རྩ་རིག་པའི་མཚུངས་ཚད་ཆེས་མཐོ་ཡིན་ནམ།,Cu,Ag,Zn,Fe,b
hsc-advanced_chemistry-12-176,གང་ཞིག་ཊོ་ཊོ་མེ་རི་ཇིམ་སྟོན་པར་བྱེད་དམ།,བི་ཡུ་ཐན-2-ཨིན།,ཌའི་ཨེ་ཐེནོལ་ཨེ་ཐར།,པྲོ་པེ་ནོན།,ཨེ་ཐེནོལ།,c
hsc-advanced_chemistry-12-177,གང་ཞིག་ཧེ་ཀེལ་གྲངས་མིན་ནམ།,2,4,6,10,b
hsc-advanced_chemistry-12-178,"ཚད་ལྡན་རླུང་གི་མཚོན་རྟགས་-
i. PV = nRT
ii. (du/dv)T = 0
iii. STP དུ་མོ་ལར་ཚུགས་ 22.414L
གཤམ་གྱི་གང་དོན་དུ་འཛིན་པར་བྱེད་དམ།",i དང་ ii,i དང་ iii,ii དང་ iii,"i, ii དང་ iii",d
hsc-advanced_chemistry-12-179,"ཨེ་ཐིན་དང་ཨེ་ཐའིན་གྱི་ཁྱད་པར་ངོས་འཛིན་བྱེད་པར་གང་ཞིག་བེད་སྤྱོད་བྱེད་དམ།
i. [Ag(NH₃)₂]NO₃
ii. [Cu(NH₃)₂]Cl
iii. Br₂ + CCl₄
གཤམ་གྱི་གང་དོན་དུ་འཛིན་པར་བྱེད་དམ།",i དང་ ii,i དང་ iii,ii དང་ iii,"i, ii དང་ iii",d
hsc-advanced_chemistry-12-180,གང་ཞིག་ཀེ་ཐོ་ཌེ་ལ་ཐོག་མར་གློག་རྡུལ་སྤང་བར་བྱེད་དམ།,Ni²⁺,Cu²⁺,Zn²⁺,Na⁺,b
hsc-advanced_chemistry-12-181,AgNO₃ དྲོབ་སྦྱོར་ནང་ 3000C གློག་དྲོད་འཁོར་ན་ཀེ་ཐོ་ཌེ་ལ་གང་ཙམ་ Ag གཞི་བཙུགས་བྱེད་དམ། [Ag = 108],3.3575,2.3575,0.3357,0.2357,a
hsc-advanced_chemistry-12-182,རྩ་རིག་པའི་ཡོ་ཆས་ཀྱི་ཀར་བོན་གྲངས་ཆུང་བར་བྱེད་པའི་ཐབས་ལམ་གང་ཡིན་ནམ།,ཝོར་ཊི་འགྱུར་བ།,ཀར་བིལ་ཨེ་མིན་འགྱུར་བ།,ཌི་ཀར་བོན་འགྱུར་བ།,ཝི་ལི་ཡམ་སན་འགྱུར་བ།,c
hsc-advanced_chemistry-12-183,གང་ཞིག་དོན་ལྡན་ཡིན་ནམ།,E°{ཀོ་ཤུ} = E°{ཨེ་ནོ་ཌེ (སྐྱེད་རྫས)} + E°_{ཀེ་ཐོ་ཌེ (སྐྱེད་རྫས)},E°{ཀོ་ཤུ} = E°{ཨེ་ནོ་ཌེ (སྐྱེད་རྫས)} - E°_{ཀེ་ཐོ་ཌེ (བཅུག་རྫས)},E°{ཀོ་ཤུ} = E°{ཨེ་ནོ་ཌེ (སྐྱེད་རྫས)} + E°_{ཀེ་ཐོ་ཌེ (བཅུག་རྫས)},E°{ཀོ་ཤུ} = E°{ཨེ་ནོ་ཌེ (སྐྱེད་རྫས)} - E°_{ཀེ་ཐོ་ཌེ (བཅུག་རྫས)},c
hsc-advanced_chemistry-12-184,"ཨེལ་ཌི་ཧའིཌི་ + ཕེ་ལིང་དྲོབ་སྦྱོར་ => དམར་པོའི་གཏིང་ཕབ།
འགྱུར་བ་དེ་གང་ཡིན་ནམ།",བརྗེ་རེས་འགྱུར་བ།,སྦྱོར་བའི་འགྱུར་བ།,སྐྱེད་རྫས་-བཅུག་རྫས་འགྱུར་བ།,སྤང་བའི་འགྱུར་བ།,c
hsc-advanced_chemistry-12-185,གཏིང་ཕབ་ AlCl₃ ནང་གང་ཙམ་ཕེ་ར་ཌི་གློག་དྲོད་འཁོར་ན་ཀེ་ཐོ་ཌེ་ལ་ 54 གྲམ་ Al གཞི་བཙུགས་བྱེད་དམ།,1,3,6,9,c
hsc-advanced_chemistry-12-186,"འགྲུབ་པའི་ཡན་ལག་-
i. mho
ii. ohm⁻¹
iii. Siemens
གཤམ་གྱི་གང་དོན་དུ་འཛིན་པར་བྱེད་དམ།",i དང་ ii,i དང་ iii,ii དང་ iii,"i, ii དང་ iii",d
hsc-advanced_chemistry-12-187,རླུང་གི་དྲོད་ཚད་དང་ཤུགས་དབྱིབས་གཉིས་གུ་བྱས་ན་ཚུགས་ཀྱི་གནས་སྟངས་གང་འགྱུར་དམ།,གཉིས་གུ་འགྱུར།,གནས་སྟངས་མི་འགྱུར།,བཞི་གུ་འགྱུར།,ཕྱེད་ཀ་འགྱུར།,b
hsc-advanced_chemistry-12-188,གང་ཞིག་གི་ཡོ་ཆས་ནང་ནའི་ཏྲོ་ཇེན་ཆེས་མཐོ་བའི་སྐྱེད་གྲངས་ཡིན་ནམ།,NH₂OH,N₂H₄,NH₃,N₃H,d
hsc-advanced_chemistry-12-189,"Ag⁺/Ag དང་ Au³⁺/Au ཆུ་ཚད་གཉིས་ཀྱི་ཚད་ལྡན་བཅུག་རྫས་ཤུགས་དབྱིབས་ +0.80V དང་ +1.56V ཡིན།
ཆུ་ཚད་གཉིས་ཀྱིས་བཟོས་པའི་ཀོ་ཤུ་ཡི་ཤུགས་དབྱིབས་གང་ཡིན་ནམ།",#ERROR!,-0.76V,#ERROR!,-2.36V,a
hsc-advanced_chemistry-12-190,རྩ་རིག་པའི་དང་མིན་པའི་དྲོ་བ་སྤྱི་ཚད་ཨེ་སིཌ་འགྱུར་བར་ O₂ ཡི་ཚད་ངོས་འཛིན་བྱེད་པ།,pH,DO,COD,BOD,c
hsc-advanced_chemistry-12-191,"3H₂S + 2HNO₃ → 2NO + 3S + 4H₂O
འགྱུར་བ་དེ་ནང་ H₂S ཡི་ལས་ཀ་གང་ཡིན་ནམ།",ཊི་ཊྲེན་ཊི།,ཊི་ཊྲེ་ཊི།,སྐྱེད་རྫས།,བཅུག་རྫས།,d
hsc-advanced_chemistry-12-191,3H_{2}S + 2HNO_{3} → 2NO + 3S + 4H_{2}O འགྱུར་རྫས་ནང་ H_{2}S གི་ལས་རྩེད་ག་རེ་ཡིན།,ཊའིཊྲནཊ྄།,ཊའིཊྲེཊ྄།,ཛརཀ྄།,བིཛརཀ྄།,d
hsc-advanced_chemistry-12-192,"180°C དྲོད་ཚད་དང་ 0.8 atm ཁྲོད་གནས་པའི་གེས་རྫས་ཀྱི་སྟུག་པ། 2.25 g/L, དེའི་རྩ་རྫས་ཀྱི་ལྗིད་ཚད་ག་རེ་ཡིན།",67.11 g/mol,36.24 g/mol,24.36 g/mol,23.63 g/mol,a
hsc-advanced_chemistry-12-193,གློག་དང་འབྲེལ་བའི་འགྱུར་རྫས་ནང་ ག་གི་རྫས་སྣ་མང་ཤུགས་ཅན་ཡིན།,པེནཏིན།,པེནཏནིཡལ།,བིཡུཏནོལ།,བིཡུཏིན།,d
hsc-advanced_chemistry-12-194,སེམི་ཀོནྡཀྟར་རྫས་སུ་སྤྱོད་པ།,Ge,Zn,Cu,Al,a
hsc-advanced_chemistry-12-195,"Fe^{2+} + MnO_{4}^{-} + H^{+} → Fe^{3+} + Mn^{2+} + H_{2}O; འདིའི་འགྱུར་རྫས་ནང་:
i. Fe^{2+} ཇརཀ྄་ཡིན།
ii. MnO_{4}^{-} ཀྱི་ Mn^{7+} བིཛརཀ྄་ཡིན།
iii. གློག་རྡུལ་5 ལེན་པ།",i དང་ ii,i དང་ iii,ii དང་ iii,"i, ii དང་ iii",c
hsc-advanced_chemistry-12-196,ཀརྦནིན་གྱི་བརྟན་ཚད་ཀྱི་རིམ་པ།,3° > 2° > 1°,1° > 2° > 3°,1° > 3° > 2°,2° > 1° > 3°,b
hsc-advanced_chemistry-12-197,ག་པ་ཞིག་མཁྲིས་པའི་ཨེསིཌ་ཡིན།,HNO_{3},HNO_{2},H_{2}SO_{4},H_{2}SO_{3},c
hsc-advanced_chemistry-12-198,ཨོཀྵིཇེན་གྱི་རྩ་རྫས་ཀྱི་ལྗིད་ཚད་ག་རེ་ཡིན།,2.66 × 10^{-23}g,3.76 × 10^{-23}g,1.33 × 10^{-22}g,1.88 × 10^{-22}g,a
hsc-advanced_chemistry-12-199,འོད་སྟོང་གི་ཨོཀྵིཌེཤན་ཕྱོགས་ཀྱི་ཁྲོད་ག་པ་ཞིག་སྟོན།,Zn^{2+}/Zn,Zn/Zn^{2+},Cu^{2+}/Cu,"H^{+}/H_{2}, Pt",b
hsc-advanced_chemistry-12-200,ག་པའི་རྫས་སྣ་ནང་ ‘ནའིཊྲལ’ གི་ལས་རྩེད་མཆིས།,CH_{3}NH_{2},CCl_{3}NO_{2},CH_{3}CN,NH_{4}CNO,c
hsc-advanced_chemistry-12-201,ཁྲོལ་བྱས་ཀྱི་མོལ་རྒྱུད་ཀྱི་ཚད་གཞི་ག་རེ་ཡིན།,g/L,mol/L,mol/kg,N/V,b
hsc-advanced_chemistry-12-202,ཀརྦིལ་ཨམིན་ཚོད་ལྟ་ཐོག་ག་པ་ཞིག་ངོས་འཛིན་བྱེད།,ཀློརོཕོརམ།,སེཀེནཌ་རི་ཨམིན།,ཊར་སི་ཡ་རི་ཨམིན།,ནའིཊྲོབེནཛིན།,a
hsc-advanced_chemistry-12-203,"(i) NH_{3} + HCO_{3}^{-} ⇌ NH_{4}^{+} + CO_{3}^{2-}
(ii) HCO_{3}^{-} + H_{2}O ⇌ H_{2}CO_{3} + OH^{-}
ག་པ་ཞིག་ཟུང་འགྱུར་རྫས་སུ་བརྩི།",NH_{3},H_{2}O,CO_{3}^{2-},HCO_{3}^{-},d
hsc-advanced_chemistry-12-204,"(i) དང་ (ii) འགྱུར་རྫས་ཀྱི་ཁྱད་པར།
i. ཆུ་ཁྲོལ།
ii. pH
iii. H^{+}",i,ii,iii,"i, ii དང་ iii",c
hsc-advanced_chemistry-12-205,ག་པའི་གེས་རྫས་ཀྱི་དབྱིངས་འཕེལ་མགྱོགས་ཚད་མཐོ་ཤོས་ཡིན།,NH_{3},CH_{4},SO_{2},CO_{2},b
hsc-advanced_chemistry-12-206,ཨེནཐྲསིན་རྩ་རྫས་ནང་ π (པའི) གློག་རྡུལ་གྱི་གྲངས་ཀ་ག་རེ་ཡིན།,6,10,14,16,c
hsc-advanced_chemistry-12-207,"མོལར་ཁྲོལ་གྱི་ཆ་རྐྱེན།
i. ཚད་ལྡན་ཁྲོལ་ཡིན།
ii. 1M སྟུག་པ།
iii. 1L ཁྲོལ་ནང་ 0.1 མོལ་རྫས་ཡོད།",i དང་ ii,i དང་ iii,ii དང་ iii,"i, ii དང་ iii",a
hsc-advanced_chemistry-12-208,AgNO_{3} ཁྲོལ་ནང་ 1.2 amp གློག་ཐེབས་ན་ 1.61 g Ag ག་ཚོད་དུས་ཡོད།,40 min,30 min,25 min,20 min,d
hsc-advanced_chemistry-12-209,གཏན་ཁྲོད་གེས་རྫས་ཀྱི་མགྱོགས་ཚད་དང་སྟུག་པའི་འབྲེལ་བ།,མཚུངས་ཚད།,ལོག་ཚད།,མཚུངས་ཚད་གྲུབ་ཚད།,ལོག་ཚད་རྩ་འབྱེད།,d