identity,question,a,b,c,d,correct_ answer
hsc-advanced_math-12-1,མདའ་གཞུ་འདི་ གྱང་གི་ནང་ན་ ཨེན་ཊི་༣་འཛུལ་བའི་ཤུལ་ལས་ མདའ་གཞུ་གི་ཤུགས་ཕྱེད་ཀ་ཡལ་འགྱོ་འོང་། ཚ་གྱང་འདི་ནང་ལུ་ མདའ་གཞུ་འདི་ ག་དེ་ཅིག་མགྱོགས་མགྱོགས་སྦེ་འགྱོ་ཚུགས་ག?,\frac{1}{2}ལུ་ བསྒྱུར་བཅོས་འབདཝ་ཨིན།,\frac{1}{3}ལུ་ བསྒྱུར་བཅོས་འབདཝ་ཨིན།,\frac{2}{3} འདི་ཡང་ ཌའི་ལོག་གི་ཨང་གྲངས་ཨིན།,1,d
hsc-advanced_math-12-2,\sqrt[4]{- 49}གི་གནས་གོང་འདི་ག་དེམ་ཅིག་ཡོདཔ་ཨིན་ན?,\pm \sqrt{7}i འདི་ཡང་ ཌའི་ལོག་ནང་ལུ་ཨིན་,\pm \sqrt{\frac{7}{2}} (1 \pm i) འདི་ཡང་ ཌའི་ལོག་གི་ཨང་གྲངས་ཨིན།,\pm \frac{7}{2} (\pm i) འདི་ཡང་ སྦ་སྒོར་འདི་ནང་ལུ་,\frac{7}{\sqrt{2}} (1 \pm 2i) འདི་ སྦྲེལ་རྟགས་ཨིན་,b
hsc-advanced_math-12-3,3x^{3} - 1 = 0 ཨིནམ་དང་ འདི་ཡང་ ཕྱོགས་མཚུངས་ཀྱི་རྩ་བ་ \alpha^{3} + \beta^{3} + \gamma^{3} = ?,-1,0,\frac{1}{3}ལུ་ བསྒྱུར་བཅོས་འབདཝ་ཨིན།,1,d
hsc-advanced_math-12-4,ཌི་བི་ཨེམ་ཨའེ་ཊི་གི་གཞི་རྩ་ \frac{1}{2 + i}ཡོད་པ་ཅིན་,9x^{2} - 12x + 5 = 0 ཨིན་པས།,5x^{2} - 4x + 1 འདི་ ༠ ཨིན་པས།,5x^{2} + 14x + 1 འདི་ ༠ ཨིན།,25x^{2} - 20x + 3 འདི་ ༠ ཨིན།,b
hsc-advanced_math-12-6,i. \alpha + \beta = p,"- 1, 5","1, 5","- 2, - 2","- 3, 1",a
hsc-advanced_math-12-7,ii. \alpha\beta = pq,i དང་ ii,ii དང་ iii,i དང་ iii,"i, ii དང་ iii ཚུ་ཨིན།",d
hsc-advanced_math-12-8,iii. \frac{1}{\alpha} + \frac{1}{\beta} = \frac{1}{q},"\left (\frac{9}{4}, -1 \right) དེ་ ཨང་དང་པམ་དེ་ཨིན།","\left (\frac{9}{4}, -2 \right) དེ་ ཨེ་རེ་ཨིན་ཌི་ཨིན་ཨིན་ཨིན་ཨིན་ཨིན་ཨིན་ཨིན་ཨིན་ཨིན་ཨིན་ཨིན་ཨིན་ཨིན་ཨིན་ཨིན་ཨིན་ཨིན་ཨིན་ཨིན་ཨིན་ཨིན་ཨིན་ཨིན་ཨིན་ཨིན་ཨིན་ཨིན་ཨིན་ཨིན་ཨིན་ཨིན་ཨིན་ཨིན་ཨིན་","\left (\frac{5}{4}, -1 \right) དེ་ ཨང་དང་པམ་དེ་ཨིན།","\left (\frac{13}{4}, -1 \right) དེ་ ཨང་དང་པམ་དེ་ཨིན།",c
hsc-advanced_math-12-9,འོག་ལུ་ཡོད་མི་ལས་ ག་འདི་བདེན་པ་ཨིན་ན་ཟེར་བ་ཅིན་,4\sqrt{2} དེ་ཚུ་,8\sqrt{2} དེ་ཚུ་,༩\sqrt{2} འདི་ཚུ་,4\sqrt{6} འདི་ཚུ་,b
hsc-advanced_math-12-10,y^{2} + 4x + 2y - 8 = 0 འདི་འཁོར་ལོའི་ལྟེ་བ་ལུ་ཡོདཔ་ཨིན།,i དང་ ii,ii དང་ iii,i དང་ iii,"i, ii དང་ iii ཚུ་ཨིན།",b
hsc-advanced_math-12-11,ཟུར་ཐིག་གཉིས་ཆ་ར་ལུ་ རྒྱང་རིང་གི་མཐའ་འཁོར་གྱི་མཐའ་འཁོར་སྦེ་བརྩིས་ཏེ་ སྦོམ་ཤོས་ཀྱི་མཐའ་འཁོར་རིང་ཚད་འདི་ ༡༢ དང་ སྦོམ་ཤོས་ཀྱི་མཐའ་འཁོར་རིང་ཚད་འདི་ = \frac{1}{3}ཨིན་པ་ཅིན་ ཆུང་ཤོས་ཀྱི་མཐའ་འཁོར་རིང་ཚད་དེ་ག་དེམ་ཅིག་འོང་ནི་ཨིན་ན?,\frac{5}{3} འདི་ཡང་ ཌེཀསི་ཊོཔ་གི་མིང་ཨིན།,\frac{5}{4}ལུ་ བཀྲམ་སྟོན་འབདཝ་ཨིན།,\frac{\sqrt{7}}{3} འདི་ཡང་ ཌེཀསི་ཊོཔ་གི་མིང་ཨིན།,\frac{\sqrt{7}}{4} འདི་ཡང་ ཌེཀསི་ཊོཔ་གི་མིང་ཨིན།,a
hsc-advanced_math-12-12,y^{2} = 6x གི་མཐའ་འཁོར་འདི་ y = mx + c གི་མཐའ་འཁོར་འདི་ ཐིག་ཁྲམ་འདི་གུ་ཕོག་པ་ཅིན་,i དང་ ii,ii དང་ iii,i དང་ iii,"i, ii དང་ iii ཚུ་ཨིན།",a
hsc-advanced_math-12-13,i. c = \frac{3}{2m},\frac{3}{4}ལུ་ བཀྲམ་སྟོན་འབདཝ་ཨིན།,\frac{5}{4}ལུ་ བཀྲམ་སྟོན་འབདཝ་ཨིན།,\frac{4}{3}ལུ་ བསྒྱུར་བཅོས་འབདཝ་ཨིན།,\frac{3}{\sqrt{7}} འདི་ཡང་ ཌེཀསི་ཊོཔ་གི་མིང་ཨིན།,a
hsc-advanced_math-12-14,༢། ཀེར་ཐིག་དང་ཕྲང་ཐིག་གཉིས་ཆ་ར་ལུ་ མཚོན་ཆ་ཡོདཔ་ཨིན།,(6n - 1) \frac{\pi}{9} འདི་ཡང་ སྦྲེལ་རྟགས་ཨིན་,\frac{2n\pi}{3} + \frac{\pi}{3} འདི་ཡང་ སྦྲེལ་མཐུད་འབད་བཏུབ་ཨིན།,\frac{2n\pi}{3} + \frac{\pi}{9} འདི་ཡང་ སྦྲེལ་མཐུད་འབད་ཞིནམ་ལས་,(2n+1) \frac{\pi}{6} འདི་ཡང་ སྦྲེལ་རྟགས་ཨིན།,c
hsc-advanced_math-12-15,"གསུམ་པ་ ཐད་ཀར་གྱི་ས་སྒོ་འདི་ \left (\frac{3}{m^{2}}, \frac{3}{m} \right)",(2n + 1) \frac{\pi}{2} འདི་ཡང་ བརྒྱ་ཆ་ ༢་སྦེ་རྩིས་སྟོནམ་ཨིན།,(4n + 1) \frac{\pi}{2} འདི་ཡང་ སྦྲགས་བཀལཝ་ཨིན།,n\pi + ) \frac{\pi}{4} འདི་ཡང་ སྦྲེལ་རྟགས་ཨིན་,n\pi + ) \frac{3\pi}{4} འདི་ཡང་ ཕྲང་ཕྲང་ཨིན་,a
hsc-advanced_math-12-16,འོག་ལུ་ཡོད་མི་ལས་ ག་འདི་བདེན་པ་ཨིན་ན་ཟེར་བ་ཅིན་,-1,1,#NAME ཟེར་ཨིན་ན།,i,c
hsc-advanced_math-12-17,"16y^2 - 9x^2 = ༡༤༤ ཨིན་པས།

འ་ནི་གློག་རྡུལ་འདི་ག་བཟུམ་ཅིག་ཡོདཔ་སྨོ་ཟེར་
16y^2 - 9x^2 = ༡༤༤ ཨིན་པས།",\frac{\pi}{6}ལུ་ བསྒྱུར་བཅོས་འབདཝ་ཨིན།,\frac{\pi}{3} འདི་ཡང་ ཌེཀསི་ཊོཔ་གི་མིང་ཨིན།,\frac{4\pi}{3} འདི་ཡང་ ཌེཀསི་ཊོཔ་གི་མིང་ཨིན།,\frac{7\pi}{6}ལུ་ བསྒྱུར་བཅོས་འབདཝ་ཨིན།,d
hsc-advanced_math-12-18,,i དང་ ii,i དང་ iii,ii དང་ iii,"i, ii དང་ iii ཚུ་ཨིན།",a
hsc-advanced_math-12-19,གློག་རྡུལ་འདི་གིས་,4,2,1,-2,d
hsc-advanced_math-12-20,i. ཚད་མེད་པའི་ཕྲང་ཐིག་གི་རྩིས་གཞི་ y = \pm \frac{3}{4}x,-3,-1,0,1,b
hsc-advanced_math-12-21,༢། ཚད་འཛིན་ཐིག་གི་རྩིས་ 5y \pm 9 = 0,\sqrt{2} + 1 འདི་ཨིན་པ་ཅིན་,\sqrt{2} - ༡ ལུ་ཨིན་,\sqrt{2} - ༡ ལས་བརྒལ་མེད།,- \sqrt{2} + 1 དེ་ ཨང་དང་པམ་དེ་ཨིན།,b
hsc-advanced_math-12-22,"གསུམ་པ་ ཚད་ལྡན་མཉམ་པ་ x = 3sec\theta, y = 4 tan\theta",-15,-3,3,15,d
hsc-advanced_math-12-23,འོག་ལུ་ཡོད་མི་ལས་ ག་འདི་བདེན་པ་ཨིན་ན་ཟེར་བ་ཅིན་,k \leq - 1 འདི་,k \geq - ༡ ལས་བརྒལ་མེད།,k < - ༡ ལས་བརྒལ་མེད་,k > - ༡ ལས་བརྒལ་མེད།,b
hsc-advanced_math-12-24,sincot^{-1} tancos^{-1} \frac{3}{4} འདི་ག་དེམ་ཅིག་སྦེ་འོང་ནི་ཨིན་ན?,0,\frac{1}{2}ལུ་ བསྒྱུར་བཅོས་འབདཝ་ཨིན།,1,2,c
hsc-advanced_math-12-25,གལ་སྲིད་ nའདི་ ནུས་ལྡན་ཨང་གྲངས་ཨིན་པ་ཅིན་ cos 3\theta = \frac{1}{2} ཟེར་བའི་རྩིས་གཞི་འདི་ ག་དེ་སྦེ་སེལ་ཚུགས་ནི་ཨིན་ན?,2,\sqrt{3} འདི་ཡང་ ཌའི་ལོག་ནང་ལུ་,1,\frac{2}{\sqrt{3}} འདི་ཡང་ ཌེཀསི་ཊོཔ་གི་མིང་ཨིན།,a
hsc-advanced_math-12-26,secx = sec(x + \pi) གི་དོན་ལུ་ སྤྱིར་བཏང་ཐབས་ལམ་འདི་:,2,\frac{1}{2}ལུ་ བསྒྱུར་བཅོས་འབདཝ་ཨིན།,- ཨང་གྲངས་དེ་ ཨང་གྲངས་དེ་ཨིན།,-2,b
hsc-advanced_math-12-27,i^{-65} འདི་ག་བཟུམ་ཅིག་ཨིན་ན?,i དང་ ii,i དང་ iii,ii དང་ iii,"i, ii དང་ iii ཚུ་ཨིན།",c
hsc-advanced_math-12-28,3 - \sqrt{3}i གིས་ གྲུབ་རྟགས་ག་ཅི་ཡོདཔ་ཨིན་ན?,y = \pm \frac{4}{3}x གི་གནས་གོང་དེ་ཨིན།,x = \pm \frac{4}{3}y འདི་ཨིན་པ་ཅིན་,y = \pm \frac{5}{4} x གི་གནས་གོང་དེ་ཨིན།,x = \pm \frac{5}{4}y འདི་ཨིན་པ་ཅིན་,a
hsc-advanced_math-12-29,z = x + iy ཨིན་པ་ཅིན་,\frac{1}{2}ལུ་ བསྒྱུར་བཅོས་འབདཝ་ཨིན།,\frac{1}{\sqrt{2}} འདི་ཡང་ ཌའི་ལོག་གི་ཨང་གྲངས་ཨིན།,\sqrt{2} འདི་ཡང་ ཌའི་ལོག་ནང་ལུ་ཨིན་,2,c
hsc-advanced_math-12-30,i.z,cot^{-1}3 འདི་ཨིན་པ་ཅིན་,cot^{-1}\frac{11}{3}ལུ་ བསྒྱུར་བཅོས་འབདཝ་ཨིན།,cot^{-1}\frac{11}{7}ལུ་ བཀྲམ་སྟོན་འབདཝ་ཨིན།,cot^{-1}\frac{9}{7}ལུ་ བཀྲམ་སྟོན་འབདཝ་ཨིན།,b
hsc-advanced_math-12-31,i.z.\overline{z} = 20.z གི་མཐའ་མར་^2,2n\pi \pm \frac{\pi}{3} འདི་ཡང་ སྦ་སྒོར་ནང་ཨིན་,n\pi \pm \frac{\pi}{3} འདི་ཡང་ སྦ་སྒོར་ནང་ཨིན་,2n\pi \pm \frac{\pi}{6} འདི་ཡང་ སྦ་སྒོར་ནང་ཨིན་,n\pi \pm \frac{\pi}{6}ལུ་ བསྒྱུར་བཅོས་འབདཝ་ཨིན།,d
hsc-advanced_math-12-32,iii. arg{(\overline{z}) = arg{z},i དང་ ii,i དང་ iii,ii དང་ iii,"i, ii དང་ iii ཚུ་ཨིན།",a
hsc-advanced_math-12-33,འོག་ལུ་ཡོད་མི་ལས་ ག་འདི་བདེན་པ་ཨིན་ན་ཟེར་བ་ཅིན་,༣༠་\degrees,༦༠་\degree,༩༠་\degree,༡༢༠,d
hsc-advanced_math-12-34,x = 1 + \sqrt{2}i འདི་ཨིན་པ་ཅིན་ 2x^3 - 3x^2 + 4x + 1 འདི་ག་དེམ་ཅིག་སྦེ་འོང་ནི་སྨོ་,i དང་ ii,i དང་ iii,ii དང་ iii,"i, ii དང་ iii ཚུ་ཨིན།",b
hsc-advanced_math-12-35,"ད་ x^{2} + x + 1 = 0 གྱི་རྩ་བ་ \alpha, \beta འདི་ཨིན་པ་ཅིན་ \Sigma\alpha^{2} གི་གནས་གོང་དེ་ག་དེམ་ཅིག་འོང་ནི་ཨིན་ན?",5 m,༡༠་མི་ཊར་,15 m,20 m,b
hsc-advanced_math-12-36,ཌི་བི་ཨོ་པི་གི་རྩ་བ་ \frac{1}{\sqrt{2} + 1}ཡོད་པ་ཅིན་ རྩ་བ་གཞན་འདི་ག་ཅི་ཨིན་ན?,\frac{1}{2}ལུ་ བསྒྱུར་བཅོས་འབདཝ་ཨིན།,\frac{9}{5}ལུ་ བཀྲམ་སྟོན་འབདཝ་ཨིན།,3,\frac{9}{2}ལུ་ བཀྲམ་སྟོན་འབདཝ་ཨིན།,b
hsc-advanced_math-12-37,2x - x^{2} + k = 0 འདི་ ཌའི་ལོག་གི་རྩིས་གཞི་ཨིན།,336,256,192,128,a
hsc-advanced_math-12-38,,\frac{6}{g} m འདི་ཡང་ སྦ་སྒོར་འདི་ཨིན་,\frac{3}{g} m འདི་ཡང་ སྦ་སྒོར་འདི་ཨིན་,\frac{9}{2g}m འདི་ཡང་ ཌའི་ལོག་གི་ཨང་གྲངས་ཨིན།,\frac{9}{g} m འདི་ཡང་ སྦ་སྒོར་འདི་ཨིན་,c
hsc-advanced_math-12-39,k འདི་ག་དེམ་ཅིག་ཨིནམ་སྨོ་ཟེར་བ་ཅིན་ འདྲ་མཉམ་གྱི་ཐོན་རིམ་འདི་ x + 3 ཨིན།,i དང་ ii,i དང་ iii,ii དང་ iii,"i, ii དང་ iii ཚུ་ཨིན།",d
hsc-advanced_math-12-40,2x - x^{2} + k = 0 འདི་ ཌའི་ལོག་གི་རྩིས་གཞི་ཨིན།,i དང་ ii,ii དང་ iii,i དང་ iii,"i, ii དང་ iii ཚུ་ཨིན།",b
hsc-advanced_math-12-41,,"(0, -3)","(0, 3)","(-3, 0)","(3, 0)",a
hsc-advanced_math-12-42,ཌའི་ལོག་གི་རྩ་བ་དེ་བདེན་པ་ཨིན་པ་ཅིན་ ...,2n\pi + \frac{\pi}{2} འདི་ཡང་ སྦྲེལ་རྟགས་ཨིན་,2n\pi - \frac{\pi}{2} འདི་ཡང་ སྦྲེལ་རྟགས་ཨིན་,n\pi + \frac{\pi}{2} འདི་ ཀེར་ཐིག་གཉིས་དང་ལྡནམ་ཨིན།,n\pi - \frac{\pi}{2} དེ་ ཨེ་རེ་ལུ་ཨེབ་གཏང་འབད།,b
hsc-advanced_math-12-43,x^{2} = 2y གི་ཆ་ཕྲན་འདི་ག་དེ་ཅིག་ལུ་ལྟེ་བ་ཡོདཔ་ཨིན་ན?,ལྡེ་མིག་,དུས་རྒྱུན་གྱི་,ཟུར་ཐིག་,ཕབ་ཆག་ཐོབ་ཡོདཔ་ཨིན།,d
hsc-advanced_math-12-44,3x^{2} + 4y^{2} = 12 རྒྱང་མཐོང་གི་ལྟེ་བ་འདི་ག་དེམ་ཅིག་ཡོདཔ་ཨིན་ན?,\sqrt{3i} འདི་ཡང་ ཌའི་ལོག་གི་ས་སྒོ་འདི་ཨིན།,\pm \sqrt{3} འདི་ཡང་ ཌེཀསི་ཊོཔ་གི་མིང་ཨིན།,- ཨིན་ཅི་མིན་ཅི་,\sqrt{3} འདི་ཡང་ ཌའི་ལོག་ནང་ལུ་,c
hsc-advanced_math-12-45,x+y+k=0 འདི་ y^{2} = 2x གི་ཕྲང་ཐིག་གི་ཕྲང་ཐིག་གུ་ཕོག་པ་ཅིན་ k གི་གནས་གོང་འདི་ག་ཅི་ཨིན་ན?,༡༨༠་\degrees,༩༠་\degree,- དབྱེ་བ་ ༡༨༠ ལུ་,0\degree ཟེར་མི་འདི་,d
hsc-advanced_math-12-47,i. མེདཔ་ཨིན།,\frac{2}{\sqrt{5}} འདི་ཡང་ ཌའི་ལོག་གི་ཨང་གྲངས་ཨིན།,\frac{3}{\sqrt{5}} འདི་ཡང་ ཌའི་ལོག་གི་ཨང་གྲངས་ཨིན།,\frac{\sqrt{5}}{3} འདི་ཡང་ ཌེཀསི་ཊོཔ་གི་མིང་ཨིན།,\frac{\sqrt{5}}{2} འདི་ཡང་ ཌེཀསི་ཊོཔ་གི་ཨང་གྲངས་ཨིན།,d
hsc-advanced_math-12-48,༢། ལྡེ་མིག་འདི་ནང་བལྟ་བ་ཅིན་,m ༢ ལུ་,4 m,6 m,8 m,c
hsc-advanced_math-12-49,གསུམ་པ་ ཀྲོང་ཁའི་རྩ་བ་ལས་ཐོབ་ནུག,6 m/sec^{2} འདི་ཡང་,12 m/sec^{2} འདི་ཡང་,m/sec^{2}ལུ་ 18 འབད་མི་,24 m/^{2} འདི་ཡང་ 24 m/^{2} ཨིན།,c
hsc-advanced_math-12-50,འོག་ལུ་ཡོད་མི་ལས་ ག་འདི་བདེན་པ་ཨིན་ན?,\frac{n\pi}{3} + \frac{\pi}{12} འདི་ཡང་ སྦྲེལ་མཐུད་འབད་བཏུབ་ཨིན།,\frac{n\pi}{3} + \frac{\pi}{6} འདི་ཡང་ སྦྲེལ་མཐུད་འབད་བཏུབ་ཨིན།,\frac{3n\pi}{3} + \frac{\pi}{12} འདི་ཡང་ སྦྲེལ་མཐུད་འབད་བཏུབ་ཨིན།,n\pi,a
hsc-advanced_math-12-51,ཟུར་ 6N དང་ 8N གི་བར་ནའི་ཟུར་འདི་ག་དེམ་ཅིག་ཡོདཔ་དང་ ཟུར་ 2\sqrt{13} N འདི་ག་དེམ་ཅིག་ཡོདཔ་ཨིན་ན?,- ཨང་གྲངས་དེ་ ཨང་གྲངས་དེ་ཨིན།,\frac{2\pi}{3} འདི་ཡང་ ཌེཀསི་ཊོཔ་གི་མིང་ཨིན།,#NAME ཟེར་ཨིན་ན།,\pi,b
hsc-advanced_math-12-52,སྒོ་འདི་ནང་ལུ་ མདའ་རྩེད་བཱོལ་གསུམ་བསྡོམས་ཏེ་ཡོད་པ་ཅིན་ བཱོལ་གཉིས་ལས་བརྒལ་མེད་པ་ཅིན་ བཱོལ་གསུམ་པ་གི་བཱོལ་འདི་...,༡༡ ནི།,༣༣ ན,66 ན,༩༩ ནི།,d
hsc-advanced_math-12-53,i. འདྲན་འདྲ་ཨིན།,\frac{9}{8}ལུ་ བཀྲམ་སྟོན་འབདཝ་ཨིན།,\frac{9}{2}ལུ་ བཀྲམ་སྟོན་འབདཝ་ཨིན།,\frac{32}{5}ལུ་ བཀྲམ་སྟོན་འབདཝ་ཨིན།,\frac{32}{9}ལུ་ བསྒྱུར་བཅོས་འབདཝ་ཨིན།,b
hsc-advanced_math-12-54,༢། འདྲ་མཉམ་འབད་,x = \frac{16}{5} ཨིན།,y = \frac{16}{5} འདི་ཨིན་པ་ཅིན་,x = \pm \frac{16}{5} ཨིན།,y = \pm \frac{16}{5} ཨིན།,c
hsc-advanced_math-12-55,གསུམ་པ་ རྒྱབ་ལོག་འགྱོ་ནི་,༣.༣༢ sec,༣.༣༤ sec,༣.༣༦ sec,༣.༣༨ sec,a
hsc-advanced_math-12-56,འོག་ལུ་ཡོད་མི་ལས་ ག་འདི་བདེན་པ་ཨིན་ན་ཟེར་བ་ཅིན་,\sqrt{1 - x^{2}} འདི་ཡང་ ཌའི་ལོག་གི་ས་སྒོ་འདི་ཨིན།,\frac{\sqrt{1 - x^{2}}}{x} འདི་ཡང་ སྦྲེལ་རྟགས་ཨིན་,\frac{x}{\sqrt{1 - x^{2}}}ལུ་ བཀྲམ་སྟོན་འབདཝ་ཨིན།,\frac{1}{\sqrt{1} - x^{2}}}ལུ་ བསྒྱུར་འབདཝ་ཨིན།,c
hsc-advanced_math-12-57,45N དང་ 15N གི་བར་ནའི་ཤུགས་འདི་ A དང་ B གི་བར་ནའི་ཤུགས་འདི་ C གི་བར་ནའི་ཤུགས་འདི་ཨིན། ACའདི་ ༥་ཨིན་པ་ཅིན་ ABའདི་ག་དེ་ཅིག་ཨིན་ན?,3 cm/sec དེ་ཨིན།,60 cm/sec,120 cm/sec ཨིན་,180 cm/sec ཨིན་,d
hsc-advanced_math-12-58,མི་ཅིག་གིས་ ཆུ་རུད་མེད་པའི་གཙང་ཆུ་ནང་ལུ་ མེ་ཊར་༤༥༠ རྒྱང་རིང་དེ་ནང་ དུས་ཡུན་སྐར་མ་༡༥ དེ་ཅིག་གི་ནང་འཁོད་ལུ་ ཆགས་ཚུགས་པ་ཅིན་ ཆུ་རུད་དེ་གི་མགྱོགས་ཚད་དེ་ག་དེམ་ཅིག་འོང་ནི་ཨིན་ན? མི་དབང་མཆོག་གིས་ དུས་ཡུན་ཆུ་ཚོད་ག་དེམ་ཅིག་ལུ་འགོར་ནི་ཨིན་ན?,\frac{1}{2}ལུ་ བསྒྱུར་བཅོས་འབདཝ་ཨིན།,- ཨང་གྲངས་དེ་ ཨང་གྲངས་དེ་ཨིན།,2,-2,b
hsc-advanced_math-12-59,སྣུམ་འཁོར་འདི་ དུས་ཡུན་སྐར་མ་༥ དེ་ཅིག་གི་ནང་འཁོད་ལུ་ ཐིམ་ཕུག་ལས་མར་ ཐིམ་ཕུག་ལུ་ལྷོད་ནུག དེ་ལས་ སྣུམ་འཁོར་འདི་ དུས་ཡུན་སྐར་མ་༣ གྱི་ནང་འཁོད་ལུ་ མར་ཕབ་རྐྱབ་ཡོདཔ་ཨིན་མེན་ན་?,m འདི་ ༤ དང་ n འདི་ ༥ ཨིན།,m = -4 དང་ n = 5 ཨིན།,m = -4 དང་ n = -5 ཨིན།,m = 4 དང་ n = -5 ཨིན་པས།,b
hsc-advanced_math-12-60,ས་འོག་ལས་ མི་ཊར་༣ གྱེན་འཛེགས་ནུག /མོ་ལུ་ འགོ་ཐོག་ལུ་ དངོས་པོ་འདི་ ཕྲང་ཕྲང་ཡར་འཕེན་པ་ཅིན་ དངོས་པོ་འདི་ མཐོ་ཚད་མི་ཊར་ག་དེ་ཅིག་ལུ་ ཡར་འཕེན་ཚུགས་ནི་སྨོ་,7\pi,9\pi,7\sqrt{3}\pi འདི་ལུ་བལྟ་བ་ཅིན་,3\sqrt{7}\pi འདི་ལུ་བལྟ་བ་ཅིན་,d
hsc-advanced_math-12-61,དངོས་པོ་ཅིག་གིས་ ཕྲང་ལམ་ u དང་ ཕྲང་ལམ་ \alpha ནང་ལུ་ ཕྲང་ལམ་ u དང་ཕྲང་ལམ་ \alpha ནང་ལུ་ ཕྲང་ལམ་ u དང་ཕྲང་ལམ་ \alpha ནང་ལུ་ ཕྲང་ལམ་ u དང་ཕྲང་ལམ་ \alpha ནང་ལུ་ ཕྲང་ལམ་ u དང་ཕྲང་ལམ་ u དང་ཕྲང་ལམ་ u དང་ཕྲང་ལམ་ u དང་ཕྲང་ལམ་ u དང་ཕྲང་ལམ་ u དང་ཕྲང་ལམ་ u དང་ཕྲང་ལམ་ u དང་ཕྲང་ལམ་ u དང་ཕྲང་ལམ་ u དང་ཕྲང་ལམ་ u དང་ཕྲང་ལམ་ u དང་ཕྲང་ལམ་ u དང་ཕྲང་ལམ་ u དང་ཕྲང་ལམ་ u དང་ཕྲང་ལམ་ u དང་ཕྲང་ལམ་ u དང་ཕྲང་ལམ་ u དང་ཕྲང་ལམ་ u དང་ཕྲང་ལམ་ u དང་ཕྲང་ལམ་ u དང་ཕྲང་ལམ་ u དང་ཕྲང་ལམ་ u དང་ཕྲང་ལམ་ u དང་,\frac{\pi}{4}ལུ་ བསྒྱུར་བཅོས་འབདཝ་ཨིན།,\frac{3\pi}{4}ལུ་ བསྒྱུར་བཅོས་འབདཝ་ཨིན།,\frac{5\pi}{4}ལུ་ བསྒྱུར་བཅོས་འབདཝ་ཨིན།,- ཨེཕ་རེཀ{\pi}{4} དེ་ནང་ལུ་,b
hsc-advanced_math-12-62,i. ཕྲ་རིང་འདི་ \frac{2usin\alpha}{g},དངོས་སུ་དང་ འདྲ་མཉམ་ཨིན་,དངོས་སུ་དང་ དབྱེ་བ་མེད།,དབྱེ་ཁག་ཅན་དང་ འདྲ་མཉམ་ཨིན་,མགུ་འཐོམ་ནི་མེད་རུང་ དབྱེ་བ་ཕྱེ་ནི་དེ་ཁག་ཆེ།,d
hsc-advanced_math-12-63,༢། \frac{u^{2}}{g} འདི་ སྦོམ་ཤོས་ཅིག་ཨིན་,༣༠་\degrees,༦༠་\degree,༩༠་\degree,༡༨༠་\degrees,c
hsc-advanced_math-12-64,གསུམ་པ་ མཐོ་ཚད་ཕབ་ཆག་འབད་ནི། \frac{u^{2}sin^{2}\alpha{2g},མི་ཊར་༩,མི་ཊར་༡༡།,མི་ཊར་ ༡༨།,མི་ཊར་ ༢༢,a
hsc-advanced_math-12-65,འོག་ལུ་ཡོད་མི་ལས་ ག་འདི་བདེན་པ་ཨིན་ན་ཟེར་བ་ཅིན་,#NAME ཟེར་ཨིན་ན།,i,-1,1,a
hsc-advanced_math-12-67,,མི་ཊར་ ༢.༠,མི་ཊར་༤.༩,མི་ཊར་ ༩.༨,མི་ཊར་༡༩.༦,b
hsc-advanced_math-12-68,\overline{z}གིས་ སྐདཔ་ག་དེ་ཅིག་བཟོཝ་ཨིན་ན?,\frac{1}{1 - i} དེ་ ཨེ་རེ་ལུ་ཨེབ་གཏང་འབད།,\frac{1 - i}{2}ལུ་ བསྒྱུར་བཅོས་འབདཝ་ཨིན།,\frac{1 + i}{2} དེ་ ཨེ་རེ་ལུ་ བསྡུ་ཞིནམ་ལས་,1 - i,c
hsc-advanced_math-12-69,z = 3i ཨིན།,༢་\sqrt{6}N འདི་ཚུ་,2\sqrt{3} འདི་ N ཨིན།,༡༨ ནི,3\sqrt{2} N གིས་འབད་ཡོདཔ་ཨིན།,d
hsc-advanced_math-12-70,,i དང་ ii,i དང་ iii,ii དང་ iii,"i, ii དང་ iii ཚུ་ཨིན།",d
hsc-advanced_math-12-71,\overline{z}གི་ སྤྱིར་བཏང་དོན་ཚན་ག་དེ་ཅིག་ཡོདཔ་ཨིན་ན?,"(\pm 4, 0)","(\pm 5, 0)","(0, \pm 4) འདི་ཡང་","(0, \pm 5) འདི་ཡང་",a
hsc-advanced_math-12-72,9x^{2} - 24xy + 12y^{2} - 48x - 24y + 36 = 0 ཟེར་བའི་རྩིས་གཞི་འདི་ ག་ཅི་ལུ་མཚོན་ཡོདཔ་ཨིན་ན?,\frac{25}{4}ལུ་ ཨེབ་གཏང་འབད།,\frac{25}{2} འདི་ཡང་ ཌའི་ལོག་གི་ཨང་གྲངས་ཨིན།,4,8,b
hsc-advanced_math-12-73,འ་ནི་རྩིས་གཞི་འདི་ ༢་ལས་ ༣་གི་གྱངས་ཁ་ལུ་བགོ་བཤའ་རྐྱབ་ཨིན།,(2n + 1) \frac{\pi}{9} འདི་ཡང་ ཌའི་ལོག་ནང་ལུ་,(2n - 1) \frac{\pi}{9}ལུ་ བསྒྱུར་བཅོས་འབདཝ་ཨིན།,(2n + 1) \frac{\pi}{18} འདི་ཡང་ ཌའི་ལོག་གི་ཨང་གྲངས་ཨིན།,(2n - 1) \frac{\pi}{18}ལུ་ བསྒྱུར་བཅོས་འབདཝ་ཨིན།,c
hsc-advanced_math-12-74,ཟུར་ཐིག་སྦོམ་ཤོས་འདི་ ཀླད་ཀོར་གཉིས་ཀྱི་བར་ནའི་ ཟུར་ཐིག་ག་དེམ་ཅིག་ཡོདཔ་ཨིན་ན?,(2n + 1) \frac{\pi}{2} འདི་ཡང་ སྦྲེལ་རྟགས་ཨིན་,(4n + 1) \frac{\pi}{2} འདི་ཡང་ སྦྲགས་བཀལཝ་ཨིན།,(2n + 1) \pi,n\pi,d
hsc-advanced_math-12-75,x^{2} = - 3y ཕྲང་ཐིག་གི་ལྟེ་བ་འདི་ག་ལུ་ཡོདཔ་ཨིན་ན?,4y + 5 = ༠ ཨིན་པུཊི་,4x+5 དེ་ ༠ ཨིན།,4y - 5 = ༠ ཨིན་པས།,4x - 5 དེ་ ༠ ཨིན།,c
hsc-advanced_math-12-76,cot^{-1} p = cosec^{-1} \frac{3}{2}ཨིནམ་ལས་ p = ?,k = ༤ ཨིན་པས།,k = \frac{25}{4} ཨིན།,k < \frac{25}{4} ནང་ལུ་,k > \frac{25}{4} འདི་ཡང་ ཌའི་ལོག་གི་ཨང་གྲངས་ཨིན།,b
hsc-advanced_math-12-77,12N དང་ 8N འདི་གཉིས་འདྲ་མཉམ་ཨིན་པ་ཅིན་ 15m ཡན་ལག་གི་མཐའམ་ལུ་ཡོད་པའི་ ཕྲ་རིང་དེ་སྦོམ་ཤོས་ལས་ རྒྱང་རིང་ག་དེམ་ཅིག་ལུ་ཡོདཔ་ཨིན་ན?,x^{2} -9x + 20 = 0 ཨིན་པས།,x^{2} + 9x + 20 འདི་ ༠ ཨིན།,x^{2} + 9x - 20 འདི་ ༠ ཨིན།,x^{2} - 9x - 20 འདི་ ༠ ཨིན།,a
hsc-advanced_math-12-78,s = t^{3} + 3t^{2} + 6 ཨིན་པ་ཅིན་ 2s གི་ཤུལ་ལས་ མགྱོགས་ཚད་ག་དེམ་ཅིག་ཡོདཔ་ཨིན་ན?,\frac{3}{2}ལུ་ བསྒྱུར་བཅོས་འབདཝ་ཨིན།,\frac{5}{2}ལུ་ བསྒྱུར་བཅོས་འབདཝ་ཨིན།,\frac{21}{2} འདི་ཡང་ ཌའི་ལོག་ནང་ལུ་ཨིན་,\frac{13}{2}ལུ་ བསྒྱུར་བཅོས་འབདཝ་ཨིན།,d
hsc-advanced_math-12-79,tan3\theta = 1 ཟེར་བའི་རྩིས་གཞི་འདི་ ག་ཅི་འབད་བརྩམ་ནི་ཨིན་ན?,ཐད་ཕྲང་ཐིག་,ལྡེ་མིག་,དུས་རྒྱུན་གྱི་,ཟུར་ཐིག་,b
hsc-advanced_math-12-80,sec\theta = - 2 དང་ \frac{\pi}{2} < \thetaཨིན་པ་ཅིན་ \thetaགི་གནས་གོང་འདི་ག་དེམ་ཅིག་འོང་ནི་སྨོ་,i དང་ ii,i དང་ iii,ii དང་ iii,"i, ii དང་ iii ཚུ་ཨིན།",c
hsc-advanced_math-12-81,དེ་ལས་ འ་ནི་ཤུགས་འདི་ ཀི་ལོ་གྷ་རམ་ ༣༣ འབད་མི་ དངོས་པོ་ཅིག་ལུ་ ཕུལ་པ་ཅིན་ སྣུམ་འཁོར་འདི་ དུས་ཡུན་སྐར་མ་ ༥ གི་རིང་ལུ་ དུས་ཡུན་སྐར་མ་ ༡༥ གི་རིང་ལུ་ འགྱོ་ཚུགས་ག?,- ཨང་གྲངས་དེ་ ཨེ་རེ་ལུ་ཨེབ་གཏང་འབད།,\frac{2\pi}{3} འདི་ཡང་ ཌེཀསི་ཊོཔ་གི་མིང་ཨིན།,- ཨང་གྲངས་དེ་ ཨེ་རེ་ལུ་ཨེབ་གཏང་འབད།,\frac{4\pi}{3} འདི་ཡང་ ཌེཀསི་ཊོཔ་གི་མིང་ཨིན།,a
hsc-advanced_math-12-82,"9x^{2} - 16y^{2} འདི་ ཧྲིལ་བུམ་གྱི་རྩིས་གཞི་ཨིན།

ཧེ་རཱཔ་ཊི་གི་ལྟག་ལུ་ཡོད་མི་འདི་ག་དེམ་ཅིག་ཡོདཔ་ཨིན་ན?
9x^{2} - 16y^{2} འདི་ ཧྲིལ་བུམ་གྱི་རྩིས་གཞི་ཨིན།",ལྕང་ལཱ་རྐྱབ་ནིའི་ཚད་གཞི་དེ་ ༡༢.༥ཨིན།,མི་ཊར་༡༤.༥,ལྕང་ལཱ་རྐྱབ་ནིའི་ཚད་གཞི་དེ་ 15.5m ཨིན་པས།,ལྕང་ལཱ་རྐྱབ་ནིའི་ཚད་དེ་ 18.5m ཨིན་པས།,a
hsc-advanced_math-12-83,,\sqrt{u^{2} - 2gh} འདི་ཡང་ ཌེཀསི་ཊོཔ་གི་ཨང་གྲངས་ཨིན།,\frac{2}{g}\sqrt{u^{2} - 2gh} འདི་ཡང་ ཕྲང་ཕྲང་ཨིན་,\frac{g}{2}\sqrt{u^{2} - 2gh} འདི་ཡང་ སྦྲེལ་རྟགས་ཨིན་,g\sqrt{u^{2} - 2gh} འདི་ཡང་ ཌའི་ལོག་ནང་ལུ་ཨིན་,b
hsc-advanced_math-12-84,"ཚད་འཛིན་གྱི་ཐིག་ཁྲམ་འདི་ག་ཅི་བཟུམ་ཅིག་ཨིན་ན?""",i དང་ ii,i དང་ iii,ii དང་ iii,"i, ii དང་ iii ཚུ་ཨིན།",d
hsc-advanced_math-12-85,དེ་ལས་ རྡོ་གཅིག་ཡར་འཕོ་སྟེ་ རྩིགཔ་གི་གུ་ལས་མར་ རྦོབ་རིལ་འགྱོ་བ་ཅིན་ དུས་ཡུན་ག་དེམ་ཅིག་འགོར་ནི་ཨིན་ན?,18.56 ms^{-1} དེ་ནང་ལུ་,༢༤.༥ ms^{-1} ལུ་ཡར་འཕར་འགྱོ་ནུག,༢༥.༥༧ ms^{-1},༢༢.༤༠ ms^{-1},b
hsc-advanced_math-12-86,tancot^{-1} tancos^{-1} x གི་གནས་གོང་འདི་ག་ཅི་ཨིན་ན?,-1,1,#NAME ཟེར་ཨིན་ན།,0,d
hsc-advanced_math-12-87,སེམསཊི་མི་ཊར་/སི་ཀཱོན་ ༢་གི་གནས་ཚད་ལུ་ཡོད་པའི་རྡུལ་ཕྲན་ཅིག་ལུ་ གནས་ཚད་དེ་ ༣ cm/sec^{2}ཨིན། ག་དེམ་ཅིག་སྦེ་ འཕྲལ་མགྱོགས་འགྱོ་བ་ཅིན་ དུས་ཡུན་སྐར་མ་༡ གི་ནང་འཁོད་ལུ་ འདི་ག་དེམ་ཅིག་འགྱོ་ནི་ཨིན་ན?,ཨོ་མེ་ག་,\omega^{2} དེ་ནང་ལུ་,0,1,c
hsc-advanced_math-12-88,x = \sqrt[3]{1} འདི་འདྲ་མཉམ་ཅིག་ཨིན།,ཨོ་མེ་ག་,\omega^{2} དེ་ནང་ལུ་,0,1,c
hsc-advanced_math-12-89,,tan^{-1}2 འདི་ཨིན་པ་ཅིན་,2\sqrt{5} དེ་ཚུ་,5\sqrt{2} དེ་ཚུ་,\sqrt{10} འདི་ཡང་ ཌའི་ལོག་ནང་ལུ་,d
hsc-advanced_math-12-90,ཨང་གྲངས་ཀྱི་རྩ་བ་ཚུ་བསྡོམས་ཞིནམ་ལས་,i དང་ ii,i དང་ iii,ii དང་ iii,"i, ii དང་ iii ཚུ་ཨིན།",a
hsc-advanced_math-12-91,z_{1} = 1 + i དང་ z_{2} = 2 + i ཨིན་པ་ཅིན་ z_{1}\overline{z}_{2} གི་གནས་གོང་འདི་ -,9x^{2} + 19x + 1 འདི་ ༠ ཨིན།,9x^{2} - 19x + 1 = 0 ཨིན་པས།,9x^{2} + 19x - 1 འདི་ ༠ ཨིན།,9x^{2} - 19x - 1 འདི་ ༠ ཨིན།,b
hsc-advanced_math-12-92,ཌའི་ལོག་གི་རྩིས་གཞི་ནང་ལུ་ རྩ་བ་གཉིས་ཆ་ར་ དབྱེ་བ་དང་ཆ་མེད་སྦེ་ཡོད་པ་ཅིན་ དབྱེ་བ་ཕྱེ་མི་ཅིག་ཐོབ་ཨིན།,-1,0,\frac{1}{3}ལུ་ བསྒྱུར་བཅོས་འབདཝ་ཨིན།,1,d
hsc-advanced_math-12-93,i. ལྡེ་མིག་ཚུ།,sinx,x འདི་ཨིན།,1 - x དེ་མེན་པ་ཅིན་,༡ དང་ཧྲིལ་བུམ་སྦེ་,b
hsc-advanced_math-12-94,༢། ནུས་ལྡན་ཨང་གྲངས་ཚུ་,\frac{1}{2}ལུ་ བསྒྱུར་བཅོས་འབདཝ་ཨིན།,\frac{1}{\sqrt{2}} འདི་ཡང་ ཌའི་ལོག་གི་ཨང་གྲངས་ཨིན།,\frac{\sqrt{3}}{2} འདི་ཡང་ ཌེཀསི་ཊོཔ་གི་ཨང་གྲངས་ཨིན།,1,c
hsc-advanced_math-12-95,གསུམ་པ་ ནུས་མེད་ཨང་གྲངས་ཚུ་ཨིན།,\frac{\pi}{6}ལུ་ བསྒྱུར་བཅོས་འབདཝ་ཨིན།,\frac{\pi}{4}ལུ་ བསྒྱུར་བཅོས་འབདཝ་ཨིན།,\frac{\pi}{3} འདི་ཡང་ ཌེཀསི་ཊོཔ་གི་མིང་ཨིན།,\frac{\pi}{2} འདི་ཡང་ ཌེཀསི་ཊོཔ་གི་མིང་ཨིན།,c
hsc-advanced_math-12-96,འ་ནི་ཚུ་ལས་ ག་འདི་བདེན་པ་ཨིན་ན?,\frac{3\pi}{2}ལུ་ བསྒྱུར་བཅོས་འབདཝ་ཨིན།,\frac{5\pi}{4}ལུ་ བསྒྱུར་བཅོས་འབདཝ་ཨིན།,\frac{3\pi}{4}ལུ་ བསྒྱུར་བཅོས་འབདཝ་ཨིན།,\frac{\pi}{2} འདི་ཡང་ ཌེཀསི་ཊོཔ་གི་མིང་ཨིན།,b
hsc-advanced_math-12-97,3x^{2} - 5x + 1 = 0 འདི་ ཌའི་ལོག་གི་གཞི་རིམ་ ཨེལ་ཕ་དང་ བེ་ཐ་ཨིན།,ཟུར་ཐིག་ x,y གྲལ་ཐིག་,x གི་ལྟག་ལུ་སོར་ལྡོག་འབདཝ་ཨིན།,y མདའ་ལུ་མཉམ་པ་ཨིན།,b
hsc-advanced_math-12-98,,e འདི་ ༡ ཨིན།,e = ༠ ཨིན་པུཊི་,e > ༡,0 < e < 1,a
hsc-advanced_math-12-99,\alpha^{2} དང་ \beta^{2} གི་རྩ་ཅན་ཚུ་ཡོད་པའི་རྩིས་གཞི་འདི་,i དང་ ii,i དང་ iii,ii དང་ iii,"i, ii དང་ iii ཚུ་ཨིན།",b
hsc-advanced_math-12-100,"3x^{3} - 1 = 0 གི་རྩ་བ་འདི་ \aplha, \beta, \gamma ཨིན་པ་ཅིན་ \alpha^{3} + \beta^{3} + \gamma^{3} གི་གནས་གོང་འདི་",\sqrt{5} འདི་ཡང་ ཌའི་ལོག་གི་ས་སྒོ་འདི་ཨིན།,\frac{3}{\sqrt{5}} འདི་ཡང་ ཌའི་ལོག་གི་ཨང་གྲངས་ཨིན།,\frac{2}{\sqrt{5}} འདི་ཡང་ ཌའི་ལོག་གི་ཨང་གྲངས་ཨིན།,\frac{1}{\sqrt{5}} འདི་ཡང་ ཌའི་ལོག་གི་ཨང་གྲངས་ཨིན།,a
hsc-advanced_math-12-101,sin \left (\frac{\pi}{2} cos^{-1}x \right) འདི་ག་དེམ་ཅིག་ཡོདཔ་ཨིན་ན?,3x^2+5y^2འདི་ 5ཨིན།,4x^{2} + 3y^{2} འདི་ 5 ཨིན།,2x^2+3y^2=5 འདི་ཡང་ 5 གི་རྩིས་གཞི་ཨིན།,4x^2+5y^2འདི་ 5ཨིན།,d
hsc-advanced_math-12-102,2sin^{-1}x = sin^{-1}y ནང་ལུ་ x = \frac{\sqrt{3}}{2}ཨིན་པ་ཅིན་ y གི་གནས་གོང་འདི་ག་དེམ་ཅིག་ཡོདཔ་ཨིན་ན?,0\degree ཟེར་མི་འདི་,༣༠་\degrees,༦༠་\degree,༡༢༠,d
hsc-advanced_math-12-103,"cot\theta = k འདི་རྩིས་གཞི་ \theta = n\pi + \alpha གི་དོན་ཚན་ཨིན།

k = \frac{1}{\sqrt{3}} འདི་ཨིན་པ་ཅིན་ \alpha = ག་དེ་ཅིག་ཨིན་ན?
cot\theta = k འདི་རྩིས་གཞི་ \theta = n\pi + \alpha གི་དོན་ཚན་ཨིན།",i དང་ ii,i དང་ iii,ii དང་ iii,"i, ii དང་ iii ཚུ་ཨིན།",d
hsc-advanced_math-12-104,,1 གཅིག་སྒྲིལ་,༢ གཅིག་སྒྲིལ་,༣ གཅིག་པུ་,༤ གཅིག་པུ་,c
hsc-advanced_math-12-105,k = 1 དང་ \frac{\pi}{4} < \theta < 2\piཨིན་པ་ཅིན་ \theta གི་གནས་གོང་འདི་ག་དེམ་ཅིག་འོང་ནི་ཨིན་ན?,x^{2} - 2x - 2 འདི་ ༠ ཨིན།,x^{2} + 2x - 2 འདི་ ༠ ཨིན།,x^{2} - 2\sqrt{3}x + 2 = 0 ཨིན་པ་ཅིན་,x^{2} + 2\sqrt{3}x + 2 = 0 ཨིན་པ་ཅིན་,b
hsc-advanced_math-12-106,\frac{y^{2}}{16} - \frac{x^{2}}{25} = 1 ཕྲང་ཐིག་གི་ལྟག་ལུ་ཡོད་པའི་ ཟུར་ཐིག་གི་མཐའ་མཚམས་འདི་ག་འདི་ ?,i དང་ ii,i དང་ iii,ii དང་ iii,"i, ii དང་ iii ཚུ་ཨིན།",a
hsc-advanced_math-12-107,x^{2} = 16y འབད་མི་ཆ་ཕྲན་འདི་ནང་ལུ་ ཇི་ཇི་ཨེན་ཇི་ཇི་ཇི་ཇི་ཇི་ཇི་ཇི་ཇི་ཇི་ཇི་ཇི་ཇི་ཇི་ཇི་ཇི་ཇི་ཇི་ཇི་ཇི་ཇི་ཇི་ཇི་ཇི་ཇི་ཇི་ཇི་ཇི་ཇི་ཇི་ཇི་ཇི་ཇི་ཇི་ཇི་ཇི་ཇི་ཇི་ཇི་ཇི་ཇི་ཇི་ཇི་ཇི་ཇི་ཇི་ཇི་ཇི་ཇི་ཇི་ཇི་ཇི་ཇི་ཇི་ཇི་ཇི་ཇི་ཇི་ཇི་ཇི་ཇི་ཇི་ཇི་ཇི་ཇི་ཇི་ཇི་ཇི་ཇི་ཇི་ཇི་ཇི་ཇི་ཇི་ཇི་ཇི་ཇི་ཇི་ཇི་ཇི་ཇི་ཇི་ཇི་ཇི་ཇི་ཇི་ཇི་ཇི་ཇི་ཇི་ཇི་ཇི་ཇི་ཇི་ཇི་ཇི་ཇི་ཇི་ཇི་ཇི་ཇི་ཇི་ཇི་ཇི་ཇི་ཇི་ཇི་ཇི་ཇི་ཇི་ཇི་ཇི་ཇི་ཇི་ཇི་ཇི་ཇི་ཇི་ཇི་ཇི་ཇི་ཇི་ཇི་ཇི་ཇི་ཇི་ཇི་ཇི་ཇི་ཇི་ཇི་ཇི་ཇི་ཇི་ཇི་ཇི་ཇི་ཇི་ཇི་ཇི་ཇི་ཇི་ཇི་ཇི་ཇི་ཇི་ཇི་ཇི་ཇི་ཇི་ཇི་ཇི་ཇི་ཇི་ཇི་ཇི་ཇི་ཇི་ཇི་ཇི་ཇི་ཇི་ཇི་ཇི་ཇི་ཇི་ཇི་ཇི་ཇི་ཇི་ཇི་ཇི་ཇི་ཇི་ཇི་ཇི་ཇི་ཇི་ཇི་ཇི་ཇི་ཇི་ཇི་ཇི་ཇི་ཇི་ཇི་ཇི་ཇི་ཇི་ཇི་ཇི་ཇི་ཇི་ཇི་ཇི་ཇི་ཇི་ཇི་ཇི་ཇི་ཇི་ཇི་ཇི་ཇི་ཇི་ཇི་ཇི་ཇི་ཇི་ཇི་ཇི་ཇི་ཇི་ཇི་ཇི་ཇི་ཇི་ཇི་ཇི་ཇི་ཇི་ཇི་ཇི་ཇི་ཇི་ཇི་ཇི་ཇི་ཇི་ཇི་ཇི་ཇི་ཇི་ཇི་ཇི་ཇི་,ངོ་མ་རང་དང་ དོན་དག་ཅན་,ངོ་མ་རང་དང་ རིན་གོང་ཡང་མེདཔ་,དབྱེ་བ་ཕྱེ་ཚུགས།,དངོས་སུ་དང་ འདྲ་མཉམ་ཨིན་,b
hsc-advanced_math-12-109,,- ཨང་གྲངས་དེ་ ཨེ་རེ་ལུ་ཨེབ་གཏང་འབད།,\frac{1}{2}ལུ་ བསྒྱུར་བཅོས་འབདཝ་ཨིན།,-2,2,b
hsc-advanced_math-12-110,སྦོམ་ཤོས་ཀྱི་མཐའ་འཁོར་གྱི་རིང་ཚད་འདི་ ཇི་ཇི་ཨིན་མེན་ན་ཟེར་བ་ཅིན་,p^{2} འདི་ཡང་,p^{2} - 2q འདི་,#NAME ཟེར་ཨིན་ན།,#NAME ཟེར་ཨིན་ན།,a
hsc-advanced_math-12-112,i. \sqrt{7}གི་གནས་གོང་ཚུ་ གཅིག་མཚུངས་ཨིན།,3y+2 འདི་ ༠ ཨིན་པས།,3y+5 = ༠ ཨིན་པུཊི་,3y + 7 = ༠ ཨིན་པུཊི་,3y - 7 དེ་ ༠ ཨིན།,c
hsc-advanced_math-12-113,༢། ཟུར་ཐིག་ \sqrt{7} ཅིག་གིས་ བཱོལ་གཅིག་དང་གཅིག་ཁར་ ཟུར་ཐིག་ 60\degree བཟོཝ་ཨིན།,i དང་ ii,i དང་ iii,ii དང་ iii,"i, ii དང་ iii ཚུ་ཨིན།",b
hsc-advanced_math-12-114,གསུམ་པ་ ཉམས་རྒུདཔ་གཉིས་ཆ་ར་བསྡོམས་ལས་ ཆུང་ཤོས་ཨིན།,\sqrt{7}x \pm ༡༦ = ༠ ཨིན་པ་ཅིན་,\sqrt{7}x \pm ༡༢ = ༠ ཨིན་པ་ཅིན་,y གི་གནས་གོང་འདི་ ༠ ཨིན།,\sqrt{7}y \pm ༡༢ = ༠ ཨིན་པ་ཅིན་,a
hsc-advanced_math-12-115,འ་ནི་ཚུ་ལས་ ག་འདི་བདེན་པ་ཨིན་ན?,\pm 5 དེ་ནང་ལུ་,\pm \sqrt{7} འདི་ཡང་ ཌེཀསི་ཊོཔ་གི་ཨང་གྲངས་ཨིན།,\pm \sqrt{31} འདི་ཡང་ ཌེཀསི་ཊོཔ་གི་ཨང་གྲངས་ཨིན།,\pm \sqrt{39}འ་ནི་ལས་ཀ་འདི་གིས་ ཐད་ཀར་དུ་ ཁྱོད་རའི་ཨང་བཏགས་འདི་ ལེགས་བཅོས་འབད་ཚུགས།,d
hsc-advanced_math-12-116,8 དང་ 6 ཚུ་ ཚད་གཅིག་འབད་མི་ ཕྱོགས་གཅིག་འབད་མི་ དབྱེ་ཁག་གཉིས་ཨིན་པའི་ཤུགས་ཀྱིས་ 21 ཀྱི་ས་ཐག་རིང་སར་ཡོད་པའི་ དངོས་པོ་ཅིག་ལུ་ གནོད་སྐྱོན་རྐྱབ་ཡོདཔ་ཨིན། དབང་ཤུགས་གཉིས་ཆ་ར་གི་ས་སྒོ་འདི་ བརྗེ་སོར་འབད་བ་ཅིན་ ལེབ་དི་གི་ལཱ་གི་ས་སྒོ་འདི་ ས་སྒོ་ག་དེ་ཅིག་ལུ་ སྤོ་བཤུད་འབད་ནི་ཨིན་ན?,\frac{3}{\sqrt{2}} འདི་ཡང་ ཌའི་ལོག་གི་ཨང་གྲངས་ཨིན།,\frac{3}{2\sqrt{2}} འདི་ཡང་ ཌའི་ལོག་གི་ཨང་གྲངས་ཨིན།,\frac{\sqrt{3}}{\sqrt{2}}ལུ་ བསྒྱུར་བཅོས་འབདཝ་ཨིན།,\frac{\sqrt{7}}{2\sqrt{2}} འདི་ཡང་ ཌེཀསི་ཊོཔ་གི་ཨང་གྲངས་དང་ ཌེཀསི་ཊོཔ་གི་ཨང་གྲངས་ཚུ་ཨིན།,b
hsc-advanced_math-12-117,\sqrt{3} - ༡ གི་རྩ་བའི་ལྡོག་ཕྱོགས་འདི་ག་དེ་ཨིན་ན?,9,\frac{4}{9}ལུ་ བཀྲམ་སྟོན་འབདཝ་ཨིན།,\frac{3}{2}ལུ་ བསྒྱུར་བཅོས་འབདཝ་ཨིན།,\frac{8}{3} འདི་ཡང་ ཌེཀསི་ཊོཔ་གི་མིང་ཨིན།,b
hsc-advanced_math-12-118,འ་ནི་ལས་ཀ་འདི་གིས་ ཐད་ཀར་དུ་ ཌེ་བི་ཡཱན་ ཌའི་ལོག་ནང་ལུ་བཏུབ་བཟོཝ་ཨིན།,i དང་ ii,i དང་ iii,ii དང་ iii,"i, ii དང་ iii ཚུ་ཨིན།",b
hsc-advanced_math-12-119,i. ས་གཞི་འདི་ ༠ ལུ་ལྷོད་ནུག,\frac{1}{8}ལུ་ བཀྲམ་སྟོན་འབདཝ་ཨིན།,\frac{1}{2}ལུ་ བསྒྱུར་བཅོས་འབདཝ་ཨིན།,\frac{8}{15}ལུ་ བསྒྱུར་བཅོས་འབདཝ་ཨིན།,\frac{4}{7} འདི་ཡང་ ཌའི་ལོག་གི་ཨང་གྲངས་ཨིན།,d
hsc-advanced_math-12-120,༢། དབྱེ་བ་འདི་ ནུས་པ་ཅན་ཨིན།,5,7,11,15,d
hsc-advanced_math-12-121,གསུམ་པ་ ཆ་ཤས་འདི་ ནུས་མེད་ཨིན།,0,1,༢x ཨིན་པས།,2x\sqrt{1 - x^{2}} འདི་ཡང་ ཌའི་ལོག་ནང་ལུ་ཨིན་,b
hsc-advanced_math-12-122,འ་ནི་ཚུ་ལས་ ག་འདི་བདེན་པ་ཨིན་ན?,2n\pi \pm \frac{\pi}{6} འདི་ཡང་ སྦ་སྒོར་ནང་ཨིན་,2n\pi \pm \frac{\pi}{3} འདི་ཡང་ སྦ་སྒོར་ནང་ཨིན་,n\pi \pm \frac{\pi}{6}ལུ་ བསྒྱུར་བཅོས་འབདཝ་ཨིན།,n\pi \pm \frac{\pi}{3} འདི་ཡང་ སྦ་སྒོར་ནང་ཨིན་,c
hsc-advanced_math-12-123,x^{2} + 5x - 7 = 0 གི་རྩ་བ་ཚུ་ཨིན།,(2n+1) \frac{\pi}{2} འདི་ཡང་ སྦྲེལ་རྟགས་ཨིན།,(2n+1) \frac{\pi}{6} འདི་ཡང་ སྦྲེལ་རྟགས་ཨིན།,(2n+1) \frac{\pi}{3} འདི་ཡང་ བརྒྱ་ཆ་ ༢་དང་ ༡་གི་རྩིས་གཞི་ཨིན།,(2n \pm 1) \frac{\pi}{2}ལུ་ བསྒྱུར་བཅོས་འབད་ཡོདཔ་ཨིན།,b
hsc-advanced_math-12-124,2x^{2} - 5x + c = 0 གྱི་རྩ་བ་གཉིས་ཆ་ར་གིས་ འདྲ་མཉམ་གྱི་འབྲས་བུ་འདི་སོ་སོ་སྦེ་འཐོན་པ་ཅིན་ c གི་གནས་གོང་འདི་ག་དེམ་ཅིག་འོང་ནི་ཨིན་ན?,༣པི་,༢་པི་,\sqrt{3}P འདི་ཡང་ ཌེཀསི་ཊོཔ་གི་མིང་ཨིན།,\sqrt{2}P འདི་ཡང་,c
hsc-advanced_math-12-125,2x^{3} - x^{2} - 5x - 2 = 0 གི་རྩ་བ་ཚུ་གི་བསྡོམས་འདི་ག་དེམ་ཅིག་ཡོདཔ་ཨིན་ན?,8\sqrt{2}N འདི་ཚུ་,4\sqrt{2}N འདི་ཚུ་,༣༢\sqrt{2}N,༨ ནི,a
hsc-advanced_math-12-126,"x^{3} - px^{2} + 1 = 0 ཨིནམ་དང་ འདི་ནང་ལུ་རྩ་གསུམ་ \alpha, \beta དང་ \gamma ཡོད་པ་ཅིན་ \Sigma \alpha^{2} གི་གནས་གོང་དེ་ག་དེམ་ཅིག་འོང་ནི་ཨིན་ན?",0\degree ཟེར་མི་འདི་,༤༥་\degrees,༩༠་\degree,༡༨༠་\degrees,c
hsc-advanced_math-12-127,3x^{2} - 4y + 6x - 5 = 0འདི་ ཀེར་ཐིག་ཅིག་ཨིན།,༣༠་\degrees,༤༥་\degrees,༦༠་\degree,༩༠་\degree,c
hsc-advanced_math-12-128,,\frac{1}{\sqrt{5}} འདི་ཡང་ ཌའི་ལོག་གི་ཨང་གྲངས་ཨིན།,\frac{1}{3}ལུ་ བསྒྱུར་བཅོས་འབདཝ་ཨིན།,\sqrt{5} འདི་ཡང་ ཌའི་ལོག་གི་ས་སྒོ་འདི་ཨིན།,3,c
hsc-advanced_math-12-129,རང་བཞིན་གནས་སྟངས་འདི་ ག་ཅི་ལུ་དམིགས་ཏེ་ཡོདཔ་ཨིན་ན?,༣༠་\degrees,༤༥་\degrees,༦༠་\degree,༩༠་\degree,a
hsc-advanced_math-12-130,3x^{2} - 4y + 6x - 5 = 0 འདི་དཀྱིལ་འཁོར་ཅིག་ཨིན།,༣༠་\degrees,༦༠་\degree,༡༢༠,༡༥༠\degree,d
hsc-advanced_math-12-131,,2x\sqrt{x^{2} -1} འདི་ཡང་ ཌའི་ལོག་ནང་ལུ་ཨིན་,2x\sqrt{1 - x^{2}} འདི་ཡང་ ཌའི་ལོག་ནང་ལུ་ཨིན་,\frac{2x}{1 - x^{2}} འདི་ཡང་ ཌའི་ལོག་གི་ཨང་གྲངས་ཨིན།,\frac{2x}{1 + x^{2}} འདི་ཡང་ སྦྲེལ་རྟགས་ཨིན་,b
hsc-advanced_math-12-132,རང་བཞིན་གྱི་ཐིག་ཁྲམ་འདི་ག་ཏེ་ཡོདཔ་སྨོ་ཟེར་,-5,-1,1,5,c
hsc-advanced_math-12-133,3x^{2} + 4y^{2} = 1 ཡན་ལག་གི་ཐིག་ཁྲམ་,3:07,4:07,7:03,7:04,a
hsc-advanced_math-12-134,i. དྭངས་གསལ་ཅན་ཨིན།,\pm 2\sqrt{2} དེ་ཚུ་འབད་བཏུབ་ཨིན།,\pm 4 དེ་ནང་ལུ་,\pm 4\sqrt{2} དེ་ཚུ་འབད་བཏུབ་ཨིན།,\pm 8 དེ་ནང་ལུ་,d
hsc-advanced_math-12-135,"༢། ཟུར་ཐིག་ (\pm 2\sqrt{3}, 0)",4,6,8,18,b
hsc-advanced_math-12-136,གསུམ་པ་ ཟུར་ཐིག་གི་རིང་ཚད་ = \frac{\sqrt{3}}{2},"(\pm \sqrt{13}, 0) འདི་ཡང་ ཌའི་ལོག་གི་ཨང་གྲངས་ཨིན།","(\pm \sqrt{5}, 0) འདི་ཡང་ ཌེཀསི་ཊོཔ་གི་ཨང་གྲངས་ཨིན།","(0, \pm \sqrt{5}) འདི་ནང་ལུ་","(0, \pm \sqrt{13}) འདི་ནང་ལུ་",d
hsc-advanced_math-12-137,འ་ནི་ཚུ་ལས་ ག་འདི་བདེན་པ་ཨིན་ན?,"2n\pi \pm \frac{\pi}{6}, n \epsilon \mathbb{Z} ཚུ་ཨིནམ་དང་","2n\pi \pm \frac{\pi}{3}, n \epsilon \mathbb{Z} འདི་ ཀྲོང་གསར་ལུ་ཡོད་པའི་ ཀྲོང་གསར་ལུ་ཡོད་པའི་ ཀྲོང་གསར་ལུ་ཡོད་པའི་ ཀྲོང་གསར་ལུ་ཡོདཔ་ཨིན།","2n\pi \pm \frac{2\pi}{3}, n \epsilon \mathbb{Z} ཚུ་དང་ཕྱདཔ་ད་","2n\pi \pm \frac{5\pi}{6}, n \epsilon \mathbb{Z} ཚུ་ཨིནམ་དང་",c
hsc-advanced_math-12-138,9x^{2} + 16y^{2} = ༡༤༤ གི་ཐིག་ཁྲམ་འདི་ག་ཏེ་ཡོདཔ་ཨིན་ན?,-4,-3,0,4,c
hsc-advanced_math-12-139,y = 3x + c གིས་ 3x^{2} + 4y^{2} = 12 འབད་མི་ཐིག་ཁྲམ་འདི་འདོགས་པ་ཅིན་ c གི་གནས་གོང་འདི་ག་ཅི་ཨིན་ན?,-1,- ཨང་གྲངས་ཚུ་,\frac{1}{2}ལུ་ བསྒྱུར་བཅོས་འབདཝ་ཨིན།,2,b
hsc-advanced_math-12-140,x^2 - 8y^2 = 2 ཟེར་མི་འདི་གི་ལྟེ་བ་འདི་ག་དེམ་ཅིག་ཡོདཔ་ཨིན་ན?,\frac{1}{\sqrt{1} - q^{2}} འདི་ཡང་ སྦྲེལ་རྟགས་ཨིན་,\sqrt{1 - q^{2}} དེ་ནང་ལུ་,\frac{1}{\sqrt{q^{2} - 1} འདི་ཡང་ སྦྲེལ་རྟགས་ཨིན་,\sqrt{q^{2} - 1} འདི་ཡང་ ཌའི་ལོག་ནང་ལུ་ཨིན་,a
hsc-advanced_math-12-141,4x^{2} - 9y^{2} - 1 = 0 གི་ལྟག་ལུ་ཡོད་སའི་ ཕྲང་ཐིག་གི་རིང་ཚད་དེ་ག་དེམ་ཅིག་ཡོདཔ་ཨིན་ན?,"n\pi - \frac{\pi}{6}, n \epsilon \mathbb{Z}","n\pi - \frac{\pi}{2}, n \epsilon \mathbb{Z}","n\pi + \frac{\pi}{6}, n \epsilon \mathbb{Z} འདི་ ཀྲོང་གསར་ལུ་ཆགས་ཏེ་ཡོདཔ་ཨིན།","n \pi + \frac{\pi}{2}, n \epsilon \mathbb{Z} འདི་ ཀྲོང་གསར་ལུ་ཡོད་པའི་ ཀྲོང་གསར་ལུ་ཡོད་པའི་ ཀྲོང་གསར་ལུ་ཡོད་པའི་ ཀྲོང་གསར་ལུ་ཡོདཔ་ཨིན།",c
hsc-advanced_math-12-142,f (x) = tan^{-1}x ཨིན་པ་ཅིན་,\pm 3 དེ་ནང་ལུ་,\pm 2\sqrt{2} དེ་ཚུ་འབད་བཏུབ་ཨིན།,\pm 6 དེ་ནང་ལུ་,\pm 8 དེ་ནང་ལུ་,d
hsc-advanced_math-12-143,i. 2f(x) = tan^{-1} \frac{2x}{1 - x^{2}},i དང་ ii,i དང་ iii,ii དང་ iii,"i, ii དང་ iii ཚུ་ཨིན།",b
hsc-advanced_math-12-144,༢་ f (x) = sin^{-1} \frac{2x}{1 - x^{2}},༣༠་\degrees,༦༠་\degree,༩༠་\degree,༡༢༠,d
hsc-advanced_math-12-145,༢ f (x) =cos^{-1} \frac{1 - x^{2}}{1 + x^{2}},i དང་ ii,i དང་ iii,ii དང་ iii,"i, ii དང་ iii ཚུ་ཨིན།",d
hsc-advanced_math-12-146,འ་ནི་ཚུ་ལས་ ག་འདི་བདེན་པ་ཨིན་ན?,- ཨིན་ཅི་མིན་ཅི་,- ཨང་གྲངས་དེ་ ཨེ་རེ་ལུ་ཨེབ་གཏང་འབད།,\frac{1}{8}ལུ་ བཀྲམ་སྟོན་འབདཝ་ཨིན།,\frac{17}{8}ལུ་ བཀྲམ་སྟོན་འབདཝ་ཨིན།,d
hsc-advanced_math-12-147,tan \left (tan^{-1} \frac{1}{3} + tan^{-1} \frac{1}{5} \right) = ག་དེ་ཅིག་ཡོདཔ་ཨིན་ན?,2x^{2} - 3x + 1 འདི་ ༠ ཨིན་པས།,2x^{2} + 3x - 1 འདི་ ༠ ཨིན།,2x^{2} - 3x - 1 འདི་ ༠ ཨིན་པས།,2x^{2} + 3x + 1 འདི་ ༠ ཨིན།,b
hsc-advanced_math-12-148,sec^{2} (tan^{-1}2) + cosec^{2}(cot^{-1}3) འདི་ག་དེམ་ཅིག་ཡོདཔ་ཨིན་ན?,\frac{2}{\sqrt{5}} འདི་ཡང་ ཌའི་ལོག་གི་ཨང་གྲངས་ཨིན།,\frac{2}{\sqrt{3}} འདི་ཡང་ ཌེཀསི་ཊོཔ་གི་མིང་ཨིན།,\frac{\sqrt{3}}{2} འདི་ཡང་ ཌེཀསི་ཊོཔ་གི་ཨང་གྲངས་ཨིན།,\frac{\sqrt{5}}{2} འདི་ཡང་ ཌེཀསི་ཊོཔ་གི་ཨང་གྲངས་ཨིན།,c
hsc-advanced_math-12-149,sin^{-1}x + cos^{-1}x = \thetaཨིན་པ་ཅིན་ sin\thetaགི་གནས་གོང་འདི་ག་དེམ་ཅིག་ཡོདཔ་ཨིན་ན?,"(-4, 4)","(-4, 4]","(- \propto, - 4) \cup (4, \propto) འདི་ཡང་ སྦ་སྒོར་འདི་ནང་ལུ་ཨིན་","(-\propto, -4) \cup [4, \propto] འདི་ཡང་ སྦ་སྒོར་གི་མཐའ་མ་ལུ་ཡོདཔ་ཨིན།",c
hsc-advanced_math-12-150,cos2\theta = \frac{1}{2} འདི་ག་བཟུམ་ཅིག་ཨིན་ན་ཟེར་བ་ཅིན་ (n འདི་ཨང་གྲངས་ཚུ།),16x^2 + 25y^2 = 400 འདི་ཡང་ 400 ཨིན།,16x^2 - 25y^2 = 400 འདི་ལུ་བལྟ་བ་ཅིན་,9x^2 - 4y^2 འདི་ ༡༤༤ ཨིན་པས།,4x^2 - 9y^2 འདི་ ༡༤༤ ཨིན་པས།,c
hsc-advanced_math-12-151,cot2x འདི་ cotx = 1 ཨིན་པ་ཅིན་ x འདི་ག་དེ་ཅིག་ཨིན་ན?,\frac{\sqrt{3}}{2} འདི་ཡང་ ཌེཀསི་ཊོཔ་གི་ཨང་གྲངས་ཨིན།,\sqrt{\frac{3}{2}} འདི་ཡང་ ཌེཀསི་ཊོཔ་གི་མིང་ཨིན།,\frac{1}{2\sqrt{2}} འདི་ཡང་ ཌའི་ལོག་གི་ཨང་གྲངས་ཨིན།,\frac{1}{2}ལུ་ བསྒྱུར་བཅོས་འབདཝ་ཨིན།,c
hsc-advanced_math-12-152,འ་ནི་ནུས་པ་གཉིས་ཆ་ར་གིས་ P འདི་ 60° འབད་མི་ས་སྒོ་ཅིག་ལུ་ དབྱེ་བ་ཕྱེ་བ་ཅིན་ འ་ནི་ནུས་པ་གཉིས་ཆ་ར་གིས་ ག་དེ་དྲག་དྲག་ ཕན་ཐོགས་འབྱུང་ནི་སྨོ་,-9,-4,4,9,d
hsc-advanced_math-12-153,"པི་དང་ ཀི་གི་གནས་ཚད་ཀྱི་ཤུགས་གཉིས་ གཅིག་གིས་གཅིག་ལུ་ ཌིག་རི་ ༤༥་གི་ས་སྒོ་གཅིག་ནང་ལུ་ མཉམ་འབྲེལ་འབདཝ་ཨིན། འདི་ཚུ་གིས་ 16N,P གི་ཤུགས་ཀྱིས་ 30° འབད་མི་སྒོ་སྒྲིག་ཅིག་ བཟོ་ཡོདཔ་ཨིན། ཀི་བཱོལ་གྱི་གནས་གོང་འདི་ག་དེམ་ཅིག་ཡོདཔ་ཨིན་ན?",-9,-4,4,9,d
hsc-advanced_math-12-154,ཌའི་ལོག་གཉིས་ཆ་ར་གིས་ ཌའི་ལོག་གཉིས་ཆ་ར་ལུ་ ཌའི་ལོག་གཉིས་ཆ་ར་གིས་ ཌའི་ལོག་གཉིས་ཆ་ར་ལུ་ ཌའི་ལོག་གཉིས་ཆ་ར་ལུ་ ཌའི་ལོག་གཉིས་ཆ་ར་ལུ་ ཌའི་ལོག་གཉིས་ཆ་ར་གིས་ ཌའི་ལོག་གཉིས་ཆ་ར་ལུ་ ཌའི་ལོག་གཉིས་ཆ་ར་ལུ་ ཌའི་ལོག་གཉིས་ཆ་ར་ལུ་ ཌའི་ལོག་གཉིས་ཆ་ར་ལུ་ ཌའི་ལོག་གཉིས་ཆ་ར་ལུ་ ད་ང་བཅས་གཉིས་ཆ་ར་གི་བར་ནའི་ ཟུར་ཐིག་འདི་ག་དེ་ཅིག་ཨིན་ན?,P,༢་པི་,༣པི་,༤པི་,a
hsc-advanced_math-12-155,"\sqrt{37}N,3N དང་ 4N གྱི་ཤུགས་གསུམ་གྱིས་ དངོས་པོ་གཅིག་གུ་ལཱ་འབད་དེ་ དབྱེ་སེལ་འབདཝ་ཨིན། 3N དང་ 4N གི་བར་ནའི་ཟུར་འདི་ག་དེམ་ཅིག་ཡོདཔ་ཨིན་ན?",༣༠་\degrees,༤༥་\degrees,༦༠་\degree,༡༢༠,c
hsc-advanced_math-12-156,f (x) =cossec (cot^{-1}x) ཨིན་པ་ཅིན་ f (x) (2) གི་གནས་གོང་དེ་ག་དེམ་ཅིག་ཡོདཔ་ཨིན་ན?,༡ ནི,༢ ནི,༣ ནི,༥ ནི,b
hsc-advanced_math-12-159,ཌི་བི་ཨོ་གི་ རྒྱང་ཚད་འདི་ག་དེམ་ཅིག་ཡོདཔ་ཨིན་ན?,"- 3, - 1","0, 3","- 1, 3","1, 3",d
hsc-advanced_math-12-160,9x^{2} - 4y^{2} + 36 = 0 འདི་ཡར་སེང་གི་རྩིས་གཞི་ཨིན།,5,6,7,8,b
hsc-advanced_math-12-161,,6x^2 - 3x + 1 = 0 ཨིན་པས།,5x^{2} - 3x - 1 འདི་ ༠ ཨིན།,5x^{2} - 3x + 1 འདི་ ༠ ཨིན་པས།,3x^{2} - 5x + 1 འདི་ ༠ ཨིན།,c
hsc-advanced_math-12-162,སྦུག་གི་ས་སྒོ་འདི་ག་ཏེ་ལུ་ཡོདཔ་སྨོ་ཟེར་,x^{2} - 2x + 2 = 0 ཨིན་པས།,x^{2} + 2x - 2 འདི་ ༠ ཨིན།,x^{2} - 2x - 2 འདི་ ༠ ཨིན།,x^{2} + 2x + 2 འདི་ ༠ ཨིན།,a
hsc-advanced_math-12-163,2 cos2 \theta + 1 = 0 གི་སྤྱིར་བཏང་ཐབས་ལམ་འདི་ག་ཅི་ཨིན་ན་?,-2,0,1,3,b
hsc-advanced_math-12-164,"x^{3} - 4x + 3 = 0 འདི་ a, b, c གི་རྩ་བ་ཚུ་ཨིན་པ་ཅིན་ \Sigma a གི་གནས་གོང་འདི་ག་དེམ་ཅིག་འོང་ནི་ཨིན་ན?",i དང་ ii,i དང་ iii,ii དང་ iii,"i, ii དང་ iii ཚུ་ཨིན།",d
hsc-advanced_math-12-165,གལ་སྲིད་ x^{2} + x + 2 = 0 འདི་ ཌའི་ལོག་གི་རྩ་བ་ \alpha དང་ \beta ཨིན་པ་ཅིན་ \frac{1}{\alpha} + \frac{1}{\beta} གི་གནས་གོང་དེ་ག་དེམ་ཅིག་འོང་ནི་ཨིན་ན?,2n\pi \pm \alpha ནང་ལུ་,n\pi \pm \alpha ཕྲ་རིང་གི་མཐའ་མ་ལུ་,n\pi + (-1) ^{n} \alpha ནང་ལུ་,n\pi - (- 1) ^{n} \alpha འདི་ཡང་ ཀེར་ཐིག་ཚུའི་མཐའ་མ་ལུ་ཡོདཔ་ཨིན།,a
hsc-advanced_math-12-166,"p = cos\theta, q = sin\theta ཨིན་པ་ཅིན་ ","n\pi - (- 1) ^{n} \frac{\pi}{6}, n \epsilon \mathbb{Z}","n\pi + (- 1) ^{n} \frac{\pi}{6}, n \epsilon \mathbb{Z}","\frac{n\pi}{2} - (- 1) ^{n} \frac{\pi}{12}, n \epsilon \mathbb{Z}","\frac{n\pi}{2} + (- 1) ^{n} \frac{\pi}{12}, n \epsilon \mathbb{Z}",d
hsc-advanced_math-12-167,,\frac{\sqrt{3}}{5} འདི་ཡང་ ཌེཀསི་ཊོཔ་གི་མིང་ཨིན།,\frac{\sqrt{3}}{4} འདི་ཡང་ ཌེཀསི་ཊོཔ་གི་ཨང་གྲངས་ཨིན།,\frac{4}{5}ལུ་ བཀྲམ་སྟོན་འབདཝ་ཨིན།,\frac{5}{4}ལུ་ བཀྲམ་སྟོན་འབདཝ་ཨིན།,c
hsc-advanced_math-12-168,sec\theta གི་གནས་གོང་ག་དེ་ཅིག་ཨིན་ན?,"(a sec\theta, bcosec\theta) འདི་ཡང་ ཌའི་ལོག་གི་ཨང་གྲངས་ཨིན།","(b sec\theta, a cosec\theta) འདི་ཡང་ ཕྲ་རིང་གི་ཕྲ་རིང་གི་ཕྲ་རིང་གི་ཕྲ་རིང་གི་ཕྲ་རིང་གི་ཕྲ་རིང་གི་ཕྲ་རིང་ཨིན།","(a cos\theta, b sin\theta) འདི་ཡང་ ཀོ་སིཊ་དང་ བི་སིཊ་གཉིས་ཆ་རང་ཨིན།","(a sin \theta, b cos \theta) འདི་ཡང་ ཌའི་ལོག་གི་ཨང་གྲངས་ཨིན།",c
hsc-advanced_math-12-169,"p = cos\theta, q = sin\theta འདི་ཡང་ ""p"" འདི་ ""cos\theta"" དང་ ""q"" འདི་ ""sin\theta"" ཨིན།","[-1, 1]","(-1, 1]","(-1, 1)","[-1, 1)",a
hsc-advanced_math-12-170,,i དང་ ii,i དང་ iii,ii དང་ iii,"i, ii དང་ iii ཚུ་ཨིན།",b
hsc-advanced_math-12-171,p - \sqrt{3}q = 0 གི་སྤྱིར་བཏང་ཐབས་ལམ་འདི་ག་ཅི་ཨིན་ན་?,"(0, 2)","(2, 0)","(1, 0)","(0, 1)",a
hsc-advanced_math-12-172,3x^{2} - px + 4 = 0 འདི་ p གི་གནས་གོང་ག་དེམ་ཅིག་ཡོདཔ་ཨིན་ན?,y+3 = ༠ ཨིན་པུཊི་,y - 3 = ༠ ཨིན་ན།,x+3འདི་ ༠ ཨིན།,ཟློག་པ་གསུམ་འདི་ ༠ ཨིན།,b
hsc-advanced_math-12-173,\frac{x^{2}}{a^{2}} + \frac{y^{2}}{b^{2}} = 1 ཀེར་ཐིག་འདི་ ཀེར་ཐིག་གི་མིང་འདི་ཨིན།,ཟུར་ཐིག་,ལྡེ་མིག་,དུས་རྒྱུན་གྱི་,ཕབ་ཆག་ཐོབ་ཡོདཔ་ཨིན།,b
hsc-advanced_math-12-174,u དང་ v གཉིས་ཆ་ར་གཏན་འཁེལ་སྦེ་ཡོད་པ་ཅིན་ v^{2} = u^{2} + 2as འདི་ཡིག་འབྲུ་ལུ་འགྱུར་འོང་།,ཐད་ཕྲང་ཐིག་,དུས་རྒྱུན་གྱི་,ཕབ་ཆག་ཐོབ་ཡོདཔ་ཨིན།,ཟུར་ཐིག་,b
hsc-advanced_math-12-175,3x^{2} + 2y^{2} = 12 ཕྲང་ཐིག་གི་ ཚད་འཛིན་ཐིག་གི་རྩིས་གཞི་འདི་,༢་x = \pm \sqrt{3} འདི་ ༢་གི་གནས་གོང་ཨིན།,x = \pm 2\sqrt{3} འདི་ཡང་ སྦྲེལ་རྟགས་འདི་ཨིན།,y = \pm 2\sqrt{3} འདི་ཨིན་པ་ཅིན་,y = \pm 3\sqrt{2} འདི་ཡང་ y = \pm 3\sqrt{2} ཨིན།,d
hsc-advanced_math-12-176,a_{1}x^{2} + b_{1}x + c_{1} = 0 དང་ a_{2}x^{2} + b_{2}x + c_{2} = 0 གཉིས་ཆ་རང་འདི་ འདྲ་མཉམ་གྱི་རྩ་བ་སྤྱིར་བཏང་ཨིན་པའི་གནས་སྟངས་ཨིན།,a_{1}b_{2} = a_{2}b_{1} དང་ཅིག་སྦེ་ཨིན་,(a_{1}b_{2} - a_{2}b_{1}) = (c_{1}a_{2} - c_{2}a_{1}) ^{2},a_{1} + a_{2} = b_{1} + b_{2} = c_{1} + c_{2},\frac{a_{1}}{a_{2}} = \frac{b_{1}}{b_{2}} = \frac{c_{1}}{c_{2}} ཕྲང་ཐིག་གི་ཕྲང་ཐིག་གི་ཕྲང་ཐིག་གི་ཕྲང་ཐིག་ཚུ་,d
hsc-advanced_math-12-177,y = mx + c འདི་ y^{2} = 4ax གི་མཐའ་འཁོར་ལུ་ཐོནམ་ཨིན།,"\left (\frac{a}{m^{2}}, \frac{2a}{m} \right) འདི་ སྦ་སྒོར་ནང་ཡོད་མི་ སྦ་སྒོར་ནང་ཡོད་མི་ སྦ་སྒོར་ནང་ཡོད་མི་ སྦ་སྒོར་ནང་ཡོད་མི་ སྦ་སྒོར་ནང་ཡོད་མི་ སྦ་སྒོར་ནང་ཡོད་མི་","\left (\frac{a}{m^{2}}, \frac{m}{2a} \right) འདི་ སྦ་སྒོར་ནང་ཡོད་མི་ སྦ་སྒོར་ནང་ཡོད་མི་ སྦ་སྒོར་ནང་ཡོད་མི་ སྦ་སྒོར་ནང་ཡོད་མི་ སྦ་སྒོར་ནང་ཡོད་མི་","\left (\frac{2a}{m}, \frac{a}{m^{2}} \right) འདི་ སྦ་སྒོར་གི་མཐའ་མ་ལུ་ཡོད་པའི་ སྦ་སྒོར་དེ་ཨིན།","\left (\frac{m^{2}}{a}, \frac{2a}{m} \right) འདི་ སྦ་སྒོར་གི་མཐའ་མ་ལུ་ཡོད་པའི་ སྦ་སྒོར་དེ་ཨིན།",a
hsc-advanced_math-12-178,x^{2} = -12y འདི་ ཀེར་ཐིག་གི་,i དང་ ii,i དང་ iii,ii དང་ iii,"i, ii དང་ iii ཚུ་ཨིན།",d
hsc-advanced_math-12-179,"i. ཟུར་ཐིག་ཚུའི་ལྟེ་བ་འདི་ (0, -3)","10, 8","8, 10","5, 4","4, 5",a
hsc-advanced_math-12-180,༢། ཚད་འཛིན་གྱི་མཉམ་པ་ y - 3 = 0,y = \pm \frac{16}{\sqrt{41}} འདི་ཨིན་པ་ཅིན་,y = \pm \frac{25}{\sqrt{39}} འདི་ཨིན་པ་ཅིན་,y = \pm \frac{25}{\sqrt{41}} འདི་ཨིན་པ་ཅིན་,y = \pm \frac{\sqrt{41}}{25} ཚུ་ཨིནམ་དང་,c
hsc-advanced_math-12-181,གསུམ་པ་ ཟུར་ལྟེ་བའི་རིང་ཚད་ y+3 = 0 ཨིན།,\sqrt{\frac{3}{5}} འདི་ཡང་ ཌེཀསི་ཊོཔ་གི་མིང་ཨིན།,\sqrt{\frac{5}{3}} འདི་ཡང་ ཌེཀསི་ཊོཔ་གི་ཨང་གྲངས་ཨིན།,\sqrt{\frac{5}{2}} འདི་ཡང་ ཌེཀསི་ཊོཔ་གི་མིང་ཨིན།,\sqrt{\frac{2}{5}} འདི་ཡང་ ཌེཀསི་ཊོཔ་གི་མིང་ཨིན།,d
hsc-advanced_math-12-182,འ་ནི་ཚུ་ལས་ ག་འདི་བདེན་པ་ཨིན་ན?,༦༠་\degree,༩༠་\degree,༡༢༠,༡༥༠\degree,d
hsc-advanced_math-12-183,"25x^{2} - 16y^{2} + 400 = 0 འདི་ ཧྲིལ་བུམ་གྱི་རྩིས་གཞི་ཨིན།

ཕྲ་རིང་གི་ལྟག་ཕྱོགས་དང་ ཟུར་གྱི་ལྟག་ཕྱོགས་འདི་ ",༣༠་\degrees,༤༥་\degrees,༡༠༠\degree,༡༢༠,d
hsc-advanced_math-12-184,"25x^{2} - 16y^{2} + 400 = 0 འདི་ ཧྲིལ་བུམ་གྱི་རྩིས་གཞི་ཨིན།

ཚད་འཛིན་གྱི་ཐིག་ཁྲམ་འདི་ག་ཅི་བཟུམ་ཅིག་ཨིན་ན?",i དང་ ii,i དང་ iii,ii དང་ iii,"i, ii དང་ iii ཚུ་ཨིན།",a
hsc-advanced_math-12-185,3x^{2} + 5y^{2} = 15 འདི་ཡང་ ཟུར་ཐིག་གི་ལྟེ་བ་འདི་ཨིན།,1,-1,i,#NAME ཟེར་ཨིན་ན།,c
hsc-advanced_math-12-186,"པི་ ཨིསི་ཀའོརཊི་ (P, P) པོ་ལཱསི་གསུམ་འདི་ གཅིག་ཁར་བསྡོམས་ཏེ་ཡོད་པ་ཅིན་ དང་པ་དེ་དང་གཉིས་པ་གི་བར་ན་ཡོད་མི་ ཟུར་ཐིག་འདི་ག་དེམ་ཅིག་འོང་ནི་སྨོ་",\pm \frac{1}{\sqrt{3}} (1 + i) འདི་ ཀེར་ཐིག་གི་ གྱངས་ཁ་ཨིན།,\pm \frac{1}{\sqrt{3}} (1 - i) འདི་ ཀེར་ཐིག་གཉིས་པ་ཨིན་,\pm \frac{1}{\sqrt{6}} (1 + i) འདི་ སྦྲེལ་རྟགས་ཨིན་,\pm \frac{1}{\sqrt{6}} (1 - i) འདི་ ཀེར་ཐིག་ ༡ ལས་བརྒལ་མེདཔ་ཨིན།,c
hsc-advanced_math-12-187,སྣུམ་འཁོར་འདི་ དུས་ཡུན་ཆུ་ཚོད་ ༨ གི་ནང་འཁོད་ལུ་འགྱོ་ཚུགས། མི་དབང་མཆོག་གིས་ འདི་ཚུ་མགྱོགས་དྲགས་སྦེ་འགྱོ་དོ་ཡོདཔ་ཨིན། སྣུམ་འཁོར་ནང་ལས་ ཀི་ལོ་མི་ཊར་༡༦ དེ་ཅིག་གི་ས་ཁར་ མི་དབང་མཆོག་གིས་ སྣུམ་འཁོར་འདི་ག་ཏེ་ལུ་ བཏང་པ་ཅིན་ སྣུམ་འཁོར་གྱི་ཕྱོགས་ལུ་ ཟུར་ཐིག་གཅིག་བཟོ་ཚུགས་ག?,i དང་ ii,i དང་ iii,ii དང་ iii,"i, ii དང་ iii ཚུ་ཨིན།",d
hsc-advanced_math-12-188,འ་ནི་ལས་ཀ་འདི་གིས་ གཟུགས་ཀྱི་ཡན་ལག་ ཌེ་བི་ཡཱན་ (DBA) ནང་ལུ་བཏུབ་ཨིན།,-8,8,0,1,a
hsc-advanced_math-12-189,i. བར་སྟོང་ནང་ལུ་ དངོས་པོ་འདི་ འཁོར་ལམ་གཅིག་ནང་ལུ་འགྱོ་ནུག,ax^{2} + 2hxy + by^{2} འདི་ཡང་ སྦྲེལ་མཐུད་འབདཝ་ཨིན།,2x^2དང་ 3xy དེ་ལས་ y^2,2x^{2} + y^{2} + 2gx + 2fy + c འདི་ཡང་ 2x^{2} + y^{2} + 2gx + 2fy + c,2x^{2} + \frac{3y}{x} + y^{2} འདི་ཡང་ སྦྲེལ་མཐུད་འབད་བཏུབ་ཨིན།,d
hsc-advanced_math-12-190,༢། ཕྲང་ཐིག་གི་ལྡོག་ཕྱོགས་དེ་ Rཨིན་པ་ཅིན་ R = \frac{u^{2}}{g},ཌའི་ལོག་འདི་ངོ་མ་དང་ འདྲ་མཉམ་ཨིན།,སྒོ་ངོ་མ་འདི་རྩ་ཅན་ཨིན།,འོས་འབབ་དང་ ཁྱད་པར་,སྒོ་ངོ་མ་འདི་ མགུ་འཐོམ་སི་སི་ཨིན།,c
hsc-advanced_math-12-191,གསུམ་པ་ ཕྲ་རྡུལ་འདི་ དུས་ཡུན་རིངམ་ཅིག་གི་རིང་ལུ་གནས་འོང་།,1,3,4,5,a
hsc-advanced_math-12-192,འ་ནི་ཚུ་ལས་ ག་འདི་བདེན་པ་ཨིན་ན?,\frac{\pi}{2} འདི་ཡང་ ཌེཀསི་ཊོཔ་གི་མིང་ཨིན།,\pi,\frac{\pi}{4}ལུ་ བསྒྱུར་བཅོས་འབདཝ་ཨིན།,0,d
hsc-advanced_math-12-193,n \epsilon \mathdd{N} འདི་ཨིན་པ་ཅིན་ i^{8n+5} འདི་ག་དེམ་ཅིག་སྦེ་འོང་ནི་ཨིན་ན?,i དང་ ii,i དང་ iii,ii དང་ iii,"i, ii དང་ iii ཚུ་ཨིན།",d
hsc-advanced_math-12-194,\frac{1}{3}i གི་གྲུ་བཞི་རྩ་བ་དེ་ག་དེམ་ཅིག་ཨིན་ན།,x འདི་ཨིན།,x^{2} འདི་ཡང་,x^{3} འདི་ཨིན་མེན་ན།,0,a
hsc-advanced_math-12-195,འ་ནི་ལས་ཀ་འདི་གིས་ བསྡུ་ཡིག་གི་རྣམ་པ་སོ་སོ་འཕྱལ་ཚུགསཔ་ཨིན།,༢n\pi,(2n + 1) \pi,2n\pi + \frac{\pi}{4} འདི་ཡང་ ཌའི་ལོག་གི་ཨང་གྲངས་ཨིན།,(2n - 1) \pi,c
hsc-advanced_math-12-196,i. \overline{z_{1} + z_{2}} = \overline{z_{1}} + \overline{z_{2}},i དང་ ii,i དང་ iii,ii དང་ iii,"i, ii དང་ iii ཚུ་ཨིན།",d
hsc-advanced_math-12-197,ii. \overline{z} = z ཨིན་པ་ཅིན་,\frac{n\pi}{2} + (-1) ^{n} \frac{n\pi}{12} འདི་ཡང་ སྦྲེལ་མཐུད་འབད་ཞིནམ་ལས་,\frac{n\pi}{2} + (-1) ^{n} \frac{n\pi}{6} འདི་ཡང་ སྦྲེལ་མཐུད་འབད་ཞིནམ་ལས་ སྦྲེལ་མཐུད་འབད་མི་ལུ་བལྟ་བ་ཅིན་,n\pi + (-1) ^{n} \frac{\pi}{12} ཚུ་དང་བསྡུར་པ་ཅིན་,n\pi + (-1) ^{n} \frac{\pi}{6} ཚུ་དང་བསྡུར་པ་ཅིན་,a
hsc-advanced_math-12-198,སྐར་མ་ ༡ དང་ ༡ གི་བར་ན་ལུ་ སྐར་མ་ ༡ དང་ ༡ གི་བར་ན་ལུ་ སྐར་མ་ ༡ དང་ ༡ གི་བར་ན་ལུ་ སྐར་མ་ ༡ དང་ ༡ གི་བར་ན་ལུ་ སྐར་མ་ ༡ གི་བར་ན་ལུ་ སྐར་མ་ ༡ གི་བར་ན་ལུ་ སྐར་མ་ ༡ གི་བར་ན་ལུ་ སྐར་མ་ ༡ གི་བར་ན་ལུ་ སྐར་མ་ ༡ གི་བར་ན་ལུ་,\frac{1}{3}ལུ་ བསྒྱུར་བཅོས་འབདཝ་ཨིན།,3,\frac{4}{3}ལུ་ བསྒྱུར་བཅོས་འབདཝ་ཨིན།,\frac{3}{4}ལུ་ བཀྲམ་སྟོན་འབདཝ་ཨིན།,b
hsc-advanced_math-12-199,འ་ནི་ཚུ་ལས་ ག་འདི་བདེན་པ་ཨིན་ན?,\frac{2mn -1}{m^{2}}ལུ་ བསྒྱུར་བཅོས་འབདཝ་ཨིན།,\frac{1 - 2mn}{m^{2}} འདི་ཡང་ ཌའི་ལོག་གི་ས་སྒོ་འདི་ཨིན།,\frac{2n - 1}{m^{2}}ལུ་ བསྒྱུར་བཅོས་འབདཝ་ཨིན།,\frac{1 - 2n}{m^{2}}ལུ་ བསྒྱུར་བཅོས་འབདཝ་ཨིན།,b
hsc-advanced_math-12-200,ཨོ་མེ་ག་དེ་ ཨོ་མེ་ག་གི་ཀུབ་ཀུབ་རྩ་དང་ ཨོ་མེ་ག་དེ་ ཨོ་མེ་ག་གི་ཀུབ་རྩ་ཨིནམ་དང་ ཨོ་མེ་ག་དེ་ ཨོ་མེ་ག་གི་ཀུབ་རྩ་ཨིནམ་དང་ ཨོ་མེ་ག་དེ་ ཨོ་མེ་ག་གི་ཀུབ་རྩ་ཨིན།,2x^{2} - x + 4 = 0 ཨིན་པས།,2x^{2} + x + 6 = 0 ཨིན་པས།,2x^{2} - x - 6 འདི་ ༠ ཨིན་པས།,2x^{2} + 9x + 4 འདི་ ༠ ཨིན།,c
hsc-advanced_math-12-201,འོག་གི་ལས་སྣ་ཚུ་ལས་ ག་འདི་ སྐར་མ་མང་པོའམ་ སྐར་མ་མང་པོའམ་མེན།,i དང་ ii,i དང་ iii,ii དང་ iii,"i, ii དང་ iii ཚུ་ཨིན།",c
hsc-advanced_math-12-202,"x^{2} - 5x + 6 = 0 ཟེར་བའི་རྩིས་གཞི་གི་རྩ་བ་གཉིས་ \gamma, \delta

འ་ནི་རྩིས་གཞི་གི་རྩ་བ་གཉིས་ལས་ ག་འདི་བདེན་པ་ཨིན་ན?
x^{2} - 5x + 6 = 0 ཟེར་བའི་རྩིས་གཞི་གི་རྩ་བ་གཉིས་ \gamma, \delta",- ཨང་གྲངས་ཚུ་,\frac{3}{4}ལུ་ བཀྲམ་སྟོན་འབདཝ་ཨིན།,- ཨང་གྲངས་དེ་ ཨང་གྲངས་དེ་ཨིན།,\frac{3}{2}ལུ་ བསྒྱུར་བཅོས་འབདཝ་ཨིན།,a
hsc-advanced_math-12-203,,sin^{-1} \frac{3}{\sqrt{10}}ལུ་ བསྒྱུར་བཅོས་འབདཝ་ཨིན།,cos^{-1} \frac{1}{\sqrt{10}} འདི་ ཀོ་སི་ཀོརཊི་གི་གནས་གོང་ཨིན།,\frac{1}{2} tan^{-1} \frac{3}{5} འདི་ཡང་ ཌའི་ལོག་ནང་ལུ་ཨིན་,\frac{1}{2} sin^{-1} \frac{3}{5}ལུ་ བསྒྱུར་བཅོས་འབདཝ་ཨིན།,d
hsc-advanced_math-12-204,\gamma > \delta འདི་ག་བཟུམ་ཅིག་ཨིན་ན?,\frac{4}{3}ལུ་ བསྒྱུར་བཅོས་འབདཝ་ཨིན།,\frac{9}{4}ལུ་ བཀྲམ་སྟོན་འབདཝ་ཨིན།,\frac{4}{9}ལུ་ བཀྲམ་སྟོན་འབདཝ་ཨིན།,\frac{2}{3} འདི་ཡང་ ཌའི་ལོག་གི་ཨང་གྲངས་ཨིན།,a
hsc-advanced_math-12-205,x^{2} + 4x + 2y = 0 གི་མཐའ་འཁོར་གྱི་ལྟེ་བ་འདི་ x-axis གི་ཟུར་ཁ་ག་ཚོད་ཡོདཔ་ཨིན་ན?,\frac{3}{4}ལུ་ བསྒྱུར་བཅོས་འབདཝ་ཨིན།,\frac{3}{5}ལུ་ བཀྲམ་སྟོན་འབདཝ་ཨིན།,\frac{\sqrt{41}}{4} འདི་ཡང་ ཌེཀསི་ཊོཔ་གི་ཨང་གྲངས་ཨིན།,\frac{\sqrt{41}}{5} འདི་ཡང་ ཌེཀསི་ཊོཔ་གི་ཨང་གྲངས་ཨིན།,d
hsc-advanced_math-12-206,འ་ནི་ལས་ཀ་འདི་གིས་ ཐད་ཀར་དུ་ Trigonometric function ལུ་ ཌའི་ལོག་བརྐྱབ་ཚུགས།,x = \pm \sqrt{41} འདི་ཡང་ སྦྲེལ་རྟགས་འདི་ཨིན།,y = \pm \sqrt{41} འདི་ཡང་ y = \pm \sqrt{41} ཨིན།,x = \pm 3 འདི་ཡང་,y = \pm3 འདི་ཨིན་ཅི་མིན་ཅི་,b
hsc-advanced_math-12-207,"i. sin^{-1}x གི་ཁྱབ་ཁོངས་འདི་ [-1, 1]",༣༠་\degrees,༦༠་\degree,༡༢༠,༡༥༠\degree,d
hsc-advanced_math-12-208,"ii.cos^{-1}x གི་ཁྱབ་ཚད་འདི་ [0, \pi]ཨིན།",\theta = n\pi འདི་ཡང་,\theta = (2n + 1) \pi,\theta = (4n - 1) \frac{\pi}{2},\theta = (4n + 1) \frac{\pi}{2},c
hsc-advanced_math-12-209,"tan^{-1}x གི་ས་སྒོ་འདི་ (-\infty, \infty)",༤༥་\degrees,༦༠་\degree,༡༢༠,༡༣༥ \ degree,d
hsc-advanced_math-12-210,འ་ནི་ཚུ་ལས་ ག་འདི་བདེན་པ་ཨིན་ན?,ཟུར་ཐིག་འདི་ ཕྲང་ལམ་ནང་ལུ་འགྱོ་ནུག,ནང་འཁོད་ལུ་འགྱོ་ནི་,སྦ་སྒོར་གྱི་ས་སྒོ་,དབྱེ་ཁག་གི་ལྟེ་བ་འདི་ མེདཔ་ཐལ་ནུག,d
hsc-advanced_math-12-211,sincot^{-1} tancos^{-1}x གི་གནས་གོང་འདི་ག་ཅི་ཨིན་ན?,-5,-18,-9,-10,c
hsc-advanced_math-12-212,cos \theta + sin \theta = \sqrt{2} འདི་ཨིན་པ་ཅིན་ \theta གི་གནས་གོང་དེ་,དངོས་སུ་དང་ འདྲ་མཉམ་ཨིན་,དངོས་སུ་དང་ དབྱེ་བ་མེད།,དབྱེ་བ་ཕྱེ་ཚུགས།,དངུལ་གྱི་རིགས་,b
hsc-advanced_math-12-214,,\frac{1}{\sqrt{3}} འདི་ཡང་ ཌེཀསི་ཊོཔ་གི་མིང་ཨིན།,- ཨང་གྲངས་དེ་ ཨང་གྲངས་ཀྱི་ཟུར་ཆ་ཨིན།,\sqrt{3} འདི་ཡང་ ཌའི་ལོག་ནང་ལུ་,- ཨིན་ཅི་མིན་ཅི་,c
hsc-advanced_math-12-215,འ་ནི་སྲོག་ཆགས་འདི་ག་བཟུམ་ཅིག་ཡོདཔ་ཨིན་ན?,n\pi \pm \frac{\pi}{3} འདི་ཡང་ སྦ་སྒོར་ནང་ཨིན་,n\pi \pm \frac{\pi}{6}ལུ་ བསྒྱུར་བཅོས་འབདཝ་ཨིན།,2n\pi \pm \frac{\pi}{3} འདི་ཡང་ སྦ་སྒོར་ནང་ཨིན་,2n\pi \pm \frac{\pi}{6} འདི་ཡང་ སྦ་སྒོར་ནང་ཨིན་,a
hsc-advanced_math-12-216,16y^{2} - 25x^{2} = 400 འདི་ ཀེར་ཐིག་ཅིག་གི་རྩིས་གཞི་ཨིན།,i དང་ ii,i དང་ iii,ii དང་ iii,"i, ii དང་ iii ཚུ་ཨིན།",b
hsc-advanced_math-12-217,,\sqrt{\frac{2}{3}} འདི་ཡང་ ཌེཀསི་ཊོཔ་གི་མིང་ཨིན།,\frac{\sqrt{2}}{3} འདི་ཡང་ ཌེཀསི་ཊོཔ་གི་ཨང་གྲངས་ཨིན།,2\sqrt{\frac{2}{3}} འདི་ཡང་ ཌའི་ལོག་གི་ས་སྒོ་འདི་ཨིན།,\frac{2\sqrt{2}}{3} འདི་ཡང་ ཌེཀསི་ཊོཔ་གི་ཨང་གྲངས་ཨིན།,a
hsc-advanced_math-12-218,འ་ནི་གློག་རྡུལ་འདི་ནང་གི་ ཟུར་ལྟེ་བའི་རིང་ཚད་འདི་ག་དེམ་ཅིག་ཡོདཔ་ཨིན་ན?,༩\sqrt{3}N འདི་ཚུ་,༩ ནི,3\sqrt{3}N འདི་ཚུ་,༣ ནི,b
hsc-advanced_math-12-219,tan x + 1 = 0 གི་རྩིས་གཞི་འདི་ག་བཟུམ་ཅིག་ཨིན་ན?,"(0, \pm 4\sqrt{2}) འདི་ནང་ལུ་","(\pm 4\sqrt{2}, 0) འདི་ཡང་ ཌའི་ལོག་གི་ཨང་གྲངས་ཨིན།","(0, \pm 3\sqrt{2}) འདི་ནང་ལུ་","(\pm 3\sqrt{2}, 0) འདི་ཡང་ ཌའི་ལོག་གི་ཨང་གྲངས་ཨིན།",d
hsc-advanced_math-12-220,sin^{3}\theta + sin\theta cos^{2}\theta = - 1ཨིན་པ་ཅིན་ འོག་གི་དོན་དག་ཚུ་ག་འདི་བདེན་པ་ཨིན་ན?,\frac{5}{4}ལུ་ བཀྲམ་སྟོན་འབདཝ་ཨིན།,\frac{4}{5}ལུ་ བཀྲམ་སྟོན་འབདཝ་ཨིན།,\frac{5}{2}ལུ་ བསྒྱུར་བཅོས་འབདཝ་ཨིན།,\frac{2}{5} འདི་ཡང་ ཌའི་ལོག་གི་ཨང་གྲངས་ཨིན།,c
hsc-advanced_math-12-221,པི་དང་ \sqrt{2} པི་གཉིས་ཆ་ར་གི་ཐིག་ཁྲམ་འདི་ པི་གི་ཐིག་ཁྲམ་ལུ་ལྟག་སྟེ་ཡོད་པ་ཅིན་ ཟུར་གྱི་ཟུར་འདི་ག་དེམ་ཅིག་འོང་ནི་ཨིན་ན?,i དང་ ii,i དང་ iii,ii དང་ iii,"i, ii དང་ iii ཚུ་ཨིན།",d
hsc-advanced_math-12-222,ཟུར་ཐིག་གསུམ་གྱི་ལྟག་ལུ་ དབྱིབས་འདྲ་མཉམ་གསུམ་ཡོད་པའི་ཤུགས་ཀྱིས་ ཤུགས་ཚད་འདྲ་མཉམ་ཚུ་བཏོན་པ་ཅིན་,\frac{1}{2}ལུ་ བསྒྱུར་བཅོས་འབདཝ་ཨིན།,\frac{2}{\sqrt{3}} འདི་ཡང་ ཌའི་ལོག་གི་ཨང་གྲངས་ཨིན།,\frac{\sqrt{3}}{2} འདི་ཡང་ ཌེཀསི་ཊོཔ་གི་ཨང་གྲངས་ཨིན།,2,c
hsc-advanced_math-12-223,4x^{2} + kx + 2 = 0 འདི་ ཆ་མཉམ་གྱི་རྩ་བ་ 2 ཨིན།,"(4, 4)","(-4, 4)","(-4, -4)","(4, -4)",b
hsc-advanced_math-12-224,,\pm 2\sqrt{7} འདི་ཡང་ ཌེཀསི་ཊོཔ་གི་ཨང་གྲངས་ཨིན།,\pm 3\sqrt{26} ཕྲ་རིང་གི་མཐའ་འཁོར་ལུ་ཡོད་པའི་,\pm 6\sqrt{6} འདི་ཡང་ ཌེཀསི་ཊོཔ་གི་ཨང་གྲངས་ཨིན།,\pm 4\sqrt{4} དེ་ཚུ་ ཌའི་ལོག་གི་ས་སྒོ་ཚུ་ཨིན།,d
hsc-advanced_math-12-225,k འདི་ག་བཟུམ་ཅིག་ཨིན་ན?,4,5,6,8,c
hsc-advanced_math-12-226,4x^{2} + kx + 2 = 0 འདི་ ཆ་མཉམ་གྱི་རྩ་བ་ 2 ཨིན།,"(\pm 3, 0)","(0, \pm 3) འདི་ཡང་","(\pm 2, 0)","(0, \pm 2) འདི་ཡང་",b
hsc-advanced_math-12-227,,i དང་ ii,i དང་ iii,ii དང་ iii,"i, ii དང་ iii ཚུ་ཨིན།",d
hsc-advanced_math-12-228,ཌའི་ལོག་གི་ཨེབ་རྟ་འདི་ ཨེགསི་ཨེབ་གཏང་འབད།,༡༥\degree,༣༠་\degrees,༤༥་\degrees,༩༠་\degree,c
hsc-advanced_math-12-229,"6x^{3} + 3x^{2} + 2 = 0 འདི་ a, b, c འདི་གསུམ་གྱི་རྩ་བ་ཨིནམ་ད་ \Sigma a^{2}b^{2} གི་གནས་གོང་དེ་ག་ཅི་ཨིན་ན?",\sqrt{2}P འདི་ཡང་,\sqrt{3}P འདི་ཡང་ ཌེཀསི་ཊོཔ་གི་མིང་ཨིན།,༢་པི་,༣པི་,a
hsc-advanced_math-12-230,tan^{-1}\ \frac{1}{\sqrt{3}} + tan^{-1}x = \frac{\pi}{2} འདི་འབད་བ་ཅིན་ x འདི་ ?,i དང་ ii,i དང་ iii,ii དང་ iii,"i, ii དང་ iii ཚུ་ཨིན།",d
hsc-advanced_math-12-231,-2 (cos^{2}x - sin^{2}x) = 1 གི་ཐབས་ལམ་འདི་ག་ཅི་ཨིན་ན་?,P: Q: R = sinA: sinB: sinC,P: Q: R = tanA: tanB: tanC,P: Q: R = sin2A: sin2B: sin2C,P: Q: R = 1: 1: 1,d
hsc-advanced_math-12-233,i. ཚད་འཛིན་འབད་ནིའི་ནུས་པ་སྦོམ་ཤོས་འདི་ ༡༤ ནི།,༤༥་\degrees,༩༠་\degree,༡༣༥ \ degree,༡༨༠་\degrees,b
hsc-advanced_math-12-234,༢། ཕྲང་ཕྲང་གི་གནས་གོང་ཆུང་ཤོས་འདི་ ༢ ནི།,\frac{4}{3}ལུ་ བསྒྱུར་བཅོས་འབདཝ་ཨིན།,\frac{3}{4}ལུ་ བཀྲམ་སྟོན་འབདཝ་ཨིན།,\frac-4}{3}ལུ་ བསྒྱུར་བཅོས་འབདཝ་ཨིན།,\frac{-3}{4}ལུ་ བསྒྱུར་བཅོས་འབདཝ་ཨིན།,a
hsc-advanced_math-12-235,iii. \alpha = \frac{\pi}{2}ལུ་ ལེབ་དི་གི་གནས་གོང་ = 10N,x^{2} - 4x + 5 = 0 ཨིན་པས།,x^{2} + 4x - 3 འདི་ ༠ ཨིན།,x^{2} - 4x + 3 འདི་ ༠ ཨིན།,x^{2} + 4x - 5 དེ་ ༠ ཨིན་པས།,a
hsc-advanced_math-12-236,འ་ནི་ཚུ་ལས་ ག་འདི་བདེན་པ་ཨིན་ན?,-2,-4,2,4,b
hsc-advanced_math-12-237,cotk = \frac{1}{2} འདི་ cot tan^{-1} sec sin^{-1} cotk གི་གནས་གོང་འདི་ག་ཅི་ཨིན་ན?,དངོས་སུ་དང་ དབྱེ་བ་མེད།,ངོ་མ་མིན་འདུག་,ཨམ་འུ་ལ་ཌ་,དངོས་སུ་དང་ འདྲ་མཉམ་ཨིན་,b
hsc-advanced_math-12-238,y^{2} = 4x + 8y གི་མཐའ་འཁོར་གྱི་མཐའམ་འདི་ཨིན།,4,2,-4,-2,c
hsc-advanced_math-12-239,y = 3x + c འདི་ཐིག་ \frac{x^{2}}{5} + \frac{y^{2}}{3} = 1 གི་ཕྲང་བ་འདི་ཚུའི་མཐའ་འཁོར་ལུ་ཡོད་པ་ཅིན་ c གི་གནས་གོང་འདི་ག་ཅི་ཨིན་ན?,ཨང་དང་པམ་གཉིས་ ཨང་དང་པམ་བཞི་ ཨང་དང་པམ་བཞི་,ཨང་དང་པམ་གཉིས་ ཨང་དང་པམ་བཞི་ ཨང་དང་པམ་བཞི་,"\frac{-4}{3}, \frac{2}{3} དེ་ཚུ་འབད་བཏུབ་ཨིན།","\frac{2}{3}, \frac{4}{3} དེ་ཚུ་འབད་བཏུབ་ཨིན།",b
hsc-advanced_math-12-240,\frac{x^{2}}{16} - \frac{y^{2}}{9} = 1 ཧའི་པེ་རོ་བ་ལཱལ་གྱི་ ཟུར་ཐིག་གི་རིང་ཚད་དེ་ག་དེམ་ཅིག་ཡོདཔ་ཨིན་ན?,5,15,\sqrt{5} - \sqrt{10} ཕྲ་རིང་གི་མཐའ་འཁོར་ལུ་ཡོད་པའི་,-5,d
hsc-advanced_math-12-241,2sin\frac{\theta}{2} - 1 = 0 এর সাধারণ সমাধান কোনটি?,2n\pi - \frac{\pi}{3} འདི་ཡང་ སྦྲེལ་རྟགས་ཨིན་,2n\pi + \frac{\pi}{3} འདི་ཡང་ ཌའི་ལོག་གི་ཨང་གྲངས་ཨིན།,n\pi + (-1) ^{n} \frac{\pi}{6} ཚུ་དང་བསྡུར་པ་ཅིན་,2n\pi + (-1) ^{n} \frac{\pi}{3} འདི་ཡང་ སྦྲེལ་རྟགས་ཨིན་,d
hsc-advanced_math-12-242,f (x) = sin^{-1}x ཨིན་པ་ཅིན་,i དང་ ii,i དང་ iii,ii དང་ iii,"i, ii དང་ iii ཚུ་ཨིན།",d
hsc-advanced_math-12-243,i. f (x) + f (x^{2}}) = \frac{\pi}{2},2n\pi - \frac{\pi}{3} འདི་ཡང་ སྦྲེལ་རྟགས་ཨིན་,2n\pi + \frac{\pi}{3} འདི་ཡང་ ཌའི་ལོག་གི་ཨང་གྲངས་ཨིན།,2n\pi +\frac{\pi}{6} འདི་ཡང་ སྦྲེལ་རྟགས་ཨིན་,2n\pi - \frac{\pi}{6} འདི་ཡང་ བརྒྱ་ཆ་གཉིས་ཨིན།,b
hsc-advanced_math-12-244,ii. cosec \{f(x) \} = \frac{1}{x},k > ༤,k < ༤ ཨིན་པས།,k > ༡,k > ༡༦,c
hsc-advanced_math-12-245,iii. f(1) = \frac{\pi}{2},pr = q ཨིན་ན།,pq + r = ༠ ཨིན།,qr = p ཨིན་ན།,r འདི་ p ཨིན།,b
hsc-advanced_math-12-246,འ་ནི་ཚུ་ལས་ ག་འདི་བདེན་པ་ཨིན་ན?,i,ii,i དང་ iii,"i, ii དང་ iii ཚུ་ཨིན།",d
hsc-advanced_math-12-247,cos \theta + \sqrt{3} sin \theta = 2 གྱི་རྩིས་གཞི་འདི་ག་དེ་ཅིག་ཨིན་ན།,1,\sqrt{3}i འདི་ལུ་བལྟ་བ་ཅིན་,-1,༡ དང་ ༣i,b
hsc-advanced_math-12-248,k གི་གནས་གོང་འདི་ག་དེམ་ཅིག་ཨིན་པ་ཅིན་ kx^{2} + 4x + 4 = 0 གིས་ འདྲ་མཉམ་གྱི་རྩ་བ་གཉིས་པ་ལུ་ དཀའཝ་སྤྱད་ནི་ཨིན་ན?,1 - i,༡ དང་ ༡ ལུ་ཡར་འཕར་འབདཝ་ཨིན།,- ཨེཕ་རེཀཊ་ (FRAC) ་ (FRAC) ་ (FRAC) ་,\frac{1}{2} \pm \frac{\sqrt{5}{2} འདི་ཡང་ ཌའི་ལོག་གི་ས་སྒོ་འདི་ནང་ལུ་ཨིན།,c
hsc-advanced_math-12-249,x^{3} + px^{2} + qx - r = 0 གྱི་རྩ་བ་གཉིས་བསྡོམས་ཏེ་ ༠ ཨིན་པ་ཅིན་ གནས་སྟངས་ག་བཟུམ་ཡོདཔ་ཨིན་ན?,a^{2} + b^{2} འདི་ཡང་ བརྒྱ་ཆ་ ༢་གི་རྩིས་གཞི་ཨིན།,a + b འདི་ཡང་,a^{2}ལས་ b^{2}ལུ་ བསྒྱུར་འབདཝ་ཨིན།,a - b འདི་,a
hsc-advanced_math-12-251,,\frac{x^{2}}{16} - \frac{y^{2}}{9} = 0 ཨིན་པ་ཅིན་,\frac{x^{2}}{16} + \frac{y^{2}}{9} = ༠ ཨིན་པ་ཅིན་,y = \pm \frac{3}{4}x གི་གནས་གོང་དེ་ཨིན།,x = \pm \frac{5}{4}y འདི་ཨིན་པ་ཅིན་,c
hsc-advanced_math-12-252,"(\alpha - \beta) གི་གནས་གོང་འདི་ག་དེམ་ཅིག་ཡོདཔ་ཨིན་ན?""",i དང་ ii,i དང་ iii,ii དང་ iii,"i, ii དང་ iii ཚུ་ཨིན།",b
hsc-advanced_math-12-254,"i. པེ་རམ་ཊིཀས་ཀོརཊི་ནེཊི་ (2cos\theta, sin\theta)",\pi,\frac{\pi}{2} འདི་ཡང་ ཌེཀསི་ཊོཔ་གི་མིང་ཨིན།,༢\pi,\frac{\pi}{4}ལུ་ བསྒྱུར་བཅོས་འབདཝ་ཨིན།,b
hsc-advanced_math-12-255,༢། ཕྲང་ཕྲང་གི་ཕྲང་ཐིག་ x-axis གི་རིང་ལུ་,\frac{1}{3}ལུ་ བསྒྱུར་བཅོས་འབདཝ་ཨིན།,- ཨང་གྲངས་དེ་ ཨང་གྲངས་ཀྱི་ཟུར་ཆ་ཨིན།,\frac{1}{2}ལུ་ བསྒྱུར་བཅོས་འབདཝ་ཨིན།,-1,d
hsc-advanced_math-12-256,གསུམ་པ་ མདའ་ཁྱབ་ས་ཐག་རིང་ས་ ༢ \sqrt{3},i དང་ ii,i དང་ iii,ii དང་ iii,"i, ii དང་ iii ཚུ་ཨིན།",a
hsc-advanced_math-12-257,འ་ནི་ཚུ་ལས་ ག་འདི་བདེན་པ་ཨིན་ན?,\frac{\pi}{4}ལུ་ བསྒྱུར་བཅོས་འབདཝ་ཨིན།,\frac{\pi}{2} འདི་ཡང་ ཌེཀསི་ཊོཔ་གི་མིང་ཨིན།,\frac{3\pi}{4}ལུ་ བསྒྱུར་བཅོས་འབདཝ་ཨིན།,\frac{3\pi}{2}ལུ་ བསྒྱུར་བཅོས་འབདཝ་ཨིན།,c
hsc-advanced_math-12-258,sinx = cos x འདི་ཨིན་པ་ཅིན་ x གི་གནས་གོང་འདི་ག་དེམ་ཅིག་ཡོདཔ་ཨིན་ན?,A - B = \frac{\pi}{4} ཨིན།,cot B = ༢ ཨིན་པས།,cot^{-1}2 = \frac{\pi}{2} + B ཨིན་པ་ཅིན་,cot^{-1}2 = \frac{\pi}{2} - བི་,d
hsc-advanced_math-12-259,sin^{-1} \frac{2}{5} + sin^{-1} \frac{\sqrt{21}}{5} འདི་ག་དེ་ཅིག་ཨིན་ན།,༥ ནི,༡༠ ནི,2\sqrt{3}N འདི་ཚུ་,༧ ནི,a
hsc-advanced_math-12-260,3sec^{-1} (2) = cos^{-1}x འདི་ཨིན་པ་ཅིན་ x གི་གནས་གོང་འདི་ག་དེམ་ཅིག་ཡོདཔ་ཨིན་ན?,"3\sqrt{5}, ༡༠ དེ་ཚུ་",ལྡེ་མིག་ ༢་༣་,"༥\sqrt{3}, ༡༠ ལུ་","༣,༢\sqrt{3} དེ་ཚུ་འབད་བཏུབ་ཨིན།",d
hsc-advanced_math-12-262,i. ལྡེ་མིག་འདི་ ༡༢༠/degree ཨིན།,i དང་ ii,i དང་ iii,ii དང་ iii,"i, ii དང་ iii ཚུ་ཨིན།",a
hsc-advanced_math-12-263,༢། \sqrt{3}Q གི་གནས་གོང་འདི་ ༡ ཨིན།,i དང་ ii,i དང་ iii,ii དང་ iii,"i, ii དང་ iii ཚུ་ཨིན།",c
hsc-advanced_math-12-264,གསུམ་པ་ 2Q balls གི་རིང་ཚད་འདི་ Q balls གི་ཕྱོགས་ལུ་ 3Q,1 དང་ 0,1 དང་ - \frac{\pi}{2},1 དང་ \pi,1 དང་ \frac{\pi}{2} གི་བར་ན་,b
hsc-advanced_math-12-265,འ་ནི་ཚུ་ལས་ ག་འདི་བདེན་པ་ཨིན་ན?,དངོས་སུ་དང་ འདྲ་མཉམ་ཨིན་,དངོས་སུ་དང་ དབྱེ་བ་མེད།,ཨམ་འུ་ལ་ཌ་,དབྱེ་བ་ཕྱེ་ཚུགས།,b
hsc-advanced_math-12-266,འ་ནི་ལས་ཀ་འདི་གིས་ སྣུམ་འཁོར་གཏང་ནིའི་ནུས་པ་སླར་གསོ་འབདཝ་ཨིན།,\text{- 2} འདི་ཡང་ ཌའི་ལོག་ནང་ལུ་ཨིན་,\text{- 1} འདི་ཡང་ ཌའི་ལོག་ནང་ལུ་,0,2,a
hsc-advanced_math-12-267,i. \frac{u^{2}}{g}ལུ་ མཐོ་ཤོས་འབད་ཡོདཔ་ཨིན།,i དང་ ii,i དང་ iii,ii དང་ iii,"i, ii དང་ iii ཚུ་ཨིན།",d
hsc-advanced_math-12-268,༢། \frac{u}{g}ལུ་ མཐོ་ཤོས་ལུ་ལྷོད་པའི་སྐབས་,\text{- 1} འདི་ཡང་ ཌའི་ལོག་ནང་ལུ་,- ཨང་གྲངས་ཚུ་,\frac{1}{2}ལུ་ བསྒྱུར་བཅོས་འབདཝ་ཨིན།,1,c
hsc-advanced_math-12-269,གསུམ་པ་ ཕྲང་ཐིག་གི་དུས་ཡུན་ \frac{2u}{g},མི་ཊར་༣༦,38 m,མི་ཊར་༤༢,མི་ཊར་ ༡༥༠,b
hsc-advanced_math-12-270,འ་ནི་ཚུ་ལས་ ག་འདི་བདེན་པ་ཨིན་ན?,i དང་ ii,i དང་ iii,ii དང་ iii,"i, ii དང་ iii ཚུ་ཨིན།",d
hsc-advanced_math-12-271,-i གི་གནས་གོང་དང་རྒྱུ་མཚན་ཚུ་ -,- ཨེཕ་རེཀཊི་ (ཨེཕ་རེཀཊི་) =༥ ཨེཕ་རེཀཊི་,- ཨེཕ་རེཀསི་ ཨེཕ་རེཀསི་ ༥ ཨེཕ་རེཀསི་,"\frac{\pi}{6}, \frac{-5}{\pi}{6} འདི་ཡང་ སྦྲེལ་རྟགས་ཨིན་","\frac{\pi}{6}, \frac{5\pi}{6} འདི་ཡང་ སྦྲགས་སྦྲགས་འབད་བཏུབ་ཨིན།",a
hsc-advanced_math-12-272,x^{2} - 5x + 4 = 0 འདི་ ཆ་མཉམ་གྱི་རྩ་བ་གཉིས་ཨིན།,\frac{5}{4}ལུ་ བཀྲམ་སྟོན་འབདཝ་ཨིན།,\frac{4}{5}ལུ་ བཀྲམ་སྟོན་འབདཝ་ཨིན།,\frac{\sqrt{5}}{2} འདི་ཡང་ ཌེཀསི་ཊོཔ་གི་ཨང་གྲངས་ཨིན།,\frac{2}{\sqrt{5}} འདི་ཡང་ ཌའི་ལོག་གི་ཨང་གྲངས་ཨིན།,a
hsc-advanced_math-12-273,ཨོ་མེ་གཱི་གི་རྩ་བ་ཨུ་ནི་ཀྲིན་གྱིས་ ཨོ་མེ་གཱི་གི་ཨོ་མེ་གཱི་གི་རྩ་བ་ཨོ་མེ་གཱི་གི་རྩ་བ་ཨོ་མེ་གཱི་གི་རྩ་བ་ཨོ་མེ་གཱི་གི་རྩ་བ་ཨོ་མེ་གཱི་གི་རྩ་བ་ཨོ་མེ་གཱི་གི་རྩ་བ་ཨོ་མེ་གཱི་གི་རྩ་བ་ཨོ་མེ་གཱི་གི་རྩ་བ་ཨོ་མེ་གཱི་གི་རྩ་བ་ཨོ་མེ་གཱི་གི་རྩ་བ་ཨོ་མེ་གཱི་གི་རྩ་བ་ཨོ་མེ་གཱི་གི་རྩ་བ་ཨོ་མེ་གཱི་གི་རྩ་བ་ཨོ་མེ་གཱི་གི་རྩ་བ་ཨོ་མེ་གཱི་གི་རྩ་བ་ཨོ་མེ་གཱི་གི་རྩ་བ་ཨོ་མེ་གཱི་གི་རྩ་བ་ཨོ་མེ་གཱི་གི་རྩ་བ་ཨོ་མེ་གཱི་གི་རྩ་བ་ཨོ་མེ་གཱི་གི་རྩ་བ་ཨོ་མེ་གཱི་གི་རྩ་བ་ཨོ་མེ་གཱི་གི་རྩ་བ་ཨོ་མེ་གཱི་གི་རྩ་བ་ཨོ་མེ་གཱི་གི་རྩ་བ་ཨོ་མེ་གཱི་གི་རྩ་བ་ཨོ་མེ་གཱི་གི་རྩ་,"\theta = (2n + 1) \frac{\pi}{2}, n \epsilon \mathbb{Z}","\theta = (2n + 1) \pi, n \epsilon \mathbb{Z}","\theta = (4n - 1) \frac{\pi}{2}, n \epsilon \mathbb{Z}","\theta = (4n + 1) \frac{\pi}{2}, n \epsilon \mathbb{Z}",a
hsc-advanced_math-12-275,i. \alpha = 0 ཨིན་པ་ཅིན་ཐོབ་ཐངས་སྦོམ་ཤོས་འདི་,0,\pi,\frac{\pi}{2} འདི་ཡང་ ཌེཀསི་ཊོཔ་གི་མིང་ཨིན།,tan^{-1}\frac{9}{40}ལུ་ བཀྲམ་སྟོན་འབདཝ་ཨིན།,c
hsc-advanced_math-12-276,i. \alpha = 180\degree གིས་ ཉུང་ཤོས་ཐོབ་ཚུགསཔ་ཨིན།,i དང་ ii,i དང་ iii,ii དང་ iii,"i, ii དང་ iii ཚུ་ཨིན།",a
hsc-advanced_math-12-277,གསུམ་པ་ པི་ (P) གི་ཤུགས་ཚད་འདི་ པི་ (P) + ཀི་ (Q) ཀོསི་ (cos) ཨཱལ་ཕ་ (alpha) ཨིན།,ཀི་ལོ་མི་ཊར་ ༡.༨ དེ་ཅིག་གི་རིང་ལུ་,K < \frac{1}{8} འདི་ ཀྲོང་གསར་ལུ་ཡོད་པའི་,K > \frac{1}{8} འདི་ཡང་ ཀེར་ཐིག་གི་དོན་ཚན་ཚུ་ཨིན།,ཀི་ < - \frac{1}{8},d
hsc-advanced_math-12-278,འ་ནི་ཚུ་ལས་ ག་འདི་བདེན་པ་ཨིན་ན?,\text{- 2} འདི་ཡང་ ཌའི་ལོག་ནང་ལུ་ཨིན་,0,\frac{1}{2}ལུ་ བསྒྱུར་བཅོས་འབདཝ་ཨིན།,2,b
hsc-advanced_math-12-279,ཕྲང་ཕྲང་གི་དུས་ཡུན་འདི་ sinx = - \frac{1}{2} ཨིན།,- ཨང་གྲངས་དེ་ ཨེ་རེ་ལུ་ཨེབ་གཏང་འབད།,- ཨང་གྲངས་དེ་ ཨེ་རེ་ལུ་ཨེབ་གཏང་འབད།,0,\frac{3}{5}ལུ་ བཀྲམ་སྟོན་འབདཝ་ཨིན།,c
hsc-advanced_math-12-280,སེ་ཀའུཊི་^{2} (སེ་ཀའུཊི་^{-1}\sqrt{5}) གི་གནས་གོང་དེ་,a འདི་ ༠ ཨིན།,b = ༠ ཨིན་པུཊི་,c = ༠ ཨིན་པུཊི་,b = c = ༠ ཨིན་ན།,c
hsc-advanced_math-12-281,cos2\theta = -1 ཨིན་པ་ཅིན་,"(8, 0)","(0, 8)","(0, 10)","(10, 0)",d
hsc-advanced_math-12-282,\frac{x^{2}}{16} + \frac{y^{2}}{9} = 1 ཨེལ་པི་ལིག་གི་ སྦོམ་ཤོས་ཀྱི་ཕྲང་ཐིག་གི་རྩིས་སྟོནམ་ཨིན།,"(8, 0)","(0, 8)","(0, 10)","(10, 0)",d
hsc-advanced_math-12-283,tan^{-1} \frac{5}{4} + cot^{-1} \frac{5}{4} གི་གནས་གོང་འདི་ཨིན།,sec ༡ དང་,sec ༡.༤༡ ལུ་,༢ sec,༢.༨༢ སཱག་,c
hsc-advanced_math-12-285,,ཐད་ཕྲང་ཐིག་,ལྡེ་མིག་,དུས་རྒྱུན་གྱི་,ཟུར་ཐིག་,b
hsc-advanced_math-12-286,"ཕྲང་ཐིག་གི་ལྟེ་བ་ལུ་ ཟུར་ཐིག་""",20,16,12,8,d
hsc-advanced_math-12-287,y^{2} = 32x - 64 འདི་ ཀླད་ཀོར་གྱི་རྩིས་གཞི་ཨིན།,(4n - 1) \frac{\pi}{4}; n \epsilon \mathbb{Z},(4n + 1) \frac{\pi}{4}; n \epsilon \mathbb{Z},(8n - 1) \frac{\pi}{4}; n \epsilon \mathbb{Z},(8n + 1) \frac{\pi}{4}; n \epsilon \mathbb{Z},a
hsc-advanced_math-12-288,,མི་ཊར་༤.༥,མི་ཊར་༧.༥,མི་ཊར་༡༣.༥,མི་ཊར་ ༡༥,b
hsc-advanced_math-12-289,"ཕྲང་ཐིག་གི་ལྟེ་བ་ལུ་ ཟུར་ཐིག་""",0.25 m,མི་ཊར་༡.༢༢༥,༢.༤༥ m,4.9 m,b
hsc-advanced_math-12-290,འདི་འབདཝ་ལས་ རྩི་རང་རྫོང་ཁག་གི་ མི་སེར་ཚུ་གིས་ རང་སོའི་ས་ཁོངས་ནང་ རང་སོའི་མི་ཁུངས་ཀྱི་ སྦ་སྒོར་ཚུ་ བཙུགས་ཞིནམ་ལས་ རང་སོའི་ས་ཁོངས་ནང་ སྦ་སྒོར་ཚུ་ བཙུགས་ནི་འགོ་བཙུགས་ནུག,\sqrt{\frac{3}{2}} འདི་ཡང་ ཌེཀསི་ཊོཔ་གི་མིང་ཨིན།,\sqrt{3} འདི་ཡང་ ཌའི་ལོག་ནང་ལུ་,\frac{3}{2}ལུ་ བསྒྱུར་བཅོས་འབདཝ་ཨིན།,3,b
hsc-advanced_math-12-291,10N དང་ 5N འདི་གཉིས་ཆ་ར་ དབྱེ་ཞིབ་འབད་ཡོད་པའི་ཤུགས་ཀྱིས་ 15མི་ཊར་གྱི་རིང་ཚད་ཡོད་པའི་འོད་མདངས་ཀྱི་དབྱུག་པ་གཉིས་ཆ་ར་ལུ་ གནོད་སྐྱོན་རྐྱབ་པ་ཅིན་ དབྱེ་ཞིབ་འབད་ཡོད་པའི་ཤུགས་ཀྱིས་ ཤུགས་ཆུང་ཤོས་ལས་ཐག་རིང་ས་ག་དེ་ཅིག་ལུ་ གནོད་སྐྱོན་རྐྱབ་ནི་ཨིན་ན?,0\degree ཟེར་མི་འདི་,༦༠་\degree,༩༠་\degree,༡༢༠,c
hsc-advanced_math-12-292,z = x + iy ཨིནམ་ལས་ z = 5 གིས་,-10,-8,8,10,c
hsc-advanced_math-12-293,"y^{2} = 16x གི་མཐའ་འཁོར་ལུ་ཡོད་པའི་ (4, 8) གི་ལྟེ་བ་གི་ས་སྒོ་འདི་ག་དེ་ཅིག་ཡོདཔ་ཨིན་ན?",-6,-2,0,2,c
hsc-advanced_math-12-294,tan\theta + 1 = 0 གི་སྤྱིར་བཏང་ཐབས་ལམ་འདི་ག་ཅི་ཨིན་ན་?,- ཨེཕ་རེཀསི་,\frac{\pi}{6}ལུ་ བསྒྱུར་བཅོས་འབདཝ་ཨིན།,- ཨང་གྲངས་དེ་ ཨེ་རེ་ལུ་ཨེབ་གཏང་འབད།,\frac{7\pi}{6}ལུ་ བཀྲམ་སྟོན་འབདཝ་ཨིན།,c
hsc-advanced_math-12-295,ཕྲ་རྡུལ་ཅིག་གིས་ གནས་སྟངས་འདི་ནང་ལས་ སྣུམ་འཁོར་མ་འགྱོ་བར་ སྣུམ་འཁོར་མ་འགྱོ་བར་ སྣུམ་འཁོར་མ་འགྱོ་བར་ སྣུམ་འཁོར་མ་འགྱོ་བར་ སྣུམ་འཁོར་མ་འགྱོ་བར་ སྣུམ་འཁོར་མ་འགྱོ་བར་ སྣུམ་འཁོར་མ་འགྱོ་བར་ སྣུམ་འཁོར་མ་འགྱོ་བར་ སྣུམ་འཁོར་མ་འགྱོ་བར་ སྣུམ་འཁོར་མ་འགྱོ་བར་ སྣུམ་འཁོར་མ་འགྱོ་བར་ སྣུམ་འཁོར་མ་འགྱོ་བར་ སྣུམ་འཁོར་མ་འགྱོ་བར་ སྣུམ་འཁོར་མ་འགྱོ་བར་,i དང་ ii,i དང་ iii,ii དང་ iii,"i, ii དང་ iii ཚུ་ཨིན།",a
hsc-advanced_math-12-296,9.8 ms^{-1} འགོ་ཐོག་ལུ་ ས་གཞི་དང་གཅིག་ཁར་ 30\degree ཀྱི་ཟུར་ཁ་ལུ་ སྣུམ་འཁོར་གཅིག་འཕུར་བཏང་ནུག ཕྲ་རྡུལ་འདི་ ག་དེ་ཅིག་མཐོཝ་ཡོདཔ་ཨིན་ན?,\sqrt{7}N འདི་ཚུ་,\sqrt{19}N འདི་ཚུ་,༧ ནི,༡༩ ནི,b
hsc-advanced_math-12-297,2y^{2} - x^{2} = 1 གི་ལྟག་ལུ་ཡོད་མི་དེ་ག་ཅི་སྨོ་,-1,1,#NAME ཟེར་ཨིན་ན།,i,d
hsc-advanced_math-12-298,"རྡུལ་ཕྲན་ཅིག་ལུ་ 3 ms^{-1}, 4ms^{-1} དང་ 5 ms^{-1} གི་ཤུགས་གསུམ་གྱིས་ གནོད་སྐྱོན་རྐྱབ་ད་ རྡུལ་ཕྲན་འདི་ འདྲ་མཉམ་སྦེ་གནས་ཡོདཔ་ཨིན། མགྱོགས་ཚད་ཆུང་ཤོས་འདི་ གཉིས་ཀྱི་བར་ནའི་ཟུར་འདི་ག་དེམ་ཅིག་ཨིན།",x^{2} - 2x - 4 དེ་ ༠ ཨིན་པས།,x^{2} - 2x + 4 = 0 ཨིན་པས།,x^{2} + 2x - 4 དེ་ ༠ ཨིན་པས།,x^{2} + 2x + 4 འདི་ ༠ ཨིན།,b
hsc-advanced_math-12-299,P(x) + x^{2} - Kx + 9འདི་ བི་པི་ཨེན་པི་ཨེམ་པི་ཨེམ་པི་ཨེམ་པི་ཨེམ་པི་ཨེམ་པི་ཨེམ་པི་ཨེམ་པི་ཨེམ་པི་ཨེམ་པི་ཨེམ་པི་ཨེམ་པི་ཨེམ་པི་ཨེམ་པི་ཨེམ་པི་ཨེམ་པི་ཨེམ་པི་ཨེམ་པི་ཨེམ་པི་ཨེམ་པི་ཨེམ་པི་ཨེམ་པི་ཨེམ་པི་ཨེམ་པི་ཨེམ་པི་ཨེམ་པི་ཨེམ་པི་ཨེམ་པི་ཨེམ་པི་ཨེམ་པི་ཨེམ་པི་ཨེམ་པི་ཨེམ་པི་ཨེམ་པི་ཨེམ་པི་ཨེམ་པི་ཨེམ་པི་ཨེམ་པི་ཨེམ་པི་ཨེམ་པི་ཨེམ་པི་,i དང་ ii,i དང་ iii,ii དང་ iii,"i, ii དང་ iii ཚུ་ཨིན།",a
hsc-advanced_math-12-300,,"(-1, 0)","(1, 0)","(0, -1)","(0, 1)",b
hsc-advanced_math-12-301,K = 2 ཨིན་པ་ཅིན་ P (x) གི་གནས་གོང་ཆུང་ཤོས་འདི་ག་ཅི་ཨིན་ན?,x འདི་ ༠ ཨིན།,x གི་གྲས་ལས་ - 2 = 0,4x - 3 དེ་ ༠ ཨིན་པས།,4x - 5 དེ་ ༠ ཨིན།,d
hsc-advanced_math-12-302,3x^{3} -6x + 8 = 0 འདི་ག་བཟུམ་ཅིག་ཡོདཔ་ཨིན་ན?,"1N, 2N དང་ 3N","2N, 3N དང་ 4N","3N, 4N དང་ 5N",3N དང་ 5N དེ་ལས་ 7N,a
hsc-advanced_math-12-303,\sqrt{3} -i གི་གཞི་རྟེན་ཚིག་ཡིག་འདི་ག་ཏེ་ཡོདཔ་ཨིན་ན?,\frac{1}{4}ལུ་ བཀྲམ་སྟོན་འབདཝ་ཨིན།,\frac{1}{2}ལུ་ བསྒྱུར་བཅོས་འབདཝ་ཨིན།,\frac{3}{4}ལུ་ བཀྲམ་སྟོན་འབདཝ་ཨིན།,1,c
hsc-advanced_math-12-304,4x^{2} + y^{2} = 4 འདི་ ཟུར་ཐིག་གི་ཐད་ལུ་ཨིན།,2x^{2} - 3x + 1 འདི་ ༠ ཨིན་པས།,2x^{2} - 3x - 1 འདི་ ༠ ཨིན་པས།,3x^{2} - 2x + 1 འདི་ ༠ ཨིན།,3x^{2} - 2x - 1 འདི་ ༠ ཨིན།,c
hsc-advanced_math-12-305,i. ཟུར་ཐིག་སྦོམ་ཤོས་ཀྱི་རིང་ཚད་ ༤,i དང་ ii,ii དང་ iii,i དང་ iii,"i, ii དང་ iii ཚུ་ཨིན།",d
hsc-advanced_math-12-306,༢། ཟུར་ཐིག་ཚུའི་རིང་ཚད་ ༡,- ཨང་གྲངས་དེ་ ཨེ་རེ་ལུ་ཨེབ་གཏང་འབད།,\frac{3}{5}ལུ་ བཀྲམ་སྟོན་འབདཝ་ཨིན།,- ཨང་གྲངས་དེ་ཅིག་ཡང་མེད་,\frac{2}{5} འདི་ཡང་ ཌའི་ལོག་གི་ཨང་གྲངས་ཨིན།,a
hsc-advanced_math-12-307,"གསུམ་པ་ ཟུར་ཐིག་འདི་ (0, \pm\sqrt{2})","2n\pi \pm \frac{\pi}{3}, n \epsilon \mathbb{Z} འདི་ ཀྲོང་གསར་ལུ་ཡོད་པའི་ ཀྲོང་གསར་ལུ་ཡོད་པའི་ ཀྲོང་གསར་ལུ་ཡོད་པའི་ ཀྲོང་གསར་ལུ་ཡོདཔ་ཨིན།","n\pi + (-1) ^{n} \frac{\pi}{3}, n \epsilon \mathbb{Z}","n\pi + (-1) ^{n} \frac{\pi}{6}, n \epsilon \mathbb{Z}","2n\pi \pm \frac{\pi}{6}, n \epsilon \mathbb{Z} ཚུ་ཨིནམ་དང་",b
hsc-advanced_math-12-308,འ་ནི་ཚུ་ལས་ ག་འདི་བདེན་པ་ཨིན་ན?,"\frac{\pi}{3}, \frac{5\pi}{3} འདི་ཡང་ སྦྲགས་སྦྲགས་འབད་བཏུབ་ཨིན།","\frac{\pi}{6}, \frac{5\pi}{6} འདི་ཡང་ སྦྲགས་སྦྲགས་འབད་བཏུབ་ཨིན།","\frac{\pi}{3}, \frac{2\pi}{3} འདི་ཡང་ སྦྲགས་སྦྲགས་འབད་བཏུབ་ཨིན།","\frac{\pi}{6}, \frac{11\pi}{6} འདི་ཡང་ སྦ་སྒོར་ནང་ཨིན་",b
hsc-advanced_math-12-309,4x^{2} + 4x - 1 = 0 ཟེར་མི་འདི་ནང་ལུ་,i དང་ ii,ii དང་ iii,i དང་ iii,"i, ii དང་ iii ཚུ་ཨིན།",a
hsc-advanced_math-12-310,i. ངོ་མ་འདི་ངོ་མ་དང་ མ་འདྲཝ་ཨིན།,\frac{1}{\sqrt{2}} འདི་ཡང་ ཌའི་ལོག་གི་ཨང་གྲངས་ཨིན།,\sqrt{2} འདི་ཡང་ ཌའི་ལོག་ནང་ལུ་ཨིན་,༢་\sqrt{2} དེ་ནང་ལུ་,8,b
hsc-advanced_math-12-311,༢། གཞི་རིམ་ \frac{\sqrt{2} - 1}{2},cot\theta = ༠ ཨིན་པུཊི་,cos \theta + 1 = 0 ཨིན་པས།,sin\theta = ༡ ཨིན་པ་ཅིན་,cos\theta = ༡ ཨིན་པས།,a
hsc-advanced_math-12-312,གསུམ་པ་ ཕྲང་ལམ་འདི་ དབྱེ་བ་དང་མ་འདྲ་བ་ཡོདཔ་ཨིན།,"- 10, 2","10, -2","2, 10","- 2, - 10",c
hsc-advanced_math-12-313,འ་ནི་ཚུ་ལས་ ག་འདི་བདེན་པ་ཨིན་ན?,\frac{\sqrt{2}P}{\sqrt{3}}ལུ་ བསྒྱུར་བཅོས་འབདཝ་ཨིན།,\frac{2P}{\sqrt{3}} འདི་ཡང་ ཌེཀསི་ཊོཔ་གི་ཨང་གྲངས་ཨིན།,\frac{\sqrt{3}P}{\sqrt{2}}ལུ་ བསྒྱུར་བཅོས་འབདཝ་ཨིན།,\frac{\sqrt{3}P}{2}འདི་ ཨེ་རེ་ལུ་ཨེབ་གཏང་འབད།,a
hsc-advanced_math-12-315,"i. ཟུར་ཐིག་འདི་ \left (0, \frac{1}{2} \right)",2tan^{-1}x = sin^{-1}\frac{2x}{1 - x^{2}},3tan^{-1}x = tan^{-1}\frac{x^{3} - 3x}{1 - 3x^{2}},ཟུར་གཉིས་ཆ་མཉམ་ལས་ ཟུར་གཉིས་ཆ་མཉམ་ལས་ ཟུར་གཉིས་ཆ་མཉམ་ལས་ ཟུར་གཉིས་ཆ་མཉམ་ལས་ ཟུར་གསུམ་ཆ་མཉམ་ལས་ ཟུར་གསུམ་ཆ་མཉམ་ལས་ ཟུར་གསུམ་ཆ་མཉམ་ལས་ ཟུར་གསུམ་ཆ་མཉམ་ལས་ ཟུར་གསུམ་ཆ་མཉམ་ལས་ ཟུར་གསུམ་ཆ་མཉམ་ལས་ ཟུར་གསུམ་ཆ་མཉམ་ལས་ ཟུར་གསུམ་ཆ་མཉམ་ལས་ ཟུར་གསུམ་ཆ་མཉམ་ལས་ ཟུར་གསུམ་ཆ་མཉམ་ལས་ ཟུར་གསུམ་ཆ་མཉམ་ལས་ ཟུར་གསུམ་ཆ་མཉམ་ལས་ ཟུར་གསུམ་ཆ་མཉམ་ལས་ ཟུར་གསུམ་ཆ་མཉམ་ལས་ ཟུར་གསུམ་ཆ་མཉམ་ལས་ ཟུར་གསུམ་ཆ་མཉམ་ལས་ ཟུར་གསུམ་ཆ་མཉམ་ལས་ ཟུར་གསུམ་ཆ་མཉམ་ལས་ ཟུར་གསུམ་ཆ་མཉམ་ལས་,3sin^{-1}x = sin^{-1} (3x - 4x^{3}) འདི་ 3x^{-1}x གི་དོན་ལས་ཨིན།,d
hsc-advanced_math-12-316,༢། ཟུར་ཐིག་ y = 0 ཨིན།,ལྡེ་མིག་,ཟུར་ཐིག་,དུས་རྒྱུན་གྱི་,ཕབ་ཆག་ཐོབ་ཡོདཔ་ཨིན།,d
hsc-advanced_math-12-317,གསུམ་པ་ ཚད་འཛིན་འབད་ནིའི་རྩིས་གཞི་འདི་ ༢y+༡ = ༠ ཨིན།,༦༠་\degree,༡༢༠,cos^{-1} \left (\frac{1}{7} \right) འདི་ ཀྲོང་གསར་ལུ་ཡོད་པའི་ ཀྲོང་གསར་ལུ་ཡོད་པའི་ ཀྲོང་གསར་ལུ་ཡོདཔ་ཨིན།,cos^{-1} \left ( - \frac{1}{7} \right) འདི་ ཀོསི་ཊི་བཱལ་ཀོརེཊི་ (_C) ཨིནམ་ལས་ ཀོསི་ཊི་བཱལ་ཀོརེཊི་ (_C) ཟེར་ཨིན་པས།,b
hsc-advanced_math-12-318,འ་ནི་ཚུ་ལས་ ག་འདི་བདེན་པ་ཨིན་ན?,-60,-44,44,60,b
hsc-advanced_math-12-319,འབྲེལ་བ་ག་ཅི་ཡོདཔ་ཨིན་ན?,༡༠\sqrt{5}N འདི་ཚུ་,༡༠་\sqrt{3} དེ་ནང་ལུ་,5\sqrt{11}N འདི་ཚུ་,༥\sqrt{15} འདི་ཚུ་,c
hsc-advanced_math-12-320,9x^{2} - 16y^{2} + 18x - 48y = 0 འདི་ཡང་,25x^{2} - 20x - 21 འདི་ ༠ ཨིན།,25x^{2} - 20x + 21 = 0 ཨིན་པས།,25x^{2} + 20x - 21 འདི་ ༠ ཨིན།,25x^{2} + 20x + 21 འདི་ ༠ ཨིན།,a
hsc-advanced_math-12-321,"དབྱེ་ཁག་སོ་སོ་གི་ཐིག་ཁྲམ་ཚུ་ནང་ དབྱེ་ཁག་སོ་སོ་གི་ཐིག་ཁྲམ་ཚུ་ནང་ 5N, 7N དང་ 8N སྦེ་ཤུགས་གསུམ་ཆ་མཉམ་ཅིག་ཁར་གནས་ཏེ་ཡོདཔ་ཨིན། ཟུར་ 8N དང་ 5N གི་བར་ནའི་ཟུར་འདི་ག་དེ་ཅིག་ཨིན་ན?",- ཨང་གྲངས་ཀྱི་ཟུར་ཆ་༡༠ (༧ + ༡༠༩),\frac{1}{10} (- 7 + \sqrt{109}) འདི་ ཀྲོང་གསར་ལུ་ཡོད་པའི་ ཀྲོང་གསར་ལུ་ཡོད་པའི་ ཀྲོང་གསར་ལུ་ཡོདཔ་ཨིན།,\frac{1}{10} (7 - \sqrt{109}) འདི་ཡང་ སྦྲེལ་རྟགས་ཨིན་,\frac{1}{10} (7 + \sqrt{109}) འདི་ཡང་ སྦྲེལ་རྟགས་ཨིན་,d
hsc-advanced_math-12-322,x^{2} -7x + p = 0 གིས་གཞི་གྲངས་ཀྱི་རྩ་བ་ -4 འབད་མི་ཚེ། p གི་གནས་གོང་འདི་ག་དེམ་ཅིག་ཡོདཔ་ཨིན་ན?,༡༥kg,ཀེ་ཇི་༢༠,ཀི་ལོ་གྷ་༣༠,ཀི་ལོ་གྷ་༤༠,d
hsc-advanced_math-12-323,P དང་ 30N གི་ཤུགས་གཉིས་ཆ་ར་གིས་ གནས་སྟངས་གཅིག་ནང་ལུ་ ལཱ་འབདཝ་ཨིནམ་དང་ འདི་ཡང་ 25N གི་ཤུགས་ཀྱིས་ P གི་ཤུགས་ཀྱི་ཐིག་ཁྲམ་ལུ་ དབྱེ་ཞིབ་འབདཝ་ཨིན། P འདི་ག་དེམ་ཅིག་ཡོདཔ་ཨིན་ན?,x འདི་ ༤ ཨིན།,y = 6 ཨིན་པས་,x འདི་ ༥ ཨིན།,y = 5 ཨིན་ན།,b
hsc-advanced_math-12-324,5x^{2} - 7x - 3 = 0 འདི་ ཌའི་ལོག་གི་རྩ་བ་ \alpha དང་ \beta ཨིན།,i དང་ ii,ii དང་ iii,i དང་ iii,"i, ii དང་ iii ཚུ་ཨིན།",b
hsc-advanced_math-12-325,,\frac{\sqrt{2}}{3} འདི་ཡང་ ཌེཀསི་ཊོཔ་གི་ཨང་གྲངས་ཨིན།,\frac{\sqrt{3}}{2} འདི་ཡང་ ཌེཀསི་ཊོཔ་གི་ཨང་གྲངས་ཨིན།,\frac{2\sqrt{2}}{3} འདི་ཡང་ ཌེཀསི་ཊོཔ་གི་ཨང་གྲངས་ཨིན།,\frac{\sqrt{3}}{4} འདི་ཡང་ ཌེཀསི་ཊོཔ་གི་ཨང་གྲངས་ཨིན།,d
hsc-advanced_math-12-326,ག་གི་རྩིས་གཞི་གི་རྩ་མ་འདི་ α + β དང་ α β ཨིན་ན།,"\left (0, \pm \frac{1}{\sqrt{3}} \right) འདི་ ཕྲང་སྒྲིག་འབད་ཡོད་པའི་ཡིག་འབྲུ་ཨིན།","\left (\pm \frac{1}{\sqrt{3}}, 0 \right) འདི་ཡང་ ཕྲང་སྒྲིག་གི་ས་སྒོ་འདི་ཨིན།","\left (0, \pm \frac{2}{\sqrt{3}} \right) འདི་ ཕྲང་སྒྲིག་འབད་ཡོད་པའི་ཡིག་འབྲུ་ཨིན།","\left (\pm \frac{2}{\sqrt{3}}, 0 \right) འདི་ སྦ་སྒོར་གྱི་མཐའ་མ་ལུ་ཡོད་པའི་ ཀེར་ཐིག་འདི་ཨིན།",a
hsc-advanced_math-12-327,5x^{2} - 7x - 3 = 0 ཟེར་མི་འདི་ ཕྱོགས་མཚུངས་ཀྱི་རྩ་བ་ \alpha དང་ \beta ཨིན།,6,12,16,18,b
hsc-advanced_math-12-328,,༣པི་,2\sqrt{2}P དེ་ ཨེ་རེ་ཨིན་ཨིན་ཨིན་ཨིན་ཨིན་ཨིན་ཨིན་ཨིན་ཨིན།,\sqrt{34}P འདི་ཡང་ ཌའི་ལོག་གི་མིང་ཨིན།,\sqrt{43}P འདི་ཡང་ ཌའི་ལོག་གི་ས་སྒོ་འདི་ཨིན།,c
hsc-advanced_math-12-329,"འ་ནི་ལས་ཀ་འདི་གིས་ བེ་ཊ་ ""alpha"" ""beta"" ""alpha"" ""alpha"" ""beta"" ""alpha"" ""alpha"" ""beta"" ""alpha"" ""beta""",i དང་ ii,i དང་ iii,ii དང་ iii,"i, ii དང་ iii ཚུ་ཨིན།",d
hsc-advanced_math-12-330,རིང་ཚད་མི་ཊར་༣༠ འབད་མི་ AB rod གི་མཐའ་མར་ A ལུ་ ཀི་ལོ་གྷ་༢༠ དང་མཐའ་མར་ B ལུ་ ཀི་ལོ་གྷ་༥ ལེན་དོ་ཡོདཔ་ཨིན་པས། ཁོང་ར་གི་ཧིང་འདི་ C་གི་ས་སྒོ་ནང་ལུ་ ལཱ་འབད་ཚུགསཔ་ཨིན། AC འདི་མི་ཊར་༢༠ཨིན་པ་ཅིན་ P འདི་ག་དེམ་ཅིག་འོང་ནི་སྨོ་,༩༠་\degree,༡༢༠,༡༣༠\degree,༡༥༠\degree,d
hsc-advanced_math-12-331,(x - 4) ^{2} = - 4(y - 5) འདི་ཡང་ ཐད་ཀར་དུ་ བསྒྱུར་བཅོས་འབད་ཚུགས་པའི་ ཐབས་ལམ་འདི་ ག་འདི་ཨིན་ན་?,\frac{10}{g}འདི་ཨིན་,\frac{10\sqrt{3}}{g}འདི་གིས་འབད་ཡོདཔ་ཨིན།,\frac{20}{g}འ་ནི་ལས་ཀ་འདི་གིས་ ཐད་ཀར་དུ་ ཁྱོད་དང་འཕྱད་ཚུགསཔ་ཨིན།,\frac{20\sqrt{3}}{g}འདི་ཁོ་ཨིན།,d
hsc-advanced_math-12-332,y^{2} = -12x ཚར་གཅིག་འབད་,མི་ཊར་ ༩.༨,"མི་ཊར་ ༡༡,༠༢༥",མི་ཊར་ ༡༠,མི་ཊར་ ༡༢,a
hsc-advanced_math-12-333,i. ཟུར་ཐིག་གི་རིང་ཚད་འདི་ ༡༦ ཨིན།,20.39\degree ཨིན།,༢༥་\degree,༣༠་\degrees,༣༢.༣༥\degree,a
hsc-advanced_math-12-334,༢། ཟུར་ཐིག་ y = 0 ཨིན།,\frac{\pi}{4}ལུ་ བསྒྱུར་བཅོས་འབདཝ་ཨིན།,- ཨེཕ་རེཀ{\pi}{4} དེ་ནང་ལུ་,\frac{3\pi}{4}ལུ་ བསྒྱུར་བཅོས་འབདཝ་ཨིན།,\frac{5\pi}{4}ལུ་ བསྒྱུར་བཅོས་འབདཝ་ཨིན།,c
hsc-advanced_math-12-335,གསུམ་པ་ ཚད་འཛིན་གྱི་མཉམ་པ་ x = 3,-2,2,3,-3,c
hsc-advanced_math-12-336,འ་ནི་ཚུ་ལས་ ག་འདི་བདེན་པ་ཨིན་ན?,\pm (3 - 2i),\pm (\sqrt{10} - \sqrt{2i}) འདི་ནང་ལུ་,\pm (\sqrt{10} + \sqrt{2i}) འདི་ སྦྲེལ་རྟགས་ཨིན།,\pm (3 + 2i),c
hsc-advanced_math-12-337,"8x^{2} + 3y^{2} = 1 འདི་ ཟུར་ཐིག་གི་རྩིས་གཞི་ཨིན།

ཟུར་ཐིག་གི་ལྟག་ལུ་ཡོད་མི་འདི་ ག་དེ་ཅིག་ཨིནམ།
8x^{2} + 3y^{2} = 1 འདི་ ཟུར་ཐིག་གི་རྩིས་གཞི་ཨིན།",x^{2} + 2x + 6 འདི་ ༠ ཨིན།,x^{2} + x + 3 འདི་ ༠ ཨིན།,x^{2} + 2x - 6 འདི་ ༠ ཨིན་པས།,x^{2} + x - 3 འདི་ ༠ ཨིན་པས།,a
hsc-advanced_math-12-338,,- ༢་ \leq p \leq ༢་,- ༤་༤་༤་,#NAME ཟེར་ཨིན་ན།,-༤ \leq p < ༤,c
hsc-advanced_math-12-339,ཟུར་ཐིག་གི་མཐའམ་འདི་ ག་བཟུམ་ཅིག་ཡོདཔ་ཨིན་ན?,-1,1,-3,3,b
hsc-advanced_math-12-340,f (x^2) - y^2 = 18 ཕྲང་ཐིག་གི་ལྟག་སྒོ་འདི་ག་ཏེ་ལུ་ཡོདཔ་ཨིན་ན?,i དང་ ii,ii དང་ iii,i དང་ iii,"i, ii དང་ iii ཚུ་ཨིན།",b
hsc-advanced_math-12-341,3P དང་ 5P ཟེར་མི་ཤུགས་གཉིས་འདི་ གཅིག་གིས་གཅིག་ལུ་ ཕྲང་ཕྲང་སྦེ་ར་ ཤུགས་བྱུངམ་ཨིན། ཁོང་གིས་ག་དེ་ཅིག་འབད་ཚུགས་ནི་སྨོ་,2,1,3,5,b
hsc-advanced_math-12-342,\sqrt{5} གིས་ ཤུགས་འདྲ་མཉམ་གཉིས་ཆ་ར་ལུ་ དབྱེ་ཁག་༡༢༠་གི་ཟུར་ཁར་ དབྱེ་ཁག་གཅིག་ནང་ཤུགས་བཙུག་པ་ཅིན་,\frac{\sqrt{5}}{3} འདི་ཡང་ ཌེཀསི་ཊོཔ་གི་མིང་ཨིན།,\frac{\sqrt{3}}{2} འདི་ཡང་ ཌེཀསི་ཊོཔ་གི་ཨང་གྲངས་ཨིན།,\frac{1}{\sqrt{3}} འདི་ཡང་ ཌེཀསི་ཊོཔ་གི་མིང་ཨིན།,\frac{3}{\sqrt{5}} འདི་ཡང་ ཌའི་ལོག་གི་ཨང་གྲངས་ཨིན།,a
hsc-advanced_math-12-343,i. ཁོང་གིས་ཐོབ་མི་ \sqrt{5},\frac{\pi}{2} འདི་ཡང་ ཌེཀསི་ཊོཔ་གི་མིང་ཨིན།,\frac{\pi}{3} འདི་ཡང་ ཌེཀསི་ཊོཔ་གི་མིང་ཨིན།,\frac{\pi}{4}ལུ་ བསྒྱུར་བཅོས་འབདཝ་ཨིན།,\frac{\pi}{6}ལུ་ བསྒྱུར་བཅོས་འབདཝ་ཨིན།,d
hsc-advanced_math-12-344,ii. \sqrt{5}་གིས་ གློག་རྡུལ་གཅིག་དང་བསྡོམས་ཏེ་ གཡོན་འདི་ ༦༠\degree བཟོཝ་ཨིན།,\frac{2}{3}n\pi - \frac{\pi}{9} འདི་ཡང་ ཌའི་ལོག་ནང་ལུ་ཨིན་,\frac{2}{3}n\pi + \frac{\pi}{9} འདི་ཡང་ སྦྲེལ་རྟགས་ཨིན་,n\pi \pm \frac{\pi}{9} འདི་ཡང་ སྦ་སྒོར་ནང་ཨིན་,\frac{2}{3}n\pi \pm \frac{\pi}{9} འདི་ཡང་ ཌའི་ལོག་ནང་ལུ་ཨིན་,d
hsc-advanced_math-12-345,གསུམ་པ་ ཉམས་རྒུདཔ་གཉིས་ཆ་ར་བསྡོམས་ལས་ ཆུང་ཤོས་ཨིན།,\frac{\pi}{2} འདི་ཡང་ ཌེཀསི་ཊོཔ་གི་མིང་ཨིན།,\frac{\pi}{4}ལུ་ བསྒྱུར་བཅོས་འབདཝ་ཨིན།,\frac{\pi}{3} འདི་ཡང་ ཌེཀསི་ཊོཔ་གི་མིང་ཨིན།,\frac{\pi}{6}ལུ་ བསྒྱུར་བཅོས་འབདཝ་ཨིན།,c
hsc-advanced_math-12-346,འ་ནི་ཚུ་ལས་ ག་འདི་བདེན་པ་ཨིན་ན?,\pi,༢\pi,\frac{\pi}{2} འདི་ཡང་ ཌེཀསི་ཊོཔ་གི་མིང་ཨིན།,\frac{\pi}{3} འདི་ཡང་ ཌེཀསི་ཊོཔ་གི་མིང་ཨིན།,c
hsc-advanced_math-12-347,"P, \sqrt{3}P, P གློག་ཤུགས་གསུམ་ཆ་མཉམ་ནང་ཡོདཔ་ཨིན། P དང་ \sqrt{3}P གི་བར་ནའི་ ཟུར་ཐིག་འདི་ག་དེམ་ཅིག་ཡོདཔ་ཨིན་ན?",n\pi \pm \frac{\pi}{6}; n \epsilon \mathbb{Z} འདི་ཡང་ ཌའི་ལོག་གི་ ཌའི་ལོག་གི་ ཌའི་ལོག་གི་ ཌའི་ལོག་ཨིན།,n\pi \pm \frac{\pi}{3}; n \epsilon \mathbb{Z} འདི་ཡང་ ཌའི་ལོག་གི་ ཌའི་ལོག་གི་ ཌའི་ལོག་གི་ ཌའི་ལོག་ཨིན།,2n\pi \pm \frac{\pi}{3}; n \epsilon \mathbb{Z} འདི་ཡང་ ཌའི་ལོག་གི་ཨང་གྲངས་ཨིན།,2n\pi \pm \frac{\pi}{6}; n \epsilon \mathbb{Z} འདི་ཡང་ ཌི་ཨེམ་བི་ཨེས་ལུ་བརྟེན་ཨིན།,a
hsc-advanced_math-12-348,རྩེད་འགྲན་པ་ཅིག་གིས་ རྩེད་འགྲན་གྱི་བཱོལ་འདི་ དཀར་ཕྱོགས་ཁ་ཐུག་ལུ་ ཌིག་རི་ ༦༠ ཡོད་མི་ལུ་བརྟེན་ མདའ་གཞུའི་ཚད་གཞི་དེ་ མེ་ཊིག་ཊཱོན་༢༠ ལུ་ཡར་འཕར་འགྱོཝ་ཨིན། མདའ་འདི་ག་དེམ་ཅིག་མགྱོགས་སྦེ་རྐྱབ་པ་ཅིན་ བཱོལ་འདི་ག་དེ་ཅིག་ཁར་འགྱོ་ཚུགས་ནི་སྨོ་,1,2,4,8,a
hsc-advanced_math-12-349,19.6m/s ཨིན་པུཊི་ ས་གཞི་དང་ཐད་ཁར་ ཟུར་པ་ ༤༥ འབད་མི་ནང་ དངོས་པོ་གཅིག་ བཏོན་པ་ཅིན་ མཐོ་ཚད་མི་ཊར་ག་དེ་ཅིག་ལུ་ ལྷོད་ཚུགས་ནི་ཨིན་ན?,"(-1, 0)","\left (\frac{1}{2}, 0 \right) འདི་ སྦྲེལ་རྟགས་ཨིན་","\left (\frac{1}{2}, 0 \right) འདི་ སྦྲེལ་རྟགས་ཨིན་","(1, 0)",d
hsc-advanced_math-12-350,དེ་ལས་ གློག་མེའི་དེད་གཡོགཔ་གིས་ གློག་མེའི་དེད་གཡོགཔ་ལུ་ 30m/s སྦེ་འཕུཝ་ད་ གློག་མེའི་དེད་གཡོགཔ་གིས་ གློག་མེའི་དེད་གཡོགཔ་ལུ་ 60m སྦེ་འཕུཝ་ད་ གློག་མེའི་དེད་གཡོགཔ་གིས་ གློག་མེའི་དེད་གཡོགཔ་ལུ་ གློག་མེའི་དེད་གཡོགཔ་གིས་ གློག་མེའི་དེད་གཡོགཔ་ལུ་ གློག་མེའི་དེད་གཡོགཔ་གིས་ གློག་མེའི་དེད་གཡོགཔ་ལུ་ གློག་མེའི་དེད་གཡོགཔ་ལུ་ གློག་མེའི་དེད་གཡོགཔ་ལུ་ གློག་མེའི་དེད་གཡོགཔ་ལུ་ གློག་མེའི་དེད་གཡོགཔ་ལུ་ གློག་མེའི་དེད་གཡོགཔ་ལུ་ གློག་མེའི་དེད་གཡོགཔ་ལུ་ གློག་མེའི་དེད་གཡོགཔ་ལུ་ གློག་མེའི་དེད་གཡོགཔ་ལུ་ གློག་མེའི་དེད་གཡོགཔ་ལུ་ གློག་མེའི་དེད་གཡོགཔ་ལུ་ གློག་མེའི་དེད་གཡོགཔ་ལུ་ གློག་མེའི་དེད་གཡོགཔ་ལུ་ གློག་མེའི་དེད་གཡོགཔ་ལུ་ གློག་མེའི་དེད་གཡོགཔ་ལུ་ གློག་མེའི་དེད་གཡོགཔ་ལུ་ གློག་མེའི་དེད་གཡོགཔ་ལུ་ གློག་མེའི་,༢་ལས་ ༡བཏོན་པ་ཅིན་ ༠་ཨིན།,2x - 3 དེ་ ༠ ཨིན་པས།,༢་x+༡ དེ་ ༠་ཨིན།,༢་x+༣ དེ་ ༠་ཨིན།,b
hsc-advanced_math-12-351,- 1+i གི་དོན་ཚན་ག་དེ་ཅིག་ཡོདཔ་ཨིན་ན?,i དང་ ii,i དང་ iii,ii དང་ iii,"i, ii དང་ iii ཚུ་ཨིན།",a
hsc-advanced_math-12-352,x = \frac{1}{2} (-1 + \sqrt{3}) དང་ y = \frac{1}{2} (-1 - \sqrt{-3}) ཨིནམ་ལས་ ༡ - x - y + xy? ད་འདི་ག་དེ་ཅིག་ལུ་ གནས་ནི་ཡོདཔ་ཨིན་ན?,འཁོར་ལམ་,དུས་རྒྱུན་གྱི་,ཁེ་སང་ཚུ་,ཨེཕ་ལཱསི་,d
hsc-advanced_math-12-353,8 + 4\sqrt{5}i གི་གྲུ་བཞི་རྩ་འདི་ག་དེམ་ཅིག་ཡོདཔ་ཨིན་ན?,ལྡེ་མིག་,ཟུར་ཐིག་,ཕབ་ཆག་ཐོབ་ཡོདཔ་ཨིན།,དུས་རྒྱུན་གྱི་,c
hsc-advanced_math-12-354,\sqrt{-5} - ༡ གི་རྩ་ཅན་གཉིས་ལྡན་འདི་ག་འདི་ཨིནམ།,\sqrt{\frac{5}{2}} འདི་ཡང་ ཌེཀསི་ཊོཔ་གི་མིང་ཨིན།,\sqrt{\frac{2}{3}} འདི་ཡང་ ཌེཀསི་ཊོཔ་གི་མིང་ཨིན།,\sqrt{\frac{5}{3}} འདི་ཡང་ ཌེཀསི་ཊོཔ་གི་ཨང་གྲངས་ཨིན།,\sqrt{\frac{3}{2}} འདི་ཡང་ ཌེཀསི་ཊོཔ་གི་མིང་ཨིན།,a
hsc-advanced_math-12-355,p གི་གནས་གོང་ x^{2} + px + 1 = 0 གི་དོན་ལུ་ འདྲ་མཉམ་གྱི་རྩ་བ་གཉིས་པ་ཁག་ཆེ་ཤོས་འདི་ག་ཅི་ཨིན་ན?,cos^{-1} \frac{4}{5} = tan^{-1} \frac{5}{4} འདི་ ཀོསི་ཀོསི་ཀོསི་ཀོསི་ཀོསི་ཀོསི་ཀོསི་ཀོསི་ཀོསི་ཀོསི་ཀོསི་,cos^{-1} \frac{4}{5} = sin^{-1} \frac{3}{5} འདི་ཡང་ སྦྲགས་སྦྲགས་འབད་བཏུབ་ཨིན།,cos^{-1} \frac{4}{5} = cosec^{-1} \frac{3}{5} འདི་ཡང་ སྦྲེལ་རྟགས་ཨིན་,cos^{-1} \frac{4}{5} = tan^{-1} \frac{4}{3} འདི་ཡང་ སྦྲགས་སྦྲགས་འབད་བཏུབ་ཨིན།,b
hsc-advanced_math-12-356,3x^{3} - 1 = 0 འདི་ག་བཟུམ་ཅིག་ཡོདཔ་ཨིན་ན?,\frac{\sqrt{3}}{2} འདི་ཡང་ ཌེཀསི་ཊོཔ་གི་མིང་ཨིན།,\frac{2}{\sqrt{3}} འདི་ཡང་ ཌེཀསི་ཊོཔ་གི་མིང་ཨིན།,\frac{1}{\sqrt{3}} འདི་ཡང་ ཌེཀསི་ཊོཔ་གི་མིང་ཨིན།,\frac{1}{3}ལུ་ བསྒྱུར་བཅོས་འབདཝ་ཨིན།,d
hsc-advanced_math-12-358,,n\pi + (-1) ^{n} \frac{\pi}{6}; n \epsilon \mathbb{Z},༢n\pi + (-1) ^{n} \frac{\pi}{6}; n \epsilon \mathbb{Z},n\pi + (-1) ^{n} \frac{\pi}{3}; n \epsilon \mathbb{Z},2n\pi + (-1) ^{n} \frac{\pi}{3}; n \epsilon \mathbb{Z},c
hsc-advanced_math-12-359,g(y) + g(\sqrt{1 - y^{2}}) གི་གནས་གོང་འདི་ག་བཟུམ་ཅིག་ཨིན་ན?,2n\pi + \frac{\pi}{4}; n \epsilon \mathbb{Z},2n\pi \pm \frac{\pi}{4}; n \epsilon \mathbb{Z} ཚུ་དང་ཕྱདཔ་ད་,2n\pi - \frac{\pi}{4}; n \epsilon \mathbb{Z},n \pi \pm \frac{\pi}{4}; n \epsilon \mathbb{Z} འདི་ཡང་ ཌའི་ལོག་གི་ ཌའི་ལོག་གི་ ཌའི་ལོག་གི་ ཌའི་ལོག་གི་ ཌའི་ལོག་གི་ ཌའི་ལོག་གི་ ཌའི་ལོག་གི་ ཌའི་ལོག་གི་ ཌའི་ལོག་གི་ ཌའི་ལོག་གི་ ཌའི་ལོག་གི་ ཌའི་ལོག་གི་ ཌའི་ལོག་གི་ ཌའི་ལོག་གི་ ཌའི་ལོག་གི་ ཌའི་ལོག་གི་ ཌའི་ལོག་གི་ ཌའི་ལོག་གི་ ཌའི་ལོག་གི་ ཌའི་ལོག་གི་ ཌའི་ལོག་གི་ ཌའི་ལོག་གི་ ཌའི་ལོག་གི་ ཌའི་ལོག་གི་,b
hsc-advanced_math-12-361,2x^{2} + 3y^{2} =6 ཟེར་མི་འདི་ལུ་ ཀྲོང་གསར་ལུ་ཡོད་པའི་ ཀྲོང་གསར་ལུ་ཡོད་པའི་ ཀྲོང་གསར་ལུ་ཡོད་པའི་ ཀྲོང་གསར་ལུ་ཡོད་པའི་ ཀྲོང་གསར་ལུ་ཡོད་པའི་ ཀྲོང་གསར་ལུ་ཡོད་པའི་ ཀྲོང་གསར་ལུ་ཡོད་ ཀྲོང་གསར་ལུ་ཡོད་པའི་ ཀྲོང་གསར་ལུ་ཡོད་པའི་ ཀྲོང་གསར་ལུ་ཡོད་ ཀྲོང་གསར་ལུ་ཡོད་པའི་ ཀྲོང་གསར་ལུ་ཡོད་ ཀྲོང་གསར་ལུ་ཡོད་པའི་ ཀྲོང་གསར་ལུ་ཡོད་,0\degree ཟེར་མི་འདི་,༩༠་\degree,༡༢༠,༡༨༠་\degrees,d
hsc-advanced_math-12-362,i. ཇི་བཱཊི་གི་རིང་ཚད་འདི་ ༢\sqrt{3} ཚུ་ཨིན།,P^{2} + Q^{2} འདི་ ཀྲོང་གསར་ལུ་ཡོད་པའི་,\sqrt{P^{2} + Q^{2}} འདི་ཡང་ ཌའི་ལོག་ནང་ལུ་ཨིན་,P - Q,པི་ + ཀི་,b
hsc-advanced_math-12-363,༢། ཕྲང་ཕྲང་གི་རིང་ཚད་ ༢ \sqrt{2} ཡན་ལག་,-1,-2,-3,-5,a
hsc-advanced_math-12-364,གསུམ་པ་ ཟུར་ཐིག་ཚུའི་རིང་ཚད་འདི་ 4\sqrt{3},༡༨༠་\degrees,༡༢༠,༩༠་\degree,༦༠་\degree,b
hsc-advanced_math-12-365,འ་ནི་ཚུ་ལས་ ག་འདི་བདེན་པ་ཨིན་ན?,-9,\frac{-5}{3} འདི་ཡང་ ཌའི་ལོག་གི་ཨང་གྲངས་ཨིན།,\frac{5}{3} འདི་ཡང་ ཌེཀསི་ཊོཔ་གི་མིང་ཨིན།,3,d
hsc-advanced_math-12-366,2x^2 + 3y^2 - 4x - 12y + 8 = 0 འདི་ནང་ལུ་,i དང་ ii,i དང་ iii,ii དང་ iii,"i, ii དང་ iii ཚུ་ཨིན།",c
hsc-advanced_math-12-367,ཕྲ་རྡོག་གཅིག་ནང་ལུ་ ཕྲ་རྡོག་གི་དཀྱིལ་འཁོར་འདི་ \sqrt{2}ཨིན། ཀླད་ཀོར་འདི་ ...,"(at^{2}, 2at) འདི་ཡང་","(-at^{2}, 2at) འདི་ནང་ལུ་","(2at, at^{2}) འདི་ཡང་ 2^{2} ཨིན།","(-2at, at^{2}) འདི་ཡང་ སྦྲེལ་རྟགས་འདི་ཨིན།",a
hsc-advanced_math-12-368,\frac{y^{2}}{2} - \frac{x^{2}}{3} = 1 ཕྲ་རྡུལ་འདི་ནང་ལུ་ མདོར་བསྡུས་ཀྱི་ཤུགས་འདི་ ག་འདི་ཨིན་ན?,x^{2} + 4x + 13 འདི་ ༠ ཨིན།,x^{2} -4x + 13 འདི་ ༠ ཨིན།,x^{2} + 4x - 13 འདི་ ༠ ཨིན།,x^{2} - 4x - 13 འདི་ ༠ ཨིན།,b
hsc-advanced_math-12-369,འ་ནི་གྲལ་ལས་ ག་འདི་བདེན་པ་ཨིན་ན?,2,3,4,6,d
hsc-advanced_math-12-370,tan^{2} \left (cos^{-1} \frac{\sqrt{3}}{2} \right) གི་གནས་གོང་དེ་ག་དེམ་ཅིག་ཡོདཔ་ཨིན་ན?,ལྡོག་ཕྱོགས་ཚོགས་པ་གིས་ གྲོས་འདེབས་ཕུལ་མི་དང་འཁྲིལ་ ཚོགས་པ་གིས་ གྲོས་འདེབས་དེ་ ཆ་མེད་བཏང་ཡོདཔ་ཨིན་པས།,"\left [ - \frac{\pi}{2}, \frac{\pi}{2} \right) གིས་ སྦ་སྒོར་འདི་ བཏོན་བཏངམ་ཨིན།",ལྡོག་ཕྱོགས་ཚོགས་པ་གིས་ གྲོས་འདེབས་ཕུལ་མི་དང་འཁྲིལ་ ཚོགས་པ་གིས་ གྲོས་འདེབས་ཕུལ་མི་དང་འཁྲིལ་ ཚོགས་པ་གིས་ གྲོས་འདེབས་ཕུལ་མི་དང་འཁྲིལ་ ཚོགས་པ་གིས་ གྲོས་འདེབས་ཕུལ་མི་དང་འཁྲིལ་ ཚོགས་པ་གིས་ གྲོས་འདེབས་ཕུལ་མི་དང་འཁྲིལ་ ཚོགས་པ་གིས་ གྲོས་འདེབས་ཕུལ་མི་དང་འཁྲིལ་ ཚོགས་པ་གིས་ གྲོས་འདེབས་ཕུལ་མི་དང་འཁྲིལ་ ཚོགས་པ་གིས་ གྲོས་འདེབས་ཕུལ་མི་དང་འཁྲིལ་ ཚོགས་པ་གིས་ གྲོས་འདེབས་ཕུལ་མི་དང་འཁྲིལ་ ཚོགས་པ་གིས་ གྲོས་འདེབས་ཕུལ་མི་དང་འཁྲིལ་ ཚོགས་པ་གིས་ གྲོས་འདེབས་ཕུལ་ཡི།,ལྡེ་མིག་འདི་ཁ་ཐུག་ལུ་བཤེད་དེ་ བཏུབ་ཨིན།,c
hsc-advanced_math-12-372,,ནུས་ཤུགས་ཀྱི་ལཱ་གི་ཐིག་ཁྲམ་ལུ་ལྟག་ལུ་,ཤུགས་ཚད་ 7N གི་བར་མཚམས་ལུ་,5N གི་ཤུགས་ཚད་ལུ་ དབྱེ་ཞིབ་འབད་,5N གི་ཤུགས་ཀྱིས་འབད་ཐངས་ཀྱི་རིང་ལུ་,b
hsc-advanced_math-12-373,ཟུར་ཐིག་ཆུང་ཤོས་ཀྱི་དོན་ལས་ ཟུར་ཐིག་གཉིས་ཀྱི་བར་ནའི་ ཟུར་ཐིག་འདི་ག་དེམ་ཅིག་ཡོདཔ་ཨིན་ན?,\sqrt{5}x = \pm 4 དེ་ ཨེགསི་ཨེན་ཨའི་གི་གནས་གོང་ཨིན།,\sqrt{5}x = \pm ༢ དེ་ཨིན་པ་ཅིན་,\sqrt{5}y = \pm ༢ དེ་ཨིན་པ་ཅིན་,\sqrt{5}y = \pm 4 འདི་ཨིན་པ་ཅིན་,c
hsc-advanced_math-12-375,i. འདྲན་འདྲ་ཨིན།,\frac{67}{49}ལུ་ བཀྲམ་སྟོན་འབདཝ་ཨིན།,\frac{11}{7}ལུ་ བསྒྱུར་བཅོས་འབདཝ་ཨིན།,\frac{-59}{49}ལུ་ བཀྲམ་སྟོན་འབདཝ་ཨིན།,\frac{-17}{49}ལུ་ ཨེབ་གཏང་འབད།,a
hsc-advanced_math-12-376,༢། དངོས་སུ་དང་ དབྱེ་བ་མེད།,49x^{2} - 56x - 15 འདི་ ༠ ཨིན།,49x^{2} - 56x + 15 དེ་ ༠ ཨིན།,49x^{2} - 14x - 15 འདི་ ༠ ཨིན།,49x^{2} - ༡༤x + ༡༥ = ༠,c
hsc-advanced_math-12-377,གསུམ་པ་ དངུལ་གྱི་རིགས་,\frac{\pi}{3} འདི་ཡང་ ཌེཀསི་ཊོཔ་གི་མིང་ཨིན།,\frac{2\pi}{3} འདི་ཡང་ སྦ་སྒོར་ནང་ཨིན་,\frac{-2\pi}{3},\frac{-\pi}{3} འདི་ཡང་ ཌེཀསི་ཊོཔ་གི་མིང་ཨིན།,b
hsc-advanced_math-12-378,འ་ནི་ཚུ་ལས་ ག་འདི་བདེན་པ་ཨིན་ན?,4x - 1 འདི་ ༠ ཨིན།,4x+1འདི་ ༠ ཨིན།,4y - 1 = 0,4y+1འདི་ ༠ ཨིན་པས།,a
hsc-advanced_math-12-379,y^{2} = 4ax གི་མཐའ་འཁོར་ལུ་ཡོད་པའི་ ཀེར་ཐིག་འདི་ག་ཏེ་ཡོདཔ་ཨིན་ན?,\sqrt{3}N འདི་ཡང་ ཌེཀསི་ཊོཔ་གི་མིང་ཨིན།,3\sqrt{3}N འདི་ཚུ་,3N,༩ ནི,b