identity,question,a འདི་ཡང་,b,c,d,correct_ answer
hsc-botany-12-1,སྲོག་ཆགས་ཚིགས་ཕྲན་འདི་ནང་ལུ་ སྲོག་ཆགས་ཚིགས་ཕྲན་འདི་ནང་ལུ་ སྲོག་ཆགས་ཚིགས་ཕྲན་འདི་ ག་ཅི་འབད་དོ་ཡོདཔ་ཨིན་ན?,རའི་བོ་ཟོམ་,རྦ་ག་འཁྱུ་མི་ཚུ་,ལའི་སོམས,Endoplasmic reticulum འདི་ཡང་མཐའ་མཇུག་གི་པགས་ཚལ་གྱི་ ཕྲ་རིང་འདི་ཨིན།,a
hsc-botany-12-2,ས་སྒོ་འདི་ནང་གི་ ས་སྒོ་ཐིག་ཁྲམ་ལུ་ཡོད་པའི་ ས་སྒོ་ཐིག་ཁྲམ་དེ་ ག་ཅི་སྦེ་སླབ་ནི་ཨིན་ན?,ཧའི་ལོཔ་ཟམ་,ཨེག་ཏོ་པཱལ་ཟམ་,ཨེན་ཌོ་པཱལ་ཟམ་,ཐོ་ནོ་པཱལ་ཛམ་,d
hsc-botany-12-3,ཨིང་ལིཤ་གི་ཡིག་འབྲུ་ག་འདི་ སབ་མེ་ཊ་སེནཊི་རེཊ་ཀོརོ་མོ་ཟོམས (sub metacentric chromosome) གི་ས་སྒོ་ནང་ལུ་ ཨན་ཕ་ཇ་ (anaphase) གི་ས་སྒོ་ནང་ལུ་ བཀྲམ་སྟོན་འབདཝ་ཨིན།,T,ཇ་,L,V,c
hsc-botany-12-4,ཌི་ཨེན་ཨའི་ (DNA) ཟེར་མི་གིས་ ཌི་ཨེན་ཨའི་ (RNA) ཟེར་མི་གིས་ ཌི་ཨེན་ཨའི་ (RNA) ཟེར་མི་གིས་ ཌི་ཨེན་ཨའི་ (DNA) ཟེར་མི་གིས་ ཌི་ཨེན་ཨའི་ (RNA) ཟེར་མི་གིས་ ཌི་ཨེན་ཨའི་ (RNA) ཟེར་མི་གིས་ ཌི་ཨེན་ཨའི་ (RNA) ཟེར་མི་གིས་ ཌི་ཨེན་ཨའི་ (RNA) ཟེར་མི་གིས་ ཌི་ཨེན་ཨའི་ (RNA) ཟེར་མི་གིས་ ཌི་ཨེན་ཨའི་ (RNA) ཟེར་མི་གིས་ ཌི་ཨེན་ཨའི་ (RNA) ཟེར་མི་གིས་ ཌི་ཨེན་ཨའི་ (RNA) ཟེར་མི་གིས་ ཌི་ཨེན་ཨའི་ (RNA) ཟེར་མི་གིས་ ཌི་ཨེན་ཨའི་ (RNA) ཟེར་མི་གིས་ ཌི་ཨེན་ཨའི་ (RNA) ཟེར་མི་གིས་ ཌི་ཨེན་ཨའི་ (RNA) ཟེར་མི་གིས་,ཡིག་ཐོག་ལུ་བྲིས་ནུག,སྐད་སྒྱུར་འབད་,འགྱུར་བཅོས་,དབྱེ་སེལ་འབདཝ་ཨིན།,b
hsc-botany-12-5,"stimulusལུ་སླབ་མི་ 'B' འདི་ག་དེ་སྦེ་སླབ་ནི་?""",i དང་ ii,ii དང་ iii,i དང་ iii,"i, ii,དང་ iii",b
hsc-botany-12-6,ཌི་ཨེན་ཨའི་ (DNA) ཟེར་མི་གིས་ ཌི་ཨེན་ཨའི་ (RNA) ཟེར་མི་གིས་ ཌི་ཨེན་ཨའི་ (RNA) ཟེར་མི་གིས་ ཌི་ཨེན་ཨའི་ (DNA) ཟེར་མི་གིས་ ཌི་ཨེན་ཨའི་ (RNA) ཟེར་མི་གིས་ ཌི་ཨེན་ཨའི་ (RNA) ཟེར་མི་གིས་ ཌི་ཨེན་ཨའི་ (RNA) ཟེར་མི་གིས་ ཌི་ཨེན་ཨའི་ (RNA) ཟེར་མི་གིས་ ཌི་ཨེན་ཨའི་ (RNA) ཟེར་མི་གིས་ ཌི་ཨེན་ཨའི་ (RNA) ཟེར་མི་གིས་ ཌི་ཨེན་ཨའི་ (RNA) ཟེར་མི་གིས་ ཌི་ཨེན་ཨའི་ (RNA) ཟེར་མི་གིས་ ཌི་ཨེན་ཨའི་ (RNA) ཟེར་མི་གིས་ ཌི་ཨེན་ཨའི་ (RNA) ཟེར་མི་གིས་ ཌི་ཨེན་ཨའི་ (RNA) ཟེར་མི་གིས་ ཌི་ཨེན་ཨའི་ (RNA) ཟེར་མི་གིས་,ཀ་རི་ཨོ་ཀི་ནེས་སི་,མེ་ཊ་ཀི་ནེས་སི་,ནང་འཁོད་ལས་བྱུང་བའི་ལཱ་,སི་ཊོ་ཀི་ནེས་སི་,c
hsc-botany-12-7,"བྱ་རིམ་ ""A"" འདི་མཇུག་བསྡུ་ནིའི་དོན་ལུ་ བསྐུལ་བསྒྲགས་འབད་དགོཔ་ཨིན།",མེ་ག་སོརཔོ་རོལི,ཕྲ་རགས་ཆུང་ཆུང་ཚུ་,ཨིསི་ཊོ་བི་ལཱསི་,ཀོ་རཱལ་ཨེ་ཌ་གི་རྩ་བ་,a
hsc-botany-12-8,i. RNA བཟོ་སྦྱོར་འབད་ཐངས་,ནད་ཡམས་ཀོ་བིཌ་,ནད་གཞི་འདི་ ནད་གཞི་ངོ་མ་ཅིག་ཨིན་མས།,ཆུ་རུད་,དཀོན་གཉེར་,c
hsc-botany-12-9,༢། མཉམ་འབྲེལ་ཅན་གྱི་ ལི་པིཌི་,i དང་ ii,ii དང་ iii,i དང་ iii,"i, ii,དང་ iii",a
hsc-botany-12-10,གསུམ་པ་ DNA བཟོ་བཀོད་,ཀེར་ཐིག་,གཟུགས་ཀྱི་མཐའ་མཇུག་གི་པགས་པ་,ཨེ་པི་བཱལ་མཱམ་,པེ་རི་སིག་ལཱལ་,c
hsc-botany-12-11,འོག་ལུ་ཡོད་མི་ལས་ ག་འདི་བདེན་པ་ཨིན་ན་ཟེར་བ་ཅིན་,མེ་རོ་ཇེཊ་,རྟགས་མཚན་གྱི་སྒྲོམ་,དྲུང་ཆེན་,ཌི་ཨེམ་བི་ཨོཌི་ ཏོརཕ་ཇོ་ཡེཊ་,d
hsc-botany-12-12,རང་བཞིན་གྱི་སྐྱེ་ལྡན་དང་ སྐྱེ་ལྡན་རིགས་ཀྱི་བར་ནའི་བར་ནའི་བར་ནའི་བར་ནའི་བར་ནའི་བར་ནའི་བར་ནའི་བར་ནའི་བར་ནའི་བར་ནའི་བར་ནའི་བར་ནའི་བར་ནའི་བར་ནའི་བར་ནའི་བར་ནའི་བར་ནའི་བར་ནའི་བར་ནའི་བར་ནའི་བར་ནའི་བར་ནའི་བར་ནའི་བར་ནའི་བར་ནའི་བར་ནའི་བར་ནའི་བར་ནའི་བར་ནའི་བར་ནའི་བར་ནའི་བར་ནའི་བར་ནའི་བར་ནའི་བར་ནའི་,ཀ་པུས་ (carpus) ཀ་བཱོལ་,ལན་སླབ་ནི་,དཀར་འབྲུ་,རྦ་རླབས་,d
hsc-botany-12-13,Cycas གི་ཤིང་གི་ཡན་ལག་ག་འདི་ སྦུལ་གྱི་ཧིང་དང་འདྲཝ་ཨིན་ན་,i དང་ ii,ii དང་ iii,i དང་ iii,"i, ii,དང་ iii",d
hsc-botany-12-14,ནད་འབུབ་འདི་ག་ཅི་ལུ་བརྟེན་འོངམ་ཨིན་ན?,པྲོཊོ་ཌར་མ,པྲོ་ཀཱམ་བི་ཡམ་,Ground Maristeme འདི་ རྒྱ་མཚོའི་མཐའ་མ་ལུ་ཆགས་ཏེ་ཡོདཔ་ཨིན།,པྲོམོ་རི་སི་ཊེམ་,b
hsc-botany-12-15,ལྡུམ་ར་ནང་གི་སོན་འདི་ ...,མེ་ཊ་ཕ་ཡེསི་གི་རྒྱབ་སྐྱོར་,མེ་ཊ་ཕེསི་,ཨ་ན་ཕ་ཇ་,གློག་ཐག་ར་བ་,a
hsc-botany-12-16,i. མཚམས་སྒྲོམ་འདི་ རྒྱགས་ཏོ་ནང་ལུ་མེདཔ་ཨིན།,ཀོ་རཱལ་ཨེ་ཌ་གི་རྩ་བ་,སེ་འབྲུ་གསུམ་ལྡན་,གྲུབ་འབྲས་ཐོབ་ནུག,ཌའི་ལོག་ཨེབ་གཏང་འབད།,a
hsc-botany-12-17,༢། དེ་ཚུ་ག་ར་ལུ་ ནད་འབུབ་ཐོབ་མ་ཚུགས་པས།,i དང་ ii,i དང་ iii,ii དང་ iii,"i, ii,དང་ iii",b
hsc-botany-12-18,གསུམ་པ་ སྦྱང་བརྡར་གྱི་ལཱ་ཚུ་,Pyrruvic acid kinase འདི་ཡང་ ཌའི་ལོག་གི་ཨསིཌ་ཀི་ནེསི་ཨིན་མས།,ཌའི་ཧའི་ཌོ་ཇེ་ནེསི་,རུ་བིསི་ཀོ་,ཕོསི་ཕེཊ་ཟེར,c
hsc-botany-12-19,འོག་ལུ་ཡོད་མི་ལས་ ག་འདི་བདེན་པ་ཨིན་ན་ཟེར་བ་ཅིན་,i དང་ ii,ii དང་ iii,i དང་ iii,"i, ii,དང་ iii",c
hsc-botany-12-20,རྩ་བ་གི་པགས་པ་ལུ་ ག་ཅི་སླབ་ནི་ཨིན་ན?,G_1,S,G_2,M,b
hsc-botany-12-21,སཱཕ་ནར་གྱི་སོན་འདི་ མ་ལ་རི་ཡཱན་ནད་འབུབ་གི་ཚེ་རིང་གི་གནས་སྟངས་ནང་ ཚར་ག་དེ་ཅིག་ལུ་ འོང་དོ་ཡོདཔ་ཨིན་ན?,ཁམས་ལོག་སི་སི་གི་རྒྱུ་རྫས་འདི་ ཨེསི་ཌི་ཨའི་བི་ (ABA) ཟེར་མི་ ཨེསི་ཌི་ཨའི་བི་ (ABA) ཟེར་མི་ཅིག་ཨིན་མས།,ཨེས་ཀཱལ་ཨེས་ཊི་ཨེས་ཏིག་ ཨེསི་ཌི་,པི་རུ་ཝི་ཀ ཨེ་སིཌ་,མ་ལི་ཀཨེ་སིཌ་,b
hsc-botany-12-22,ཚ་རིམས་ཀྱི་ནད་གཞི་གི་དོན་ལུ་ སྔོ་ཤིང་འདི་ ག་ཅི་སྦེ་ལག་ལེན་འཐབ་དོ་ཡོདཔ་ཨིན་ན?,ལེཔ་ཏོ་ཊིན་,ཟི་གཱོ་ཏིན་,པ་ཀི་ཊིན་,ཌིཔ་ལོཊིན་,c
hsc-botany-12-24,i. ཌེང་གི་འདི་བཏོན་བཏངམ་ཨིན།,སྒྱུ་རྩལ་,མེ་ཏོག་པདྨ་,དཀར་འབྲུ་,"i, ii,དང་ iii",c
hsc-botany-12-25,༢། འདི་ཡང་ ཕོ་གཅིག་འབད་མི་ མེ་ཏོག་གི་རྒྱུད་ལུ་ཨིན་མས།,ཁ་སླབ་ནི་,ཧའི་བི་རི་ཡཱན་,མུ་ཀུ་ལཱད་ག་མ,རྦ་རླབས་,b
hsc-botany-12-26,གསུམ་པ་ སྲོག་ཆགས་ཀྱི་རིགས་ཚུ་ བཀག་ཐབས་འབད་ཡོདཔ།,2,4,6,དབུ་དཀར་ནང་ལུ་,a
hsc-botany-12-27,འོག་ལུ་ཡོད་མི་ལས་ ག་འདི་བདེན་པ་ཨིན་ན་ཟེར་བ་ཅིན་,ཀེར་ཐིག་,མེ་ཟོ་ཕི་ལ,པེ་རི་སིག་ལཱལ་,8,b
hsc-botany-12-28,འ་ནི་ལས་ཀ་འདི་གིས་ སྣུམ་འཁོར་ཚུ་ནང་ མེ་རླུང་རྒྱ་རྫི་གཏང་ནིའི་ནུས་པ་ལུ་ ཐོ་ཕོག་འོང་། འདི་ཡང་ ཀ་ལུཝིན་གྱི་འཁོར་ལོ་དང་ ཧེཆི་དང་ཨ་ལཱན་ཅི་གི་འཁོར་ལོ་ཨིན། ལྕགས་ཀྱུ་གཉིས་ཆ་ར་གིས་ གེལའུ་ཀོཟ་ བཟོ་དོ་ཡོདཔ་ཨིན།,ཨེཀ་སི་ཊི་ཨེས་ཏིག་ཨེ་སིཌ་,མ་ལི་ཀཨེ་སིཌ་,༣-ཕོསི་ཕོསི་ཇི་ལ་ཌེ་ཧའི་ཌི་,མནོ་བསམ་གཏང་ཐངས་,d
hsc-botany-12-29,CO_2 འབག་ནི་ལུ་ ཨེན་ཇི་ཨེམ་ག་འདི་ལག་ལེན་འཐབ་དོ་ག་?,ཀ^+ ཨིན་པས།,ཀ་^{++},SO_4,ཁམས་ལོག་སི་སི་གི་རྒྱུ་རྫས་འདི་ ཨེསི་ཌི་ཨའི་བི་ (ABA) ཟེར་མི་ ཨེསི་ཌི་ཨའི་བི་ (ABA) ཟེར་མི་ཅིག་ཨིན་མས།,a
hsc-botany-12-30,འ་ནི་ལས་ཀ་འདི་གིས་ སྣུམ་འཁོར་ཚུ་ནང་ མེ་རླུང་རྒྱ་རྫི་གཏང་ནིའི་ནུས་པ་ལུ་ ཐོ་ཕོག་འོང་། འདི་ཡང་ ཀ་ལུཝིན་གྱི་འཁོར་ལོ་དང་ ཧེཆི་དང་ཨ་ལཱན་ཅི་གི་འཁོར་ལོ་ཨིན། ལྕགས་ཀྱུ་གཉིས་ཆ་ར་གིས་ གེལའུ་ཀོཟ་ བཟོ་དོ་ཡོདཔ་ཨིན།,པཱར་ཏེ་ནོ་ཇེ་ནེས་སི་,ཨ་པོ་སི་པོ་རི་,ཨཔ་གཱམ་,PO_4,a
hsc-botany-12-31,ལྕོགས་ཅན་བཟོ་མི་ཨང་རིམ་གཉིས་པ་འདི་ ལྕོགས་ཅན་བཟོ་མི་ཨང་རིམ་དང་པ་དེ་ལས་ ལེགས་ཤོམ་ཨིན།,ལྕགས་ཤོག་གི་གཟུགས་,རའི་བོ་ཟོམ་,མི་ཊོ་ཀོནཌི་ཡ་,ཨཱན་ཌོ་ཇེ་ནེས་སི་,c
hsc-botany-12-32,i. ཀ་བེརཱཊི་གི་ཐོན་སྐྱེད་འདི་ ཡར་སེང་འགྱོ་དོ་ཡོདཔ་ཨིན།,i དང་ ii,i དང་ iii,ii དང་ iii,ནིའུ་ཀིའུ་ལི་ཡཱསི་,b
hsc-botany-12-33,༢། མེ་རླུང་རྒྱ་རྫི་འདི་ རླུང་མ་ཚ་བའི་གནས་སྟངས་ནང་ལུ་བྱུང་ནུག,གཟུགས་ཀྱི་ནང་འཁོད་ལས་འོང་མི་ གེལའུ་ཀོཟ་འདི་ ལག་ལེན་འཐབ་ཨིན།,འདི་ཡང་ ཁམས་ཕྲན་ནང་རང་ བྱུང་ནུག,འདི་ཡང་ རླུང་མ་འཕུ་བའི་དབུགས་རྐྱབ་ཨིན།,"i, ii,དང་ iii",c
hsc-botany-12-34,གསུམ་པ་ འདི་ནང་ལུ་ chloroplastsགི་རིགས་གཉིས་ཡོདཔ་ཨིན།,སྐྱེ་བའི་ཨ་ལོ་འདི་,སོན་ཚུ་,ཤིང་འབྲས་,ཆུའི་ནང་འགྱོ་མི་,b
hsc-botany-12-35,འོག་ལུ་ཡོད་མི་ལས་ ག་འདི་བདེན་པ་ཨིན་ན་ཟེར་བ་ཅིན་,34,35,36,བརྟག་དཔྱད་འབད་,c
hsc-botany-12-36,རང་བཞིན་གྱི་སྲོག་ཆགས་ཚུའི་ DNAའདི་ ཚེ་རིང་སྒྲིབ་ཀྱི་གནས་རིམ་ག་ཏེ་ལུ་ཡོདཔ་ཨིན་ན?,ཤ་པ་ལཱལ་,ས་སྣུམ་འཁོར་,ཀ་ཅུ་རི་པཱན་,38,d
hsc-botany-12-37,C_4 ཚར་གཅིག་ནང་ ཚུད་མི་ ཀེར་ཐིག་དང་པ་འདི་ག་འདི་ཨིན་ན?,གཱ་ལི་ཀོ་ལའི་སི་,ཨ་སི་ཊི་ལཱསི་ ཀོ་ཨའི་,ཀེ་རེབསི་གི་འཁོར་ལོ་,ཀ་ར་བི་,a
hsc-botany-12-38,"Miosis-1 གི་འོག་རིམ་ནང་ chromosome གཉིས་ཀྱི་བར་ནའི་ཆ་ཤས་ཚུ་ བརྗེ་སོར་འབད་ཞིནམ་ལས་ 'X' བཟོ་བཀོད་འབད་འོང་།
stimulus འདི་ག་དེ་སྦེ་འགྱོ་འགྱོཝ་ཨིན་ན?
Miosis-1 གི་འོག་རིམ་ནང་ chromosome གཉིས་ཀྱི་བར་ནའི་ཆ་ཤས་ཚུ་ བརྗེ་སོར་འབད་ཞིནམ་ལས་ 'X' བཟོ་བཀོད་འབད་འོང་།",ཀ་ལསི་ཡཱེམ་,ཀ་བཱོན་,སཱལ་ཕ་ར་,ETS,d
hsc-botany-12-39,འདི་ལུ་བལྟ་བ་ཅིན་,ཧའི་པཱའར་མཱིས་,གཟུགས་ཁར་གྱི་པགས་པ་,མནོ་བསམ་གཏང་ཐངས་,ལི་གི་,c
hsc-botany-12-40,i. དེ་ལས་ chromosomeགསརཔ་ཐོན་ནུག,བོ་ཝེ་རི།,རུ་ཌཱོལ་ཕ་ ཝི་ར་ཅ་,W.Fleming གིས་བྲིས་ནུག,ཀེར་ཐིག་,c
hsc-botany-12-41,༢། ཚིགས་ལུ་འགྱུར་འགྱུར་གསརཔ་ཅིག་མཐོང་ནུག,i དང་ ii,i དང་ iii,ii དང་ iii,ཊཱར་སི་བ་ཛར་,d
hsc-botany-12-42,གསུམ་པ་ གཟུགས་འགྱུར་འགྱུར་འདི་བྱུང་ནུག,i དང་ ii,i དང་ iii,ii དང་ iii,"i, ii,དང་ iii",d
hsc-botany-12-43,འོག་ལུ་ཡོད་མི་ལས་ ག་འདི་བདེན་པ་ཨིན་ན་ཟེར་བ་ཅིན་,ཟུར་ཐོ་ཚུ་ཡོད།,གཅིག་མཚུངས་,ཨ་ལོ་ཆགས་སའི་ས་སྒོ་,"i, ii,དང་ iii",a
hsc-botany-12-44,ཀ་རི་ཨོཔ་སིསི་འདི་ འོག་གི་ཤིང་འབྲས་ག་ཏེ་ལུ་མཐོང་ཚུགས་ནི་ཨིན་ན?,ནང་འཁོད་ལས་བྱུང་བའི་ལཱ་,སི་ཊོ་ཀི་ནེས་སི་,ཀ་རི་ཨོ་ཀི་ནེས་སི་,རྩ་ཅན་མེད་པའི་ལམ་ལུགས་,c
hsc-botany-12-45,ཨའི་ཤིང་གི་རིགས་ཚུ་ འགྱུར་བ་འགྱོ་མི་འདི་ ག་ཅི་ལུ་བརྟེན་ཨིན་ན?,སློབ་དཔོན་,མེ་ཊ་ཕ་ཡེསི་གི་རྒྱབ་སྐྱོར་,མེ་ཊ་ཕེསི་,ཌའི་ཀ་ནེས་སི་,c
hsc-botany-12-46,ཨེཊི་པི་ (ATP) གི་ཤུགས་འདི་ ག་ལིག་པོ་ལི་སི་ལུ་ག་དེམ་ཅིག་འགྲོ་སོང་ཡོདཔ་ཨིན་ན?,མདའ་གཞུ་,ཀི་རིཔ་ཊོ་ཇེཊི་,ཁུ་སིམ་སི་,ཨ་ན་ཕ་ཇ་,a
hsc-botany-12-47,ལྕངམ་གི་རྩ་བ་གི་གཟུགས་ལུ་ ག་ཅི་སླབ་ནི་ཡོདཔ་ཨིན་ན?,རྦ་རླབས་,བུམ་ཐང་ལུ་,མེ་འབར་ནི་,Trafojet,a
hsc-botany-12-48,C_r ཤིང་སྡོང་འདི་ནང་ལུ་ ཀ་བཱོན་མར་བབས་སོང་པའི་སྐབས་ འགོ་དང་པ་རང་ ཀ་བཱོན་མར་བབས་སོང་མི་ ཀ་བཱོན་མར་བབས་སོང་མི་ ཀ་བཱོན་མར་བབས་སོང་མི་ ཀ་བཱོན་མར་བབས་སོང་མི་ ཀ་བཱོན་མར་བབས་སོང་མི་ ཀ་བཱོན་མར་བབས་སོང་མི་ ཀ་བཱོན་མར་བབས་སོང་མི་ ཀ་བཱོན་མར་བབས་སོང་མི་ ཀ་བཱོན་མར་བབས་སོང་མི་ ཀ་བཱོན་མར་བབས་སོང་མི་ ཀ་བཱོན་མར་བབས་སོང་མི་,Pteris,སའི་ཀཱསི་,Dracaena,གེ་ཟ་,c
hsc-botany-12-49,ག་འདི་མགྱོགས་དྲགས་སྦེ་ ཉུང་གསོཝ་ཨིན་ན?,དཀར་ཆག་,དཀར་ཆག་,དམར་པོ་,ལི་ཀོ་པོཌི་ཡམ་,c
hsc-botany-12-50,བྱ་རིམ་ག་ཅི་གིས་ སྐྱེ་སྒོ་ནང་ལས་ སྐྱེ་ལྡན་ཨ་ལོ་སྐྱེ་ནིའི་ནུས་ཤུགས་ཐོབ་ཚུགས་ག?,i དང་ ii,ii དང་ iii,i དང་ iii,དམར་ཁུ་,c
hsc-botany-12-51,ཀེ་རེབསི་གི་འཁོར་ལོ་འདི་ ཁམས་ཀྱི་ཡན་ལག་ག་ཏེ་ལུ་ མཇུག་བསྡུ་ནི་ཨིན་ན?,ཀ^+ ཨིན་པས།,Na^+ ཨིན་ན།,Mg^{++} འདི་ཡང་,"i, ii,དང་ iii",a
hsc-botany-12-53,i. གནས་སྐབས་ཀྱི་རྩ་བ་འདི་ བཟོ་ནུག,ཇི་ནཔ་རཱས་ལཱལ་,གྲོ་ཞིབ་འདི་ གྲ་སྒྲིག་འབད་ཚར་ནུག,ལའི་སོམས,ཀ་^{++},b
hsc-botany-12-54,༢། Anabaenaགིས་ གནོད་སྐྱོན་རྐྱབ་ཡོདཔ་ཨིན།,ནིའུ་ཀིའུ་ལི་ཡཱསི་,མི་ཊོ་ཀོནཌི་ཡ་,ཊི་ཤུའི་ཀཱོལ་ (tissue culture),མི་ཊོ་ཀོནཌི་ཡ་,a
hsc-botany-12-55,གསུམ་པ་ འདི་ཚུ་ རྒྱ་མཚོ་གི་པགས་མ་བཟུམ་ཅིག་ལུ་ བཟོ་བཀོད་འབདཝ་ཨིན།,བརྡ་བཀོད་ཚུ།,སྲོག་ཆགས་ཀྱི་སྤོས་,རའི་བོ་ཟོམ་,ནད་བཀག་སྨན་བཟོ་སྐྲུན་འབད་ཐངས་,b
hsc-botany-12-56,འོག་ལུ་ཡོད་མི་ལས་ ག་འདི་བདེན་པ་ཨིན་ན་ཟེར་བ་ཅིན་,ཤོག་ལེབ་,མེ་ཏོག་,ཨ་ལོ་ཆགས་མི་ཚུ་,ཀ་ལོརོ་པཱསི་ཊིསི་,a
hsc-botany-12-57,སྦལཔ་མེ་ཏོག་གི་ཁྱད་ཆོས་ག་ཅི་ཡོདཔ་ཨིན་ན?,མེ་ཟོ་ཕི་ལ,མནོ་བསམ་གཏང་ཐངས་,ངོ་མ་,ཀཱན་ཌ་ཤི་ཤི་,a
hsc-botany-12-58,ནིའུ་ཀིའུཊི་འདི་ དབྱེ་བ་ཕྱེ་ནིའི་དོན་ལས་ ག་ཅི་སླབ་ནི་ཨིན་ན?,མི་ཊོ་ཀོནཌི་ཡ་,Endoplasmic reticulum འདི་ཡང་མཐའ་མཇུག་གི་པགས་ཚལ་གྱི་ ཕྲ་རིང་འདི་ཨིན།,མནོ་བསམ་གཏང་ཐངས་,ཤིང་གི་རྩ་བ་,c
hsc-botany-12-59,རང་སྲོག་བཅད་མི་ཚུའི་སྒོ་ལས་ ཐབས་ཤེས་ག་ཅི་བཏོན་ནི་ཨིན་ན?,ཀེ་རེབསི་གི་འཁོར་ལོ་,Acetyl Co.ལུ་ བཟོ་སྐྲུན་འབད་ཡོདཔ་ཨིན།,རྦ་ག་འཁྱུ་མི་ཚུ་,འཁོར་ལམ་,d
hsc-botany-12-60,མ་ལ་རི་ཡ་ནད་འབུབ་འདི་ མི་གི་གཟུགས་ནང་འཛུལ་ནིའི་ལམ་ལུགས་འདི་ ག་དེ་སྦེ་ཡོདཔ་ཨིན་ན?,པི་རོཊི་ནེཊི་,ཝི་ཊ་མིན་ཚུ་,ETS,རའི་བོ་ཟོམ་,a
hsc-botany-12-61,ལྡུམ་ར་འདི་ནང་ལུ་ ཤིང་གི་རིགས་ག་ཅི་ཡོདཔ་སྨོ་,༦༠་གི་ལོ་ནང་,༥༠s,ལི་པིཌ་,གཱ་ལི་ཀོ་ལའི་སི་,b
hsc-botany-12-62,ལེ་པེཊི་སེནཊི་གི་ཁྲུས་ཚིགས་འདི་ ག་བཟུམ་ཅིག་ཡོདཔ་ཨིན་ན?,ཀ་རི་ཨོ་ཀི་ནེས་སི་,སི་ཊོ་ཀི་ནེས་སི་,༤༠ ཚུན་,སྣུམ་འཁོར་ཧེ་ཊར་,b
hsc-botany-12-63,འོད་ཟེར་འདི་ནང་ལུ་ photosynthesisགི་ཚད་འདི་ ག་བཟུམ་ཅིག་ཡོདཔ་ཨིན་ན?,ལེཔ་ཏོ་ནིན་,ཟི་གཱོ་ཏིན་,མེ་ཊ་ཀི་ནེས་སི་,༣༠s,c
hsc-botany-12-65,i. ཀའི་ཡ་ཟམ་ བཟོ་ནི་,i དང་ ii,ii དང་ iii,པ་ཀི་ཊིན་,ཌའི་ཀ་ནེས་སི་,a
hsc-botany-12-66,༢། chromosome གི་གནས་རིམ་འདི་ tetrad ནང་ལུ་ཡོདཔ་ཨིན།,ལྕགས་ཀྱུ་འདི་ནང་ལུ་ ལྕགས་ཀྱུ་ལེ་ཤ་ཡོདཔ་ཨིན།,ས་སྒོ་ག་ར་ནང་ དུག་འཕུར་མི་འབུབ་,L,ཌིཔ་ལོཊིན་,b
hsc-botany-12-67,གསུམ་པ་ Nuclear membrane གི་ཉམས་འགྱོ་ནི་,སོན་ཚུ་,ཤིང་འབྲས་,i དང་ iii,I,a
hsc-botany-12-68,འོག་ལུ་ཡོད་མི་ལས་ ག་འདི་བདེན་པ་ཨིན་ན་ཟེར་བ་ཅིན་,པི་ནཱསི་,སེ་ཀོ་ཡཱ།,ཤོག་ལེབ་ཁ་ཕྱེ་,"i, ii,དང་ iii",c
hsc-botany-12-69,Poaceae གི་ཁྱད་ཆོས་ག་ཅི་ཡོདཔ་ཨིན་ན?,དམིགས་བསལ་,ཟུར་ཐིག་,སྐྱེ་བའི་ཨ་ལོ་འདི་,ཨེསི་ཊི་ཨའི་ཨེམ་རཱའི་རྣམ་ཐར།,b
hsc-botany-12-70,སྐྱེ་བའི་ཤུལ་ལུ་ ཨོམ་འདི་ འགྱུར་བ་འགྱོ་ནུག,ཧའི་བི་རི་ཡཱན་,ཡན་ལག་གི་པེ་ནཱལ་,སའི་ཀཱསི་,ལོ་ཐོག་ཚུ་,a
hsc-botany-12-71,འཛམ་གླིང་ནང་ འབུབ་སྦོམ་ཤོས་དེ་ ག་ལུ་ཡོདཔ་ཨིན་ན?,1,2,མིང་ཐོ་,Gnetum,a
hsc-botany-12-72,ཚལ་ལུའི་མེ་ཏོག་འདི་ ཚར་མ་ཆད་པར་ རིམ་སྒྲིག་འབདཝ་ཨིན།,2,4,པཱར་ཏེ་ནོ་ཇེ་ནེས་སི་,ས་སྒོ་ལེ་ཤ་ནང་,d
hsc-botany-12-73,ཁྱད་ཆོས་ག་ཅི་ལུ་བརྟེན་ ཁྱད་པར་འཐོན་ནི་ཨིན་ན?,3,4,3,རང་གིས་རང་ལུ་ བཀྲམ་སྤེལ་འབདཝ་ཨིན།,c
hsc-botany-12-74,Cycas ཟེར་མི་ཚུའི་ནང་ chromosome གི་གྲངས་རྩིས་འདི་:,གཱ་ལི་ཀོ་ལིསི་,Acetyl Co.ལུ་ བཟོ་སྐྲུན་འབད་ཡོདཔ་ཨིན།,8,4,d
hsc-botany-12-75,བྱམོ་༤ གིས་ སྐྱེ་ལྡན་སྲོག་ཆགས་ཀྱི་སྒོ་ལས་ སྐྱེ་ལྡན་སྲོག་ཆགས་ཀྱི་སྒོ་ལས་ སྐྱེ་ལྡན་སྲོག་ཆགས་ཀྱི་སྒོ་ལས་ སྐྱེ་ལྡན་སྲོག་ཆགས་ཀྱི་སྒོ་ལས་ སྐྱེ་ལྡན་སྲོག་ཆགས་ཀྱི་སྒོ་ལས་ སྐྱེ་ལྡན་སྲོག་ཆགས་ཀྱི་སྒོ་ལས་,དམར་ཁུ་,དཀར་ཆག་,5,16,c
hsc-botany-12-76,C_3 གི་ CO_2ལེན་མི་སྡེ་ཚན་འདི་ནང་ལུ་ ཀེར་བཱོན་ག་དེ་ཅིག་ཡོདཔ་ཨིན་ན?,མཱན་ཇེ་ནིསི་,ནིཊི་རོཇེན་,ཀེ་རེབསི་གི་འཁོར་ལོ་,6,b
hsc-botany-12-77,སྲོག་ལེན་གྱི་ལཱ་འདི་ནང་ལུ་ ཨོ་ཟི་ཇེན་འདི་ ག་ཅི་སྦེ་ལག་ལེན་འཐབ་ནི་ཨིན་ན?,སློབ་དཔོན་,མེ་ཊ་ཕེསི་,དམར་པོ་,གློག་ཤུགས་སྐྱེལ་འདྲེན་འཕྲུལ་ཆས་,c
hsc-botany-12-78,འོད་ཟེར་འདི་ ག་བཟུམ་ཅིག་ལུ་བརྟེན་ འོད་སྦྱོར་གྱི་ལཱ་ཚུ་འབད་དོ་ཡོདཔ་ཨིན་ན?,ཀ་ལོརིན་,ཀ་ལསི་ཡཱེམ་,ལི་གི་,དཀར་ཆག་,a
hsc-botany-12-79,ཟས་བཅུད་སྦོམ་ཤོས་འདི་ག་ཅི་ཨིན་ན?,དཀར་འབྲུ་,དཀར་འབྲུ་,ཨ་ན་ཕ་ཇ་,ལྕགས་,d
hsc-botany-12-80,འ་ནི་ཀེ་རོ་མཱཊིས་ཚུ་ དབྱེ་ཁག་ག་ཏེ་ལུ་ཡོདཔ་ཨིན་ན?,ལེཔཊོ་སི་ཊེ་རིཀ,ཆུ་ལྟེ་བའི་གནས་སྟངས་,མ་ག་སི་ཡཱེམ་,གློག་ཐག་ར་བ་,c
hsc-botany-12-81,ག་འདི་ཨ་ནི་ཡཱོན་སྦེ་ འཐུང་དོ་ཡོདཔ་ཨིན་ན?,ལྡོག་ཕྱོགས་འགོ་ཁྲིདཔ་,ཟླཝ་,བུམ་ཐང་ལུ་,སོ་ཌིཡཱམ,a
hsc-botany-12-82,སྦ་སྒོར་གྱི་སེརཔོ་ལསི་ཊི་འདི་ སྔོ་ཤིང་ག་ཏེ་ལུ་ཡོདཔ་ཨིན་ན?,མ་ལི་ཀཨེ་སིཌ་,སི་ཊི་རི་ཀཨེ་སིཌ་,ཨཱར་ཡཱན་,གེ་ཟ་,b
hsc-botany-12-84,i. གེ་མིཊ་,i དང་ ii,i དང་ iii,སྒྲོམ་,མཐུད་སྦྲེལ་འབད་ཡོདཔ་ཨིན།,b
hsc-botany-12-85,༢། ཇའི་གེཊ་,ཀ་,SO_4,ཨེས་ཁཱལ་ཨསིཌ་,ཐོ་བཀོད་འབད་,c
hsc-botany-12-86,གསུམ་པ་ ཁྱད་པར་ཅན་,Mg,Mn,ii དང་ iii,ལེག་ཊིག་ཨེ་སིཌ་,b
hsc-botany-12-87,འོག་ལུ་ཡོད་མི་ལས་ ག་འདི་བདེན་པ་ཨིན་ན་ཟེར་བ་ཅིན་,རྡོ་གཅལ་,ཚལ་ལུ་,ii དང་ iii,"i, ii,དང་ iii",d
hsc-botany-12-88,འོག་གི་རྒྱུ་རྡུལ་ག་འདི་མགྱོགས་དྲགས་སྦེ་ ཉུང་གསོཝ་ཨིན་ན?,ངོ་མ་,ཤིང་གི་རྩ་བ་,ཀ་,"i, ii,དང་ iii",c
hsc-botany-12-89,ཆུ་འདི་འོད་ལུ་འགྱུར་ནི་གི་དོན་ལས་ ག་དེ་ཅིག་ དགོཔ་ཡོདཔ་ཨིན་ན?,2,6,ཀ་,Mg,a
hsc-botany-12-90,འ་ནི་གྲལ་ལས་ ག་འདི་ རིགས་བརྒྱུད་ཀྱི་རྒྱུད་ལས་ སྐྱེས་ཡོདཔ་ཨིན་ན?,i དང་ ii,i དང་ iii,སྒྱུ་རྩལ་,Fe,c
hsc-botany-12-91,སྔོ་ཚལ་གྱི་ཚོར་སྣང་གི་ཡན་ལག་ངོ་མ་འདི་ག་ཅི་ཡོདཔ་ཨིན་ན?,ལེཔ་ཏོ་ཊིན་,ཟི་གཱོ་ཏིན་,ཤོག་ལེབ་,དཱལ་ཡ་,c
hsc-botany-12-92,སྲོག་ཤུགས་མེད་པ་ཅིན་ ཨེཊི་པི་ག་ཚོད་ཐོན་འོང་ག་,Solanum tuberausm,Pisum satvum,24,མེ་ཏོག་,b
hsc-botany-12-93,ཚ་དྲོད་མཉམ་སྦྲེལ་གྱིས་ བཟོ་སྐྲུན་འབད་དོ་ཡོདཔ་ཨིན།,གཟུགས་ཁར་གྱི་པགས་པ་,ཨེ་པི་བཱལ་མཱམ་,ii དང་ iii,38,b
hsc-botany-12-94,i. CO_2,སློབ་དཔོན་,ཨ་ན་ཕ་ཇ་,པ་ཀི་ཊིན་,"i, ii,དང་ iii",d
hsc-botany-12-95,༢། H_{2}O དེ་ནང་ལུ་,སྒྱུ་རྩལ་,དཀར་འབྲུ་,Brassica napus,ཌིཔ་ལོཊིན་,a
hsc-botany-12-96,གསུམ་པ་ O_2,སི་ཊོ་ཀི་ནེས་སི་,ཀ་རི་ཨོ་ཀི་ནེས་སི་,ཧའི་པཱའར་མཱིས་,Colotropis procera ཟེར་མི་འདི་ཨིན།,b
hsc-botany-12-97,འོག་ལུ་ཡོད་མི་ལས་ ག་འདི་བདེན་པ་ཨིན་ན་ཟེར་བ་ཅིན་,i དང་ ii,i དང་ iii,གློག་ཐག་ར་བ་,ཀོར་ཊེགསི་,b
hsc-botany-12-98,ལམ་འདི་ག་ཏེ་ལས་ འགོ་བཙུགས་ནི་ཨིན་ན?,ཡར་ཁ་ཐུག་ལུ་,འོག་ལུ་བལྟ་,ཨ་ནཱན་སིཊ་,སི་ཊོ་ཀི་ནེས་སི་,d
hsc-botany-12-99,ཝེཀ་སི་ལར་ ཨེསི་ཊི་བེ་ཊི་འུནཌ་འདི་ ཤིང་སྣ་ག་ཏེ་ལུ་ཡོདཔ་ཨིན་ན?,རུས་ཚིགས་མེད་པའི་ཚིགས་,རླུང་མ་འཕུ་མི་ཅིག་ཨིན་མས།,ཌའི་ཀ་ནེས་སི་,ཨ་ཏ་,d
hsc-botany-12-100,རྩ་བ་གི་པགས་པ་ལུ་ ག་ཅི་སླབ་ནི་ཨིན་ན?,མུ་ཏིག་,ཕར་ནསི་,ii དང་ iii,སི་ན་པཱསི་,c
hsc-botany-12-101,ཐབ་ཚངཔ་ཚུ་ འོག་གི་གནས་རིམ་ག་ཏེ་ལུ་ འགོ་བཙུགས་ཡོདཔ་ཨིན་ན?,i དང་ ii,i དང་ iii,ཕྱོགས་གཅིག་ཁ་ཐུག་འབད་མི་,"i, ii,དང་ iii",b
hsc-botany-12-102,འ་ནི་གྲལ་ལས་ ག་འདི་ཤིང་འབྲས་ཅན་ཨིན་ན?,དཀར་འབྲུ་,གྲོ་,ཌི་པི་ལིང་ཇེ་ལེནཌི་,ཀེར་ཐིག་,c
hsc-botany-12-103,ནིའུ་ཀིའུཊི་འདི་ དབྱེ་བ་ཕྱེ་ནིའི་དོན་ལས་ ག་ཅི་སླབ་ནི་ཨིན་ན?,མི་ཊོ་ཀོནཌི་ཡ་ནང་ལུ་,ཀ་ལོརོ་པཱསི་ཊི,སྦ་སྒོར་ཚུ་,མང་ཤོས་ཅིག་ར་ རླུང་མ་འཕུ་མི་ཚུ་ཨིན།,d
hsc-botany-12-105,ཇི་ཏིཔ་པི་ལུ་ ཤིང་འབྲས་ག་བཟུམ་ཅིག་སླབ་ཡོདཔ་སྨོ་ཟེར་,ཏ་པེ་ཏཱམ་,ཨེ་ཌོསི་པེར་མ་,ii དང་ iii,ནག་མོ་ཚུ་,c
hsc-botany-12-106,འཛམ་གླིང་ནང་ དར་ཁྱབ་འགྱོ་མི་ སྔོ་ཚལ་དང་ ཤིང་འབྲས་ཀྱི་རིགས་ཚུ་ སྐར་མ་གསུམ་སྦེ་སྤུབས་ཏེ་འདུག,i དང་ ii,i དང་ iii,ཨེ་ཁུ་,"i, ii,དང་ iii",a
hsc-botany-12-107,ལྕང་ཤིང་གི་ཁྱད་ཆོས་འདི་:,ལུན་ཌེ་གཱཌ་གི་ལྟ་བ་,ལེསི་ཊི་ནའི་འཁོར་ལམ་གྱི་ལྟ་བ་,རའི་བོ་ཟོ་མཱ།,ཨེ་མ་,d
hsc-botany-12-108,i. ཐབས་ལམ་གཉིས་པ་ཨིན།,i དང་ ii,i དང་ iii,ཀེ་རོ་ཊིན་,སྲོག་ཆགས་ཀྱི་པགས་པའི་ནང་ལུ་,c
hsc-botany-12-109,༢། གྲུབ་འབྲས་ག་ནི་ཡང་མ་ཐོན་,ཡར་ཁ་ཐུག་ལུ་,འོག་ལུ་བལྟ་,ནེའུ་ཟེ་ལཱསི་,ཟཱནཏོ་ཕི་ལ,d
hsc-botany-12-110,གསུམ་པ་ དེ་ལས་ ཕྲ་རིང་འདི་ནང་ལུ་ མཚམས་སྦྱོར་གྱི་ས་སྒོ་འདི་ཡོདཔ་ཨིན།,i དང་ ii,i དང་ iii,ii དང་ iii,ཨ་ལོ་ཆགས་སའི་ས་སྒོ་,b
hsc-botany-12-111,འོག་ལུ་ཡོད་མི་ལས་ ག་འདི་བདེན་པ་ཨིན་ན་ཟེར་བ་ཅིན་,སློབ་དཔོན་,མེ་ཊ་ཕེསི་,སྲོག་ཆགས་ཀྱི་ཨའི་ཡཱན་ ཀོ་ཊར་ནོ་ཊར་ (co-transport) གྲུབ་མཐའ་འདི་,"i, ii,དང་ iii",c
hsc-botany-12-112,འ་ནི་གྲལ་ལས་ C_4 ཤིང་ཆས་འདི་ག་འདི་ཨིན་ན།,i དང་ ii,i དང་ iii,ii དང་ iii,ཌོ་ནཱན་འདི་,c
hsc-botany-12-113,གཤག་བཅོས་འདི་ ས་སྒོ་ག་ཏེ་ལུ་འབདཝ་ཨིན་ན?,ཟི་གཱོ་ཏིན་,པ་ཀི་ཊིན་,ཕྱོགས་གཅིག་ཁ་ཐུག་འབད་མི་,"i, ii,དང་ iii",c
hsc-botany-12-114,འོག་གི་རྒྱུ་རྫས་ཚུ་གི་གྲས་ལས་ ག་འདི་ ཚོས་གཞི་ཧྲིལ་བུམ་སྦེ་བཟོ་ནི་ཨིན་ན?,ཌའི་ལོག་ཨེབ་གཏང་འབད།,Xylem གི་གཟུགས་ཁར་ཡོད་མི་ ཁམས་ཕྲན་འདི་ངོ་མ་ཨིན།,ii དང་ iii,ཀེར་ཐིག་,c
hsc-botany-12-115,ཨ་ལོ་ཆགས་མི་དེ་ལུ་ ཟས་བཅུད་ག་ཅི་ཡོདཔ་ཨིན་ན?,1,2,ཨ་ན་ཕ་ཇ་,"i, ii,དང་ iii",b
hsc-botany-12-117,i. ནུས་ཤུགས་འདི་ དབྱེ་བ་ཕྱེ་ནི་ཨིན་མས།,2,3,ii དང་ iii,གློག་ཐག་ར་བ་,b
hsc-botany-12-118,༢། སྲོག་ཆགས་ཀྱི་པགས་ཚལ་འདི་ དབྱེ་བ་ཕྱེ་དོ་ཡོདཔ་ཨིན།,ཀེལ་ཊར་ཚུ་,ཤཱལ་ཀཱ,ཌིཔ་ལོཊིན་,"i, ii,དང་ iii",a
hsc-botany-12-119,གསུམ་པ་ ཁམས་ཕྲན་ཡར་འཕར་འགྱོ་དོ་ཡོདཔ་ཨིན།,འབྲུ་,རྦ་རླབས་,རྒྱུད་རིམ་འདི་མ་འདྲ་བའི་དབྱིབས་ལུ་བརྟེན་ཡོདཔ་ཨིན།,ཌའི་ཀ་ནེས་སི་,a
hsc-botany-12-120,འོག་ལུ་ཡོད་མི་ལས་ ག་འདི་བདེན་པ་ཨིན་ན་ཟེར་བ་ཅིན་,Karl Ereky གིས་,ཨེ་ཌ་ཝཱཌ་ ཇེན་ནར་,3,དེ་ལས་ ཕྲ་རིང་གི་གཟུགས་ཁར་ཡོད་པའི་ ཁམས་ཕྲན་འདི་ ཕྲ་རིང་གི་གཟུགས་ཁར་ཡོད་པའི་ ཁམས་ཕྲན་འདི་ཨིན།,a
hsc-botany-12-121,མཐའ་ཟུར་བཟོ་ནི་དེ་ ག་ཅི་ལུ་བརྟེན་ཡོདཔ་ཨིན་ན?,ཀ་བཱོན་,ཧ་ཌིརཇེན་,i དང་ iii,4,d
hsc-botany-12-122,དོག་མ་མེད་པའི་ཤིང་གི་ཁྱད་ཆོས་ག་ཅི་ཡོདཔ་ཨིན་ན?,ཕྱོགས་གཅིག་ཁ་ཐུག་,ཕྱོགས་གཉིས་པ་,4,"i, ii,དང་ iii",d
hsc-botany-12-123,སའི་ཀཱསི་གི་འདབ་མ་འདི་ ག་དེ་སྦེ་ཡོདཔ་ཨིན་ན?,i དང་ ii,i དང་ iii,ཁྲག་ཤུགས་ཀྱི་ནད་གཞི་,5,a
hsc-botany-12-125,i. ཀེར་ཐིག་ནང་ལུ་ hypodermis མེད་,སཔོ་རོ་ཟེཊ་,ཀི་རིཔ་ཊོ་ཇེཊི་,གློག་ཤུགས་,མཚམས་འཇོག་འབད་ཚུགས།,d
hsc-botany-12-126,༢། མཚོན་ཆ་འདི་ མཚོན་ཆ་གི་ལྟག་ལུ་ཡོདཔ་ཨིན།,མཱལ་རི་ཡཱན་,དྲོད་འབར་,John Clinch འདི་ལུ་བལྟ་བ་ཅིན་,ཐོ་མཱའུ།,d
hsc-botany-12-127,གསུམ་པ་ XYLEM འདི་ Y དང་ V སྦེ་བཟོ་ཡོདཔ་ཨིན།,མཆིན་ནད་འབུབ་,ནད་འབུབ་,ནད་འབུབ་དང་ ནད་འབུབ་གཞན་ཚུ་,Janet Parker ལུ་ཁ་སྐོང་འབད།,b
hsc-botany-12-128,འོག་ལུ་ཡོད་མི་ལས་ ག་འདི་བདེན་པ་ཨིན་ན་ཟེར་བ་ཅིན་,འོད་ཟེར་,ཚ་དྲོད་,ཛའི་ལེམ་ནང་ལུ་,ནིཊི་རོཇེན་,c
hsc-botany-12-129,ནང་འཁོད་འདི་ནང་ལས་ག་འདི་ ནིའུ་ཀིའུཊི་ས་བཱའིན་གྱི་ དབྱེ་བ་ཨིན་ན།,ཁམས་ཕྲན་འདི་ ཤུགས་སྦེ་རང་འཐུདཔ་ཨིན།,ཁམས་ཀྱི་བར་ནང་ བར་སྟོང་མེདཔ་ཨིན།,ii དང་ iii,ཆུ་རུད་ལུ་དམིགས་ཏེ་,d
hsc-botany-12-130,Plasmodium vivax གི་ཁྱབ་ཚད་འདི་ག་དེམ་ཅིག་ཡོདཔ་ཨིན་ན?,ངོ་མ་,ཤིང་གི་རྩ་བ་,ཌའི་ཀ་ནེས་སི་,"i, ii,དང་ iii",c
hsc-botany-12-131,ཀེ་རེམ་ལུ་ དྲོད་འབར་རྐྱབ་སྟེ་འདུག ཁོ་གི་མིག་ཏོ་ཡང་ དམར་པོ་ལུ་འགྱུར་ཡོདཔ་མ་ཚད་ གཟུགས་ཁར་ཡང་ དམར་པོ་གི་རྨ་ཐོན་ནུག,i དང་ ii,i དང་ iii,མེ་རོ་ཇེཊ་,སི་ཊོ་ཀི་ནེས་སི་,d
hsc-botany-12-132,ཌེང་གི་གི་མིང་ག་ཅི་ཡོདཔ་སྨོ་ཟེར་,i དང་ ii,i དང་ iii,ཧེ་པེ་ཊའི་ཏིས་ནད་གཞི་,ཝེ་ཀིནཊི་,a
hsc-botany-12-133,ཀེ་རེམ་ལུ་ དྲོད་འབར་རྐྱབ་སྟེ་འདུག ཁོ་གི་མིག་ཏོ་ཡང་ དམར་པོ་ལུ་འགྱུར་ཡོདཔ་མ་ཚད་ གཟུགས་ཁར་ཡང་ ཤ་རྦ་ག་སེརཔོ་ཐོན་ནུག,ཨཱལ་བཱརཏ་ ཀལའུ་ཌི་,Richard B. རོ་བྷོརཊ་,ཀ་བལ་,ཌེང་གི་,b
hsc-botany-12-134,"Karimལུ་ ནད་གཞི་འདི་ ག་ཅི་ལུ་བརྟེན་ཨིན་ན་ཟེར་བ་ཅིན་ ""...",སློབ་དཔོན་,མེ་ཊ་ཕ་ཡེསི་གི་རྒྱབ་སྐྱོར་,ཚ་དྲོད་,པཱལ་སི་མོ་དི་ཡཱེམ་,c
hsc-botany-12-135,འ་ནི་ནང་ལས་ ག་འདི་ཡར་འཕར་འགྱོཝ་ད་ དྲོད་འབར་མར་བབས་འགྱོཝ་ཨིན་ན?,i དང་ ii,i དང་ iii,ཁམས་ཀྱི་རྩིག་པའི་ནང་ལུ་ ཁམས་ཕྲན་འདི་བཟོ་སྟེ་ཡོདཔ་ཨིན།,རླུང་གི་འུར་བྱེལ་,a
hsc-botany-12-136,ཡུན་རིངམོ་སྦེ་ སྡོད་ཚུགས་པའི་ རིགས་རུས་ཀྱི་ཁྱད་ཆོས་ག་ཅི་ཡོདཔ་ཨིན་ན?,ཀའི་ཡ་ཟམ་,ཌའི་ལོག་,བྱི་ཐལཝ་,ཁམས་ཕྲན་འདི་ཡར་སྦོམ་འགྱོ་ནུག,c
hsc-botany-12-137,ལྕང་ཤིང་གི་རིགས་འདི་ ག་དེ་སྦེ་སྐྱེ་ཚུགས་ནི་སྨོ་,བཟའ་འཐུང་ཚུ་གསོག་འཇོག་འབད་དགོ,དེ་ལས་ སྦ་ཟེ་གིས་ཡང་ སྦ་ཟེ་གི་སོན་འདི་ སྦ་ཟེ་ལུ་བྱིན་ནུག,ii དང་ iii,སྐྱེ་བའི་ཨ་ལོ་འདི་,c
hsc-botany-12-138,འ་ནི་ལས་ཀ་འདི་གིས་ འབུབ་དང་སྲོག་ཆགས་ཀྱི་རིགས་ཚུ་ རྫས་སྦྱོར་འབད་ནི་ལུ་ ཕན་ཐོགས་འབྱུང་འོང་།,BMV,ནད་འབུབ་ཨེཆ་ཨའེ་བི་,ii དང་ iii,"i, ii,དང་ iii",b
hsc-botany-12-139,i. གོ་ལ་བཟུམ་ཅིག་སྦེ་,ཀ་བཱོལ་,བེ་རི་,George Palade གིས་འབད་ཡོདཔ་ཨིན།,"i, ii,དང་ iii",d
hsc-botany-12-140,༢། སྐྱེལ་འདྲེན་འབད་ཐངས་,ཀ་ལཱསི་གི་བཟོ་རྣམ་,ནད་འབུབ་བཀག་ཐབས་འབད་ཐབས།,མེ་ཊ་ཕེསི་,Christian de Duve འདི་,b
hsc-botany-12-141,གསུམ་པ་ ཨེན་ཇིམ་གི་འབྱུང་ཁུངས་ཅིག་སྦེ་,i དང་ ii,ii དང་ iii,ii དང་ iii,ཨ་ན་ཕ་ཇ་,d
hsc-botany-12-142,འོག་ལུ་ཡོད་མི་ལས་ ག་འདི་བདེན་པ་ཨིན་ན་ཟེར་བ་ཅིན་,དཀར་ཆག་,དཀར་མདོག་དམརཔོ་,སི་ན་པཱསི་,"i, ii,དང་ iii",c
hsc-botany-12-144,"stimulus གི་གནས་རིམ་ A འདི་ག་ཅི་ཨིན་ན?""",i དང་ ii,ii དང་ iii,བཟའ་འཐུང་ཚུ་ གྲ་སྒྲིག་འབད་དོ་ཡོདཔ་ཨིན།,ས་མཚམས་བརྒལ་ནི་,a
hsc-botany-12-146,i. ལེག་ཊིཀ་ཨེ་སིཌ་འདི་ བཟོ་ནུག,i དང་ ii,ii དང་ iii,TMV,གེལའུ་ཀོཟ་འདི་ དཀརཔོ་ལུ་འགྱུར་ནི་,d
hsc-botany-12-147,༢། ཤར་ཕྱོགས་ལུ་ བྱ་རིམ་འདི་ མཉམ་འབྲེལ་འབད་ཡོདཔ་ཨིན།,སློབ་དཔོན་,མེ་ཊ་ཕ་ཡེསི་གི་རྒྱབ་སྐྱོར་,སི་ལི་ཀའ།,TIV,b
hsc-botany-12-148,གསུམ་པ་ འདི་ལུ་ ནད་གཞི་ཐོབ་མི་ ནདཔ་ཚུ་གིས་ ནད་གཞི་འདི་ལས་དྲག་མི་ཚུགས།,24,28,བརྡ་བརྒྱུད་ནང་ ཨེསི་པཱལཱནཊི་བཙུགས་ནི།,ཀ་རི་ཨོཔ་སི་,a
hsc-botany-12-149,འོག་ལུ་ཡོད་མི་ལས་ ག་འདི་བདེན་པ་ཨིན་ན་ཟེར་བ་ཅིན་,བེ་ནེཊ་ ཀ་ལར་ཀ,ཇོ་ཇ་ དོ་ནཱན་,i དང་ iii,འགོ་ཐོག་གི་བཟོ་བཀོད་,c
hsc-botany-12-150,ཌེང་གི་ནད་འབུབ་ཀྱིས་ གཟུགས་ལུ་ གནོད་སྐྱོན་རྐྱབ་པའི་སྐབས་ ཌེང་གི་གི་ནད་འབུབ་དེ་ གཟུགས་ལུ་ གནོད་སྐྱོན་རྐྱབ་པའི་སྐབས་ ཌེང་གི་དེ་ གཟུགས་ལུ་ གནོད་སྐྱོན་རྐྱབ་པའི་སྐབས་ ཌེང་གི་དེ་ གཟུགས་ལུ་ གནོད་སྐྱོན་རྐྱབ་པའི་སྐབས་ ཌེང་གི་དེ་ གཟུགས་ལུ་ གནོད་སྐྱོན་རྐྱབ་པའི་སྐབས་ ཌེང་གི་དེ་ གཟུགས་ལུ་ གནོད་སྐྱོན་རྐྱབ་པའི་སྐབས་ ཌེང་གི་དེ་ གཟུགས་ལུ་ གནོད་སྐྱོན་རྐྱབ་པའི་སྐབས་ ཌེང་གི་དེ་ གཟུགས་ལུ་ གནོད་སྐྱོན་རྐྱབ་པའི་སྐབས་ ཌེང་གི་དེ་ གཟུགས་ལུ་ གནོད་སྐྱོན་རྐྱབ་པའི་སྐབས་ ཌེང་གི་དེ་ གཟུགས་ལུ་ གནོད་སྐྱོན་རྐྱབ་པའི་སྐབས་ ཌེང་གི་དེ་ གཟུགས་ལུ་ གནོད་སྐྱོན་རྐྱབ་པའི་སྐབས་ ཌེང་གི་དེ་ གཟུགས་ལུ་ གནོད་སྐྱོན་རྐྱབ་པའི་སྐབས་ ཌེང་གི་དེ་ གཟུགས་ལུ་ གནོད་སྐྱོན་རྐྱབ་པའི་སྐབས་ ཌེང་གི་དེ་ གཟུགས་ལུ་ གནོད་སྐྱོན་རྐྱབ་པའི་སྐབས་ ཌེང་གི་དེ་ གཟུགས་ལུ་ གནོད་སྐྱོན་རྐྱབ་པའི་སྐབས་ ཌེང་གི་དེ་ གཟུགས་ལུ་ གནོད་སྐྱོན་རྐྱབ་པའི་སྐབས་ ཌེང་གི་དེ་ གཟུགས་ལུ་ གནོད་སྐྱོན་རྐྱབ་པའི་སྐབས་ ཌེང་གི་དེ་ གཟུགས་ལུ་ གནོད་ འདི་ཡང་ (a) གཱ་མི་ཊོ་གཱནི་དང་ (b) སཔོ་རོ་གཱནི་,ཕོསི་ཕོསི་ཕོརཊོ་ཀི་ནེསི་,གསོལ་རས་ཚུ་,དམར་པོ་,"i, ii,དང་ iii",a
hsc-botany-12-151,རྒྱུད་བསྐུལ་གི་གནས་རིམ་ B འདི་ནང་འཁོད་ལས་བཟོ་རྣམ་ག་འདི་ཐོན་འོང་ག་ཟེར་བ་ཅིན་,དབྱེ་སེལ་འབདཝ་ཨིན།,འགྱུར་བཅོས་,ཟི་གི་,དཀར་ཆག་,c
hsc-botany-12-152,ཌེང་གི་ནད་འབུབ་ཀྱིས་ གཟུགས་ལུ་ གནོད་སྐྱོན་རྐྱབ་པའི་སྐབས་ ཌེང་གི་གི་ནད་འབུབ་དེ་ གཟུགས་ལུ་ གནོད་སྐྱོན་རྐྱབ་པའི་སྐབས་ ཌེང་གི་དེ་ གཟུགས་ལུ་ གནོད་སྐྱོན་རྐྱབ་པའི་སྐབས་ ཌེང་གི་དེ་ གཟུགས་ལུ་ གནོད་སྐྱོན་རྐྱབ་པའི་སྐབས་ ཌེང་གི་དེ་ གཟུགས་ལུ་ གནོད་སྐྱོན་རྐྱབ་པའི་སྐབས་ ཌེང་གི་དེ་ གཟུགས་ལུ་ གནོད་སྐྱོན་རྐྱབ་པའི་སྐབས་ ཌེང་གི་དེ་ གཟུགས་ལུ་ གནོད་སྐྱོན་རྐྱབ་པའི་སྐབས་ ཌེང་གི་དེ་ གཟུགས་ལུ་ གནོད་སྐྱོན་རྐྱབ་པའི་སྐབས་ ཌེང་གི་དེ་ གཟུགས་ལུ་ གནོད་སྐྱོན་རྐྱབ་པའི་སྐབས་ ཌེང་གི་དེ་ གཟུགས་ལུ་ གནོད་སྐྱོན་རྐྱབ་པའི་སྐབས་ ཌེང་གི་དེ་ གཟུགས་ལུ་ གནོད་སྐྱོན་རྐྱབ་པའི་སྐབས་ ཌེང་གི་དེ་ གཟུགས་ལུ་ གནོད་སྐྱོན་རྐྱབ་པའི་སྐབས་ ཌེང་གི་དེ་ གཟུགས་ལུ་ གནོད་སྐྱོན་རྐྱབ་པའི་སྐབས་ ཌེང་གི་དེ་ གཟུགས་ལུ་ གནོད་སྐྱོན་རྐྱབ་པའི་སྐབས་ ཌེང་གི་དེ་ གཟུགས་ལུ་ གནོད་སྐྱོན་རྐྱབ་པའི་སྐབས་ ཌེང་གི་དེ་ གཟུགས་ལུ་ གནོད་སྐྱོན་རྐྱབ་པའི་སྐབས་ ཌེང་གི་དེ་ གཟུགས་ལུ་ གནོད་སྐྱོན་རྐྱབ་པའི་སྐབས་ ཌེང་གི་དེ་ གཟུགས་ལུ་ གནོད་ འདི་ཡང་ (a) གཱ་མི་ཊོ་གོ་ནི་དང་ (b) སཔོ་རོ་གོ་ནི་,ལྕགས་ཤོག་གི་གཟུགས་,རའི་བོ་ཟོམ་,i དང་ iii,ལི་གི་,b
hsc-botany-12-153,"རྒྱུད་བསྐུལ་གྱི་གནས་རིམ་ ""A"" གི་ཁྱད་ཆོས་འདི་ -",ཌི་ཨོཀསི་ རིབོསི་,ཧིསི་ཊཱོན་,ཝོ་ཀེན་ནེཊ་,"i, ii,དང་ iii",d
hsc-botany-12-154,i. འབྱེམ་འདི་ འབྱེམ་སྡེ་ཚན་ནང་རང་ འབྱུང་དོ་ཡོདཔ་ཨིན་མས།,སློབ་དཔོན་,མཐུན་ལམ་,i དང་ iii,སཔོ་རོ་ཟེཊ་,b
hsc-botany-12-155,༢། ཨམ་སྲུ་གི་ཕོ་མཚན་ནང་ལུ་ ཟུར་ཐིག་ཚུ་བཟོཝ་ཨིན།,དེ་ལས་ ཨ་ལོ་ཚུ་ཡར་སྦོམ་འགྱོ་སྟེ་ ལུས་སྟོབས་སྒྲིང་སྒྲིང་འགྱོ་འོང་།,གཟུགས་ཀྱི་རྨ་འདི་ བཏོན་བཏངམ་ཨིན།,མེ་ཊ་ཕེསི་,"i, ii,དང་ iii",c
hsc-botany-12-156,གསུམ་པ་ མཐུད་སྦྲེལ་འབད་ཚར་ནུག,ཀ་བལ་,Plasmodium,40,ཨ་ན་ཕ་ཇ་,d
hsc-botany-12-157,འོག་ལུ་ཡོད་མི་ལས་ ག་འདི་བདེན་པ་ཨིན་ན་ཟེར་བ་ཅིན་,DNA དང་ RNA གཉིས་ཆ་ར་ལུ་ ནིའུ་ཀིལ་ཨེས་ཨེ་སིཌ་ཡོདཔ་ཨིན།,གཟུགས་ཀྱི་ཡར་རྒྱས་རྩ་ལས་མི་འགྱོ།,ལུན་ཌེ་གཱཌ་,42,a
hsc-botany-12-158,རང་སོའི་གཟུགས་ཁར་ཡོད་མི་ གཟུགས་ཀྱི་ཡན་ལག་འདི་ རང་སོའི་གཟུགས་ཁར་ཡོད་མི་ གཟུགས་ཀྱི་ཡན་ལག་གི་ཡན་ལག་བཟུམ་ཅིག་སྦེ་ རང་སོའི་གཟུགས་ཁར་ཡོད་མི་ གཟུགས་ཀྱི་ཡན་ལག་འདི་ རང་སོའི་གཟུགས་ཁར་ཡོད་མི་ གཟུགས་ཀྱི་ཡན་ལག་བཟུམ་ཅིག་སྦེ་ རང་སོའི་གཟུགས་ཁར་ཡོད་མི་ གཟུགས་ཀྱི་ཡན་ལག་འདི་བཟུམ་ཅིག་སྦེ་ རང་སོའི་གཟུགས་ཁར་ཡོད་མི་ གཟུགས་ཀྱི་ཡན་ལག་འདི་བཟུམ་ཅིག་སྦེ་ རང་སོའི་གཟུགས་ཁར་ཡོད་མི་ གཟུགས་ཀྱི་ཡན་ལག་འདི་བཟུམ་ཅིག་སྦེ་ རང་སོའི་གཟུགས་ཁར་ཡོད་མི་ གཟུགས་ཀྱི་ཡན་ལག་འདི་བཟུམ་ཅིག་སྦེ་ རང་སོའི་གཟུགས་ཁར་ཡོད་མི་ གཟུགས་ཀྱི་ཡན་ལག་འདི་བཟུམ་ཅིག་སྦེ་ རང་སོའི་གཟུགས་ཁར་ཡོད་མི་ གཟུགས་ཀྱི་ཡན་ལག་འདི་བཟུམ་ཅིག་སྦེ་ རང་སོའི་གཟུགས་ཁར་ཡོད་མི་ གཟུགས་ཀྱི་ཡན་ལག་འདི་བཟུམ་ཅིག་སྦེ་རང་ཨིན།,Basillum,ཀོལོསི་ཊི་རི་ཌིཡམ་,ཨི་སོ་མར་ཇེ,ལེན་བཏུབ། བླམ་ཚུ་,d
hsc-botany-12-159,ད་ཨ་ལཱན་ཅི་ནང་ ཀེ་རོ་མཱོ་སོམ་ག་དེམ་ཅིག་ཡོདཔ་ཨིན་ན?,མུལ་ལཱོ་དག་མ,དབྱེ་བ་ཕྱེ་ནི་,ཡིག་ཐོག་ལུ་བྲིས་ནུག,ཕོསི་ཕོགསི་ཇི་ལ་སར་མའུཊ་ཟ་,b
hsc-botany-12-160,ས་སྣུམ་བླུག་ནིའི་འཕྲུལ་ཆས་ Cytokrom pump འདི་ ག་གིས་བཟོ་ཡོདཔ་ཨིན་ན?,ཧེ་མོ་ལི་སི་བཱིན་,ཧེ་མོ་ཇེན་,ལའི་སོམས,སྐད་སྒྱུར་འབད་,b
hsc-botany-12-161,Fructose-6-phosphate \xrightarrow{P}Fructose-1 འདི་ ཀོ་རོཊ་སི་བཱོན་དང་ ཀོ་རོཊ་སི་བཱོན་གཉིས་ཆ་ར་ལུ་ཡོད་པའི་ ཀོ་རོཊ་སི་བཱོན་འདི་ཨིན།,ཀེན་ཕ་,པེ་ནཱལ་,ཐའི་མཱིན་,ཌའི་ལོག་གི་ཨོཀསི་སོམ་,d
hsc-botany-12-162,འོག་ལུ་ཡོད་མི་ ཀོ་ཌོན་འདི་ག་འདི་ འགོ་འབྱེད་འབདཝ་ཨིན་ན?,ཨའུཇི་,UUU,མེ་ཊ་ཕེསི་,ཡུ་རཱས་སིལ་,a
hsc-botany-12-163,དེ་ལས་དཔེ་ཆ་དེ་ཚུ་ག་ར་ ཨེབ་གཏང་བརྐྱབ་འོང་།,i དང་ ii,ii དང་ iii,ལྕེ་འདི་ནང་ལུ་ ཁྱད་ཆོས་མ་འདྲཝ་ལེ་ཤ་ཅིག་རང་ འགྱུར་ཏེ་ཡོདཔ་ཨིན།,མེ་ཊ་ཕ་ཡེསི་གི་རྒྱབ་སྐྱོར་,c
hsc-botany-12-164,i. K^+ གི་སྲུང་སྐྱོབ་སྡེ་ཕྲན་ནང་འཛུལ་ནུག,འདི་ཡང་ ཀ་ལོརོ་པཱསི་ཊར་ལུ་བརྟེན་ཨིན་མས།,Chloroplasts གི་ནང་འཁོད་ལུ་ཡོད་པའི་ Thylacides,འབུབ་རྫས་,དེ་སྦེ་འབདཝ་ད་ལུ་ ཐབས་ཤེས་ག་ཅི་རང་ཨིན་རུང་ བཏོན་བཏངམ་མས་ཟེར་ ཞུ་ནི་ཨིན།,a
hsc-botany-12-165,༢། ཁམས་ཕྲན་ནང་ལུ་ CO_2 འབོར་ཆེ་ཏོག་ཏོ་སྦེ་ཡར་འཕར་འགྱོ་འོང་།,ཨེ་ཁུ་,དཀར་འབྲུ་,མཐའ་འཁོར་གྱི་ཚོར་སྣང་ལུ་ལན་མི་རྐྱབ།,ནད་འབུབ་,a
hsc-botany-12-166,གསུམ་པ་ H^+འདི་ སྲུང་སྐྱོབ་གློག་ཤུགས་ནང་ལས་ བཏོན་བཏངམ་ཨིན།,པི་རོཊི་ནེཊི་,ཚ་དྲོད་མར་ཁུ་,Streptococcus,འདི་ལུ་བལྟ་བ་ཅིན་ སྦ་སྒོར་འདི་ ལེགས་བཅོས་འབད་བཏུབ་ཨིན།,d
hsc-botany-12-167,འ་ནི་གྲལ་ལས་ ག་འདི་བདེན་པ་ཨིན་ན?,i དང་ ii,ii དང་ iii,གཱནཌི་ཡ་,Rhizobium,c
hsc-botany-12-168,ཀ་ལཝིན་གྱི་འཁོར་ལོ་བསྒྱུར་འདི་ ག་ཏེ་ལུ་བྱུང་ཡོདཔ་ཨིན་ན?,Azatabactor,Pseudomonas,ལི་སོ་ལི་སི་ཊིན་,འགྱུར་བཅོས་,d
hsc-botany-12-169,འོག་གི་ཤིང་རིགས་ག་འདི་ ཚ་དྲོད་མཐོ་དྲགས་ནང་ འོད་སྦྱོར་འབད་ཚུགས་ནི་ཨིན་ན?,སྦོམ་དང་ རླུང་མ་འཕུ་མི་ཚུ་ཨིན།,ཆུང་ཀུ་དང་ རླུང་མ་ཁོག་ཁོག་ཅན་ཨིན།,དར་ཚིལ་དམརཔོ་,གློག་ཤུགས་སྣུམ་འཁོར་,c
hsc-botany-12-170,ཊི་ཤུའི་གསོ་སྐྱོང་གི་དོན་ལུ་ གཞི་རྟེན་མ་དན་འདི་ནང་ལུ་ ག་འདི་དགོཔ་ཨིན་ན?,ཨ་པོ་པོ་ཊཱསི་,ནད་གཞི་འདི་ ནད་འབུབ་ལུ་བརྟེན་པའི་ནད་འབུབ་ཨིན།,UAG,ཚལ་ལུ་,d
hsc-botany-12-172,stimulus གི་གནས་རིམ་ R འདི་ག་དེ་སྦེ་འགྱོ་དོ་ཡོདཔ་ཨིན་ན?,ཇི་༡ གི་གནས་སྟངས་,ཇི་-༢གི་གནས་སྟངས་,i དང་ iii,UGA,c
hsc-botany-12-173,ཨ་པ་གདམ་ཁ་རྐྱབ་མི་ - ཨེན་ཊི་པི་ཨེཕ་སི་བཱའིན་ - ཨེཕ་བཱོསི་{R} - ཨེཕ་_༡ གི་བུ་རྒྱུད་,ཕྲང་ལམ་,མིང་བཏགས་ནི་,སྲོག་ཆགས་ཀྱི་པགས་པའི་ནང་ལུ་,"i, ii,དང་ iii",c
hsc-botany-12-174,"stimulus གི་ལཱ་གི་ཤུལ་ལུ་ ག་ཅི་ཐོབ་ནི་ཨིན་ན?""",ཨའི་གི་ཁྱད་ཆོས་ཡོད་པའི་རིགས་ཚུ་ཨིན།,ཐོན་སྐྱེད་ལེགས་ཤོམ་ཐོབ་མི་རིགས་ཚུ་ཨིན།,ལཱ་གཡོག་,mitochondrial matrixནང་ལུ་,b
hsc-botany-12-175,འ་ནི་ནང་ལས་ DNA ཝི་རཱསི་ག་འདི་ག་འདི་ཨིན་ན?,T_2,TMV,མཱལ་ཏོ་ཟ།,ཚལ་ལུ་,a
hsc-botany-12-176,རང་བཞིན་གྱི་སྲོག་ཆགས་ཀྱི་ ཕྲ་རིང་འདི་ རང་བཞིན་གྱི་སྲོག་ཆགས་ཀྱི་ ཕྲ་རིང་གི་ ཕྲ་རིང་གི་ ཕྲ་རིང་གི་ ཕྲ་རིང་གི་ ཕྲ་རིང་གི་ ཕྲ་རིང་གི་ ཕྲ་རིང་གི་ ཕྲ་རིང་གི་ ཕྲ་རིང་གི་,སློབ་དཔོན་,གློག་ཐག་ར་བ་,i དང་ iii,སུག་སྨན་,b
hsc-botany-12-177,རིས་བོ་སོམ་འདི་ནང་ལུ་ ဓာတုགྱི་རྒྱུ་རྫས་འདི་ག་ཅི་ཡོདཔ་ཨིན་ན?,DNA,ལི་པིཌ་,ཀལ་སི་ཊི་རི་ཌིཡམ་,"i, ii,དང་ iii",c
hsc-botany-12-178,འ་ནི་ཨེན་ཇེམ་འདི་ DNA ཕྲ་རྡུལ་ལུ་ ཕན་ཐོགས་ཡོདཔ་ཨིན་ན།,ཧེ་ལི་ཀེཇ་,མདའ་རྫས་,སྦོམ་སྦེ་དང་ རུས་ཚིགས་ལེ་ཤ་ཡོདཔ་ཨིན།,E. coli འདི་,a
hsc-botany-12-179,མཇུག་གི་ཨང་རྟགས་འདི་ ག་ལུ་མི་སྟོན་ནི་ཨིན་ན?,UAA,UAG,ནིའུ་ཊོརོཔ་སི་,སྦོམ་དང་ སྦ་སྒོར་གཅིག,d
hsc-botany-12-180,རང་བཞིན་གྱི་སྲོག་ཆགས་ཚུའི་ནང་ལུ་ ཌའི་ལོག་གི་ཨའི་མིན་ཨེ་སིཌ་ག་དེ་ཅིག་ཡོདཔ་ཨིན་ན?,30,25,མའོ་སིན་དང་ ན་ཡ་སིན་,ནེ་ཀོརསི་སི་,c
hsc-botany-12-181,ན་ཧིང་གི་ལོ་ནང་ ནད་འབུབ་ཐོབ་མི་ནདཔ་ཚུ་ལུ་ ནད་གཞི་དེ་ ག་དེ་ཅིག་གིས་ གནོད་སྐྱོན་རྐྱབ་ཡོདཔ་ཨིན་ན?,སཔོ་རོ་ཟེཊ་,ཝ་ཨོ་སིཊ་,ཨེསི་གི་གནས་སྟངས་,Actinདང་ Cytosine,c
hsc-botany-12-182,Cycas གི་གཟུགས་ངོ་མ་འདི་ ག་ཅི་བཟུམ་ཅིག་ཡོདཔ་ཨིན་ན?,གཱ་མེ་ཊོ་ཕིཊི་,སྣུམ་འཁོར་ནང་དྭངས་འཕྲོས་འཕྲོས་ལུས་མི་ཚུ་,སྨན་བཅོས་འབད་ཐངས་,ཨེམ་གི་གནས་རིམ་,b
hsc-botany-12-183,སྦ་སྒོར་དང་ སྦ་སྒོར་གྱི་རིགས་འདི་ ཤིང་སྣ་ག་ཏེ་ལུ་ཡོདཔ་ཨིན་ན?,དཀར་འབྲུ་,དཀར་འབྲུ་,ཧཱ་པཱལོཌ་གི་རིགས་ཚུ་,བེག་རྐྱབ་ནི་,c
hsc-botany-12-184,ཀ་རི་ཨོཔ་སི་ཤིང་འདི་ རིགས་ཚན་ག་ཏེ་གི་ཤིང་འབྲས་ཨིན་ན?,Malvaceae,ལི་ལི་ཡ་ཀཱཔ་,Falvi virus གི་ནད་འབུབ་,Polyploidy གི་རིགས་ཚུ་,c
hsc-botany-12-185,ཌའི་ལོག་འདི་ནང་ལུ་ ཌའི་ལོག་གི་ཨེན་ཊར་ཕཱོན་འདི་ཐོན་ནུག,མཚོན་ཆ་ཚུའི་ནང་ན་,ནད་འབུབ་ཐོབ་མི་ཀེན་སར་འདི་,མེ་ཊ་ཕེསི་,ཀོ་བིཌ་-༡༩,d
hsc-botany-12-186,ཤ་རུས་ཀྱི་གསོ་སྐྱོང་གི་ལཱ་གི་ཤུལ་ལུ་,i དང་ ii,ii དང་ iii,RNA འདི་,ཨ་ན་ཕ་ཇ་,d
hsc-botany-12-187,i. ནད་གཞི་མེད་པའི་ཤིང་གི་འདབ་མ་,ཀེར་ཐིག་གི་ DNA,ཆུང་ཤོས་ཀྱི་ རིགས་མཚན་འདི་འབག་འགྱོ་དོ་ཡོདཔ་ཨིན།,སྣུམ་འཁོར་གྱི་ཟད་འགྲོ་,ཚ་རིམས་ཚབས་ཆེན་,c
hsc-botany-12-188,༢། ཨ་ལུ་ཚུ་ལུ་ ཕན་ཐོགས་པའི་ཤིང་གི་ལྕངམ་ཚུ་,Bco Rl,ཧིན་ཌ་གསུམ་པ་,UGA,ཨི་སོ་མར་ཇེ,d
hsc-botany-12-189,གསུམ་པ་ དུས་ཚོད་དང་ས་སྒོ་ཉུང་སུ་ཅིག་ནང་ ཚོད་བསྲེ་མང་སུ་སྦེ་ཐོན་ནུག,2,3,20,ཨའུཇི་,a
hsc-botany-12-190,"འ་ནི་གྲལ་ལས་ ག་འདི་བདེན་པ་ཨིན་ན?""",i དང་ ii,i དང་ iii,ཝོ་ཀེན་ནེཊ་,15,c
hsc-botany-12-191,ལྡོག་ཕྱོགས་འགོ་ཁྲིདཔ་ཅིག་གིས་ སླབ་མིའི་ནང་ ནད་གཞི་དེ་ ནད་འབུབ་མེན་པའི་ ནད་འབུབ་ཅིག་ཨིནམ་སྦེ་ གསལ་སྟོན་འབདཝ་ཨིན་པས།,འགོ་ཐོག་ལུ་,ཀཱན་ཌེ་,ཐེ་ལོ་ཕིཊི་,ཟི་གཱོཊ་,a
hsc-botany-12-192,བཀག་འཛིན་གྱི་ཨེན་ไซམཱོན་འདི་མེན་པ་ཅིན་ ག་འདི་ཡོདཔ་ཨིན་ན?,8,12,ལན་སླབ་ནི་,བིརི་ཨོཕ་ཊིཀ་,b
hsc-botany-12-193,glycolysis ནང་ལུ་ གློག་རྡུལ་གཱལའུ་ཀོཟ་གཅིག་ལས་ གློག་རྡུལ་པི་རུ་བིག་ཨེ་སིཌ་ག་དེ་ཅིག་ཐོན་འོང་ག་,ངོ་མ་,ཤིང་གི་རྩ་བ་,Poaceae,གླངམོ་ཆེ་,b
hsc-botany-12-195,i. དེ་ཚུ་ གནས་སྐབས་ཀྱི་རྩ་བ་ལས་ཨིན།,8,12,ཀེན་སར་ཀེལ་འདི་,ཏིལ་ལི་ཨེས་ཨེག་,a
hsc-botany-12-196,༢། Nostocགིས་ གནོད་སྐྱོན་རྐྱབ་ཡོདཔ་ཨིན།,3,4,i དང་ iii,ནད་འབུབ་ཐོབ་མི་ ཁམས་ཕྲན་ནང་ལས་འཐོན་འོང་།,a
hsc-botany-12-197,གསུམ་པ་ སྦ་སྒོར་གཉིས་འབད་མི་ཁང་མིག་འདི་ ཁྱད་དུ་འཕགས་ཡོདཔ་ཨིན།,2,3,ཀླད་ཀོར་གཅིག་གིས་ DNA འབག་འགྱོ་འོང་།,"i, ii,དང་ iii",b
hsc-botany-12-198,འོག་ལུ་ཡོད་མི་ལས་ ག་འདི་བདེན་པ་ཨིན་ན་ཟེར་བ་ཅིན་,i དང་ ii,ii དང་ iii,Hpa-II,DNA ཌི་ཨེན་ཨའི་གཉིས་ལྡན་ཅིག་ འབག་འགྱོ་དོ་ཡོདཔ་ཨིན།,d
hsc-botany-12-199,སྔོ་ཚལ་གྱི་ཉམས་མྱོང་དང་ རིག་རྩལ་འདི་ ག་བཟུམ་ཅིག་ཡོདཔ་ཨིན་ན?,གཟུགས་ཁར་ཡོད་པའི་ཀོ་བའི་ཚིགས་ཕྲན་ཚུ་,ཡི་གུ་འབྲི་ནི་,4,All-Po,b
hsc-botany-12-200,ལེཔཊོ་སི་ཊི་རིག་གི་ཁྲག་ཁྲམ་དེ་ དཔེ་གཅིག་ཨིན།,Dracaena sp,Mangifera sp,ii དང་ iii,5,a
hsc-botany-12-201,འོད་སྦྱོར་འདི་ ག་བཟུམ་ཅིག་ནང་ ཕན་ཐོགས་ཅན་ཨིན་ན?,དམར་པོ་,དཀར་ཆག་,ཤོག་ལེབ་ནང་ལུ་,"i, ii,དང་ iii",a
hsc-botany-12-202,དེང་སང་གི་བསམ་འཆར་དང་འཁྲིལཝ་ད་ ཐབ་ཚངཔ་ཚུ་ སྒོ་ཕྱེ་ནི་དང་ སྒོ་བསྡམས་ནི་དེ་ གནད་དོན་ག་བཟུམ་ཅིག་ལུ་བརྟེན་ཏེ་ཨིན་ན?,i དང་ ii,ii དང་ iii,24,མེ་ཏོག་,c
hsc-botany-12-203,i. ཀ^+ ཨིན་པས།,ཀེ་རེབསི་གི་འཁོར་ལོ་,ཀ་ལཝིན་གྱི་འཁོར་ལོ་,ཤོག་ལེབ་,30,c
hsc-botany-12-204,༢། ཨོ་ལ་ཚྭ་,ཧེ་ཀོ་སའི་ནེསི་,གསོལ་རས་ཚུ་,14,མེ་ཏོག་,b
hsc-botany-12-205,གསུམ་པ་ མ་ལི་ཀཨེ་སིཌ་,Gnetum,སའི་ཀཱསི་,5,16,b
hsc-botany-12-206,འོག་ལུ་ཡོད་མི་ལས་ ག་འདི་བདེན་པ་ཨིན་ན་ཟེར་བ་ཅིན་,ཟུར་ཐིག་,དམིགས་བསལ་,4,6,b
hsc-botany-12-207,"Fructose 1, 6 bisphosphate \xleftrightarrow{P} 3 phosphoglyceraldehyde + dihydroxy acetone phosphate འདི་ཡང་ ཌི་ཧའི་ཌོ་ཀིསི་ཨེས་ཊོནཔ་ཊི་གི་ཨེས་ཊོནཔ་ཊི་གི་ཨེས་ཊོནཔ་ཊི་གི་ཨེས་ཊོནཔ་ཊི་གི་ཨེས་ཊོནཔ་ཊི་གི་ཨེས་ཊོནཔ་ཊི་གི་ཨེས་ཊོནཔ་ཊི་གི་ཨེས་ཊོནཔ་ཊི་གི་ཨེས་ཊོནཔ་ཊི་གི་ཨེས་ཊོནཔ་ཊི་གི་ཨེས་ཊོནཔ་ཊི་གི་ཨེས་ཊོཔ་ཊི་གི་ཨེས་ཊོཔ་ཊི་གི་ཨེས་ཊོཔ་ཊི་གི་ཨེས་ཊོཔ་ཊི་གི་ཨེས་ཊོཔ་ཊི་གི་ཨེས་ཊོཔ་ཊི་གི་ཨེས་ཊོཔ་ཊི་གི་ཨེས་ཊོཔ་ཊི་གི་ཨེས་ཊོཔ་ཊི་གི་ཨེས་ཊོཔ་ཊི་གི་ཨེས་ཊོཔ་ཊི་""",১০-২০%,৩০-৪০%,i དང་ iii,5,b
hsc-botany-12-208,འ་ནི་ནང་ལས་ stimulant གི་དོན་ལས་ ཇི་བཟུམ་ཅིག་འབད་དགོཔ་ཨིན་ན་ཟེར་བ་ཅིན་,ཀ་རི་ཨོ་ཀི་ནེས་སི་,མེ་ཊ་ཀི་ནེས་སི་,ལེན་ཏི་ཟཱེལ་,"i, ii,དང་ iii",c
hsc-botany-12-209,"Fructose 1, 6 bisphosphate \xleftrightarrow{P} 3 phosphoglyceraldehyde + dihydroxy acetone phosphate འདི་ཡང་ ཌི་ཧའི་ཌོ་ཀིསི་ཨེས་ཊོནཔ་ཊི་གི་ཨེས་ཊོནཔ་ཊི་གི་ཨེས་ཊོནཔ་ཊི་གི་ཨེས་ཊོནཔ་ཊི་གི་ཨེས་ཊོནཔ་ཊི་གི་ཨེས་ཊོནཔ་ཊི་གི་ཨེས་ཊོནཔ་ཊི་གི་ཨེས་ཊོནཔ་ཊི་གི་ཨེས་ཊོནཔ་ཊི་གི་ཨེས་ཊོནཔ་ཊི་གི་ཨེས་ཊོནཔ་ཊི་གི་ཨེས་ཊོཔ་ཊི་གི་ཨེས་ཊོཔ་ཊི་གི་ཨེས་ཊོཔ་ཊི་གི་ཨེས་ཊོཔ་ཊི་གི་ཨེས་ཊོཔ་ཊི་གི་ཨེས་ཊོཔ་ཊི་གི་ཨེས་ཊོཔ་ཊི་གི་ཨེས་ཊོཔ་ཊི་གི་ཨེས་ཊོཔ་ཊི་གི་ཨེས་ཊོཔ་ཊི་གི་ཨེས་ཊོཔ་ཊི་""",ལེཔ་ཏོ་ཊིན་,པ་ཀི་ཊིན་,Oryza sp,ཧའི་ཌ་ཐོཌ་,c
hsc-botany-12-210,ཌི་སི་གི་ཚོང་འབྲེལ་ནང་ བཅའ་མར་གཏོགས་མི་ P གི་མིང་ག་ཅི་ཡོདཔ་སྨོ་ཟེར་,i དང་ ii,i དང་ iii,དམར་ཁུ་,Triticum sp,c
hsc-botany-12-213,གཤག་ཕྲ་ཚིགས་ཀྱི་དུས་ཡུན་ G-1 ནང་ལུ་ དུས་ཡུན་ 10 གི་རིང་ལུ་,སློབ་དཔོན་,མེ་ཊ་ཕེསི་,i དང་ iii,དཀར་མདོག་དམརཔོ་,b
hsc-botany-12-214,ས་ཁུག་ནང་གི་སྲོག་ཆགས་ཀྱི་ཧྲིལ་བུམ་ (cytoplasm) འདི་ག་ཨིནམ་སྦེ་སླབ་ནི་ཨིན་ན?,i དང་ ii,མེ་ཊ་ཕ་ཡེསི་གི་རྒྱབ་སྐྱོར་,གཱ་ལི་ཀོ་ལའི་སི་,"i, ii,དང་ iii",b
hsc-botany-12-215,ཌའི་ལོག་འདི་ ག་ཅི་ལུ་བརྟེན་བྱུང་ཡོདཔ་ཨིན་ན?,མོ་ཤི་ལུ་,i དང་ iii,ཌའི་ཧའི་ཌོ་ཇེ་ནེསི་,Hatch-Slack གི་འཁོར་ལོ་བརྒྱུད།,c
hsc-botany-12-217,i. འདི་གིས་ ཛའི་གཱོཊ་འདི་ སྐྱེ་ལྡན་སྐྱེ་བུ་ལུ་འགྱུར་ནུག,i དང་ ii,དཀར་འབྲུ་,པི་ནཱསི་,ནད་གཞི་འདི་ བཏུབ་ནི་,b
hsc-botany-12-218,༢། འདི་གིས་ སྐྱེ་བའི་སྲོག་ཆགས་ཚུ་ བཟོ་དོ་ཡོདཔ་ཨིན།,Oryza sativa ཟེར་མི་འདི་ཨིན།,i དང་ iii,གླུ་གཞས་,ཨེ་ཕི་ཌར་,b
hsc-botany-12-219,གསུམ་པ་ འདི་ཡར་རྒྱས་གཏང་ནི་ལུ་ཕན་ཐོགས་ཡོདཔ་ཨིན།,པེ་ལི་ཊིན་,Triticum aestivum,৩০-৫০%,མཐའ་ཟུར་གྱི་,d
hsc-botany-12-220,འ་ནི་ཚུ་ལས་ག་འདི་བདེན་པ་ཨིན་ན?,ཁམས་ལོག་སི་སི་གི་རུས་ཚིགས་,སྐུད་པ་,སི་ཊོ་ཀི་ནེས་སི་,৯০-৯৫%,a
hsc-botany-12-221,དབྱར་རྩྭ་དགུན་འབུབ་མ་ཐོན་པའི་ཧེ་མ་ ལོ་ཐོག་ག་ཏེ་ལུ་ འཛུགས་སྐྱོང་འབདཝ་ཨིན་ན?,ཨཱར་ཡཱན་,ཐ་སྙད་དུམ་གྲ་ཅིག་,ཟི་གཱོ་ཏིན་,ནང་འཁོད་ལས་བྱུང་བའི་ལཱ་,c
hsc-botany-12-222,ཇི་བཱལ་བེ་ལར་ཟེར་མི་ ཇི་བཱལ་བེ་ལར་འདི་ ཤིང་གི་རིགས་གཅིག་ཨིན་མས།,ནིཊི་རོཇེན་,ཕྱོགས་གཉིས་པ་,ii དང་ iii,ཌིཔ་ལོཊིན་,a
hsc-botany-12-224,i. ཨར་ཀི་གོ་ནི་ཨུམ་འདི་མཐོང་ནུག,དབུགས་འགུགས་ནི་,སི་ཊི་རི་ཀཨེ་སིཌ་,ygotin \rightarrow ལེཔ་ཏོཊིན་ \rightarrow,"i, ii,དང་ iii",b
hsc-botany-12-225,༢། ལོ་ཐོག་གི་དབྱིབས་འདི་ སྣུམ་འཁོར་གསུམ་སྦེ་བཟོ་ནུག,i དང་ ii,དབུགས་འགམ་ནི་,པེ་ཀིཊི་ནི (rightarrow) ནི་ ཌི་པེ་ཀིཊི་ནི (rightarrow) ཨིན་པིན་ཨིན།,ལེཔཊོཊིན་ \rightarrow ཟི་གོཊིན་ \rightarrow,a
hsc-botany-12-226,གསུམ་པ་ སོན་འདི་ཡར་སྐྱེས་ནུག,མར་ཁ་ཐུག་བལྟ་ནི་,i དང་ iii,ཨ་ནེཕ་ཇ་,པེ་ཀིཊི་ནི (rightarrow) ནི་ ཌི་པེ་ཀིཊི་ནི (rightarrow) ཨིན་པིན་ཨིན།,a
hsc-botany-12-227,འོག་ལུ་ཡོད་མི་ལས་ ག་འདི་བདེན་པ་ཨིན་ན་ཟེར་བ་ཅིན་,ཨཔ་གཱམ་,ཡར་ཁ་ཐུག་ལུ་,ཨ་ནེཕ་ཇ་,གློག་ཐག་ར་བ་,b
hsc-botany-12-228,དཀར་གྱི་མིང་ཚན་རིག་གི་མིང་འདི་ག་ཅི་ཡོདཔ་?,ལོ་ཐོག་ཚུ་,སཱིན་ག་མི་,ii དང་ iii,གློག་ཐག་ར་བ་,d
hsc-botany-12-229,ཐ་ན་ ཐ་ན་ ཐ་ན་ ཐ་ན་ ཐ་ན་ ཐ་ན་ ཐ་ན་ ཐ་ན་,ཨིན་ཊར་ཀི་ནེས་སི་,ཤིང་འབྲས་,གཟུགས་ཀྱི་བོན་འདི་,"i, ii,དང་ iii",c
hsc-botany-12-230,ཤིང་གི་རྩ་བ་དང་ ཤིང་གི་ཐིང་ཏོ་གི་ཐིང་ཏོ་འདི་ག་ཏེ་ཡོདཔ་ཨིན་ན?,པྲོཊོ་ཌར་མ,མེ་ཊ་ཀི་ནེས་སི་,ཀོར་པཱསི་,ནད་འབུབ་སྨན་རིགས་ནང་,a
hsc-botany-12-231,དབྱེ་བ་ཕྱེ་མི་ནགས་ཚལ་འདི་ནང་ལུ་ ཁྲག་ཤུགས་ཀྱི་འཁོར་ལོ་འདི་ ག་བཟུམ་ཅིག་ཡོདཔ་ཨིན་ན?,དཀར་མདོག་དམརཔོ་,པྲོ་ཀཱམ་བི་ཡམ་,ii དང་ iii,རྦ་རླབས་,d
hsc-botany-12-232,སོན་འདི་ ས་གཞི་ལུ་འགྱུར་ནི་གི་དོན་ལས་ ག་ཅི་འབད་དགོཔ་ཨིན་ན?,སི་པོ་རོཕི་ལཱསི་,དམར་པོ་,Zea mays ཟེར་མི་འདི་,"i, ii,དང་ iii",b
hsc-botany-12-233,ཀེ་རེབསི་གི་འཁོར་ལོའི་ནང་ ཚོང་མགྲོན་པ་ག་ཨིན་ན་?,བཏོན་གཏང་,ཨ་ལོ་ཆགས་སའི་ས་སྒོ་,ཚིག་ཡིག་,Bambusa tulda,c
hsc-botany-12-234,"C_{6}H_{12}O_{6} \longrightarrow 2C_{2}H_{5}OH + 2CO_{2} ཕྲང་ཕྲང་ཕྲང་ཕྲང་ཕྲང་ཕྲང་ཕྲང་ཕྲང་ཕྲང་ཕྲང་ཕྲང་ཕྲང་ཕྲང་ཕྲང་ཕྲང་ཕྲང་ཕྲང་ཕྲང་ཕྲང་ཕྲང་ཕྲང་ཕྲང་ཕྲང་ཕྲང་ཕྲང་ཕྲང་ཕྲང་ཕྲང་ཕྲང་ཕྲང་ཕྲང་ཕྲང་ཕྲང་ཕྲང་ཕྲང་ཕྲང་ཕྲང་ཕྲང་ཕྲང་ཕྲང་ཕྲང་ཕྲང་ཕྲང་ཕྲང་ཕྲང་ཕྲང་ཕྲང་ཕྲང་ཕྲང་ཕྲང་ཕྲང་ཕྲང་ཕྲང་ཕྲང་ཕྲང་ཕྲང་ཕྲང་ཕྲང་ཕྲང་ཕྲང་ཕྲང་ཕྲང་ཕྲང་ཕྲང་ཕྲང་ཕྲང་ཕྲང་ཕྲང་ཕྲང་ཕྲང་ཕྲང་ཕྲང་ཕྲང་ཕྲང་ཕྲང་ཕྲང་ཕྲང་ཕྲང་ཕྲང་ཕྲང་ཕྲང་ཕྲང་ཕྲང་ཕྲང་ཕྲང་ཕྲང་ཕྲང་ཕྲང་ཕྲང་ཕྲང་ཕྲང་ཕྲང་ཕྲང་ཕྲང་ཕྲང་ཕྲང་ཕྲང་ཕྲང་ཕྲང་ཕྲང་ཕྲང་ཕྲང་ཕྲང་ཕྲང་ཕྲང་ཕྲང་ཕྲང་
འ་ནི་གནས་སྟངས་འདི་ སྐྱེ་ལྡན་རིག་པ་ནང་ལུ་ ག་དེ་སྦེ་འགྱོ་དོ་ག་?
C_{6}H_{12}O_{6} \longrightarrow 2C_{2}H_{5}OH + 2CO_{2} ཕྲང་ཕྲང་ཕྲང་ཕྲང་ཕྲང་ཕྲང་ཕྲང་ཕྲང་ཕྲང་ཕྲང་ཕྲང་ཕྲང་ཕྲང་ཕྲང་ཕྲང་ཕྲང་ཕྲང་ཕྲང་ཕྲང་ཕྲང་ཕྲང་ཕྲང་ཕྲང་ཕྲང་ཕྲང་ཕྲང་ཕྲང་ཕྲང་ཕྲང་ཕྲང་ཕྲང་ཕྲང་ཕྲང་ཕྲང་ཕྲང་ཕྲང་ཕྲང་ཕྲང་ཕྲང་ཕྲང་ཕྲང་ཕྲང་ཕྲང་ཕྲང་ཕྲང་ཕྲང་ཕྲང་ཕྲང་ཕྲང་ཕྲང་ཕྲང་ཕྲང་ཕྲང་ཕྲང་ཕྲང་ཕྲང་ཕྲང་ཕྲང་ཕྲང་ཕྲང་ཕྲང་ཕྲང་ཕྲང་ཕྲང་ཕྲང་ཕྲང་ཕྲང་ཕྲང་ཕྲང་ཕྲང་ཕྲང་ཕྲང་ཕྲང་ཕྲང་ཕྲང་""",ལེཔ་ཏོ་ཊིན་,བཱཌིསི་,རིམ་པ་ཅན་གྱི་ཚིགས་ཏོ་,ཌའི་ལོག་,c
hsc-botany-12-235,གོང་གི་བཀོད་རྒྱ་འདི་,ཇའི་མཱེཇ་,ཟི་གཱོ་ཏིན་,ཕྱོགས་གཅིག་ཁ་ཐུག་,ཁམས་ལོག་སི་སི་བཟོ་མི་ཚིགས་ཚུ་,a
hsc-botany-12-236,i. 2ATP བཟོ་དོ་ཡོདཔ་ཨིན།,གཟུགས་ཁམས་ཀྱི་གཟུགས་ཁར་ཡོད་མི་ ཁམས་ཕྲན་ཚུ་གིས་ གཟུགས་ཁམས་འཕྲོད་བསྟེན་ལུ་ ཐོ་ཕོགཔ་ཨིན་མས།,ཀའི་ནེཇ་,ནད་འབུབ་དང་ ནད་འབུབ་གཞན་ཚུ་,ཆུ་ལྟེ་བའི་གནས་སྟངས་,d
hsc-botany-12-237,༢། ཕྲ་སྲིན་ཚུ་གིས་ ནུས་ཤུགས་བཟོ་དོ་ཡོདཔ་མས།,ཨེ་མ་,Xylem དང་ phloem འདི་ ཟས་བཅུད་ཀྱི་རིགས་ཨིན།,Fumaric Acid འདི་ ཀླད་ཀོར་གྱི་ཨེན་སི་ཊི་ཨིན་,ཀ་བཱོན་,b
hsc-botany-12-238,གསུམ་པ་ Mitochondria འདི་ནང་ལུ་བྱུང་ནུག,ཁ་ཕྱེ་,ཀོ་རེནཊི་,ཀེལ་བཱིན་གྱི་འཁོར་ལོ་,མ་ལི་ཀཨེ་སིཌ་,c
hsc-botany-12-239,འོག་ལུ་ཡོད་མི་ལས་ ག་འདི་བདེན་པ་ཨིན་ན་ཟེར་བ་ཅིན་,i དང་ ii,ཝཱལབཱཊི་,ii དང་ iii,ཧེཆི་དང་ཨ་ལཱན་ཅི་གི་འཁོར་ལོ་,d
hsc-botany-12-240,སྔོ་ཚལ་མང་ཤོས་ཅིག་གིས་ ཨོམ་ག་བཟུམ་ཅིག་བཙུགས་ནི་ཡོདཔ་ཨིན་ན?,3,i དང་ iii,ཀེར་ཐིག་,"i, ii,དང་ iii",c
hsc-botany-12-241,ཨོམ་དང་པགས་ཚལ་གྱི་སྒོ་ང་ཚུ་ གཅིག་ཁར་བསྡོམ་པ་ཅིན་ འདི་ག་དེ་སྦེ་སླབ་ནི་ཨིན་ན?,མེ་ག་སོརཔོ་རོལི,4,གཉེན་རྐྱབ་ནི་གི་ཐབས་ཤེས་རྫུས་མ་,ཕྱོགས་གཅིག་ཁ་ཐུག་འབད་མི་,a
hsc-botany-12-242,ཨོམ་འདི་བཙགས་ཚར་བའི་ཤུལ་ལུ་ ག་དེ་སྦེ་འགྱོ་འགྱོཝ་ཨིན་ན?,གཱ་ལི་ཀོ་ལིསི་,ཕྲ་རགས་ཆུང་ཆུང་ཚུ་,སོན་ཚུ་,ཕོ་རྒྱ་དང་ཨམ་སྲུ་བར་ན་གི་གཉེན་རྐྱབ་ནི་,d
hsc-botany-12-243,ནིའུ་ཀཱསི་འདི་ ག་དེ་སྦེ་རང་བགོ་བཤའ་རྐྱབ་འགྱོཝ་ཨིན་ན?,པཱར་ཏེ་ནོ་ཇེ་ནེས་སི་,ཨེས་ཊི་ཊི་ལཱསི་ཀོཔ་ལུ་,ཀ་རི་ཨོ་ཀི་ནེས་སི་,སྐྱེ་བའི་ཨ་ལོ་འདི་,d
hsc-botany-12-244,གཟུགས་ཀྱི་མཐའ་བསྐོར་གྱི་པགས་པ་འདི་ ག་ཅི་ལུ་བརྟེན་ཏེ་ འབྱུང་དོ་ཡོདཔ་ཨིན་ན?,ཕར་གེ་རན་ལུ་,འདོད་ཆགས་ཀྱི་ཐོག་ལས་སྐྱེ་སྐྱོན།,Ground Maristeme འདི་ རྒྱ་མཚོའི་མཐའ་མ་ལུ་ཆགས་ཏེ་ཡོདཔ་ཨིན།,སི་ཊོ་ཀི་ནེས་སི་,d
hsc-botany-12-245,ཉིན་མ་ལུ་འོད་ཟེར་གྱི་ཁྱབ་ཚད་ཀྱི་ཆ་ཤས་ག་དེ་ཅིག་གིས་ གཟུགས་ཁམས་སྲུང་སྐྱོབ་ཀྱི་གློག་ཤུགས་ཐོབ་ཚུགསཔ་ཨིན་ན?,ཨེན་ཟ་མི་གི་འགན་ཁུར་མེན།,ཕོ་མོའི་ནང་འཁོད་ལུ་,དཀར་ཆག་,རྒྱང་མཐོང་གི་བར་ནའི་ས་སྒོ་,b
hsc-botany-12-246,སྐྱེ་ལྡན་སོན་མེད་པའི་ སྔོ་ཚལ་འདི་ནང་ལས་ ག་འདི་འབྱང་ཡོདཔ་ཨིན་ན?,པྲ་མཱེ་ཊ་ཕ་ཡེསི་,དབུགས་གཏོང་ལེན་ཡར་འཕར་འགྱོ་དོ་ཡོདཔ་ཨིན།,ཨོམ་ཕུད་,དཀར་ཆག་,c
hsc-botany-12-247,"stock དང་ ""chemistry"" ཟེར་མི་ཚིག་གཉིས་ཆ་ར་ ག་ལུ་ལག་ལེན་འཐབ་ཡོདཔ་ཨིན་ན?",Ulothrix,མེ་ཊ་ཕེསི་,གིརིཕ་ཊི་ནི་,ལོ་ཐོག་ཚུ་,a
hsc-botany-12-248,མེ་རླུང་གེསི་གི་ས་སྒོ་འདི་ སྦྲགས་སྦྲགས་འབད་ཡོདཔ་དང་ འདི་ཡང་ སྦྲགས་སྦྲགས་འབད་མ་ཚུགསཔ་ཨིན།,i དང་ ii,Pteris,པ་ཀི་ཊིན་,ཐབ་ཚད།,b
hsc-botany-12-249,ཚོད་བསྲེ་བཙོ་ནི་གི་ལཱ་ལུ་ ཤུགས་ཆེ་བའི་ ཨེན་ཇིམ་འདི་ག་ཅི་ཡོདཔ་ཨིན་ན?,ནད་གཞི་སྐྱེ་ནི་,i དང་ iii,ཨི་སོ་མར་ཇེ,ཌའི་ཀ་ནེས་སི་,d
hsc-botany-12-250,འ་ནི་གྲལ་ལས་ ག་འདི་བདེན་པ་ཨིན་ན?,ཧཱ་པཱལོཌ་,ནེ་ཀོརསི་སི་,རྩ་བའི་མཐའ་མ་འདི་ ཤ་པགས་ཀྱི་མཐའ་མ་ཨིན།,ཧའི་ཌོ་ཇེ་ནེསི་,a
hsc-botany-12-251,འ་ནི་གྲལ་ལས་ C_4 ཤིང་ཆས་འདི་ག་ཏེ་ཡོདཔ་ཨིན་ན?,ཨོཝཱསི་ \rightarrow ཨེཕ་ཡུལམོ་ \rightarrow ཨེཕ་ཡུལམོ་ \rightarrow ཨེཕ་ཡུལམོ་ \rightarrow ཨེཕ་ཡུལམོ་,བཏོན་གཏང་,ལགཔ་གི་ཚིགས་,གཟུགས་ཀྱི་དབྱིབས་འདི་ ཇི་ལེམ (Xylem) ཨིནམ་དང་ འདི་ཡང་ ཨེན་ཌར་ཀ (Endark) ཨིན།,c
hsc-botany-12-252,ལྡུམ་ར་འདི་ནང་ལུ་ མེ་ཏོག་གི་སྡེ་ཚན་ག་འདི་ཡོདཔ་ཨིན་ན?,ཤིང་འབྲས་,ཨོམ་འདི་ ཨར་ཀི་གོ་ནི་ཨུམ་འདི་ ཨོམ་འདི་ ཨོམ་འདི་ཨིན།,བསྒྱུར་བཅོས་འབདཝ་ཨིན།,དཀར་འབྲུ་,a
hsc-botany-12-253,ལྕགས་རིགས་ཀྱི་རྩ་བ་ལུ་ ཀླད་ཀོར་༦་ལས་ལྷག་སྟེ་ཡོདཔ་ཨིན་,i དང་ ii,ཡར་སེང་འགྱོ་ནུག,ii དང་ iii,ཨེམ་བིརི་ཀེཊ་,d
hsc-botany-12-254,i. ཀུ་ཤུ་,པྲོམོ་རི་སི་ཊེམ་,i དང་ iii,5,"i, ii,དང་ iii",b
hsc-botany-12-255,༢། ཀོ་རེནཊི་,མཆིན་པ་ཁོག་ཁོག་,ཟས་བཅུད་དང་འབྲེལ་བའི་ཚིགས་ཏོ་ཚུ།,ཨིསི་ཊོ་བི་ལཱསི་,6,b
hsc-botany-12-256,གསུམ་པ་ ཀ་ལབ་ཏི།,ཕོསི་ཕོརསི་ཊི་ལཱསི་,ཏྲི་ཀོམ,ཀེ་རེབསི་གི་འཁོར་ལོ་,ཀོ་རཱལ་ཨེ་ཌ་གི་རྩ་བ་,b
hsc-botany-12-257,འོག་གི་ལོ་རྒྱུས་ཚུ་ལས་ག་འདི་བདེན་པ་ཨིན་ན་?,i དང་ ii,གློག་རིག་གི་ཐོག་ལས་ དབུགས་འགུགས་གཏང་ནི་,གཟུགས་ཀྱི་ཡན་ལག་ཚུ་སྐྱེ་ནི་,"i, ii,དང་ iii",d